제목,본문,댓글
전자 발찌 차고 또 성폭행jpg,전자 목걸이로 바꾸고 훼손하면 폭파되는 걸로 바꿔야겠네요,폭파되면 주변에 있는 누군가는 다칠 수도 있으니 성범죄자는 그냥 거세 시켜버리는 걸로 님 목을 조이는 타입으로 만들면 됩니다님 국수부위 폭발로 하면 되죠 착용 인원의 특정 부위만 폭발로 손상케 디자인하면 가해자의 이동성 상실 피해자 보호 가해자 생명보존 및 피해 범위 최소화 달성이 가능하다 봅니다 탁상공론으로 분명 가해자에게 예기지 못한 사고가 발생 할 가능성으로 기 본권 침해니 뭐니 따지는 부류가 분명 있을 게 피곤하겠지만 화약량 상한선을 두고 사고가 날 경우 국가에서 보험을 들어주는 식으로 해결하면 될 거 같아 요배틀로얄 처럼 강제로 끊거나 반경에서 벗어나면 터트리는 기술의 도입이 시급하네요성 범죄자 새끼들을 왜 이 리 봐주는지 이 해가 안갑니다님 자기들이 하니깐요님 김학의 님 님 높으신 분들이 많이들 하시는 사기 성범죄 마 약 음주운전 등 청탁이 올 때를 대비해서 솜방망이 판례를 많이 만들어 놔야 되거든요 찡긋님 우와 현자시여 이런 거는 그냥 짤라버리고 전방에서 노역이나 평생시키는 게 좆지로 바꾸고 서면 터지게 개량 낭창이님 그럼 아침에 죽는 사람들이 그냥 잘라버리죠 상습범은 그냥 눈을 뽑아버려야 합니다 뵈는 게 없어야 죄를 안 짓지 그냥 형기를 늘려야죠 바깥 세상의 공기를 마실 수 없도록 거 기에 대한 세금은 어쩔 수 없이 내야 하는 거고요 전자발찌 납품 관련 관계가 있다고 봅니다엄청난 이 득을 보고 있겠죠 그냥 물리적 거세와 화학적 거세를 동시에 시술해서 다시는 동일 범죄를 못 저지르게 해야 합니다 전자발찌는 범행 예방 도구라기보다는 관리도구죠 그게 있으면 범행을 저질렀을 때 걸릴 수 있으니 스스로 자제하도록 하기 위한 도구 대부분의 범죄자는 그걸로 해결  됩니다 그 전자발찌 차고서도 범죄를 저지르는 놈들이 있어서 그렇죠 개 목줄에 쇠 사슬을 채워놔도 절단기로 끊고 나가 강간할 놈은 강간합니다 감옥에 쳐 넣어놓는 거 말곤 범죄를 예방하는 건 어렵죠님 문제는 성범죄는 재범율이 상당히 높다는 거죠 정신적 문제랑 복합적으로 연결된 경우가 많고요현실에 맞는 처벌을 내려야 합니다 관리도 안 되는 전자 발찌는 저런 놈들에겐  그냥 웃긴 거 아닐까 요님 사실 전자발찌는 재범 시 빨리 잡는 게 목적입니다 달려 옹님 재발 방지가 목적이 아니라면 피해자들의 망가진 삶과 인생이 너무 불쌍할 뿐이네요다른 처벌로 막을 수 있었던 그 책임은 누가 진답니까 님 사실 종신형 말고는 방법이 없습니다 거세 이야기 하시는 분들이 많은데 제가 알기로 성범죄는 성욕보다는 지 배욕 충족에 더 가까운 걸로 알고 있습니다  거세하면 도구를 써서라도 재범할 껍니다 예시로 이영학씨의 범죄를 보면 발기가 되지 않자 아내를 도구로 괴롭히고 아내 몸에 문신을 새겨 자기 지배 하에 있음을 과시했습니다 그렇다고 성범죄자들을 전부 종신형을 할 수 앖으니 전자발찌라도 채워서 풀어두는 거죠 거세가 답이 죠 물리적 거세 이후 화학적 약물도 같이 처리해서 아예 성욕 자체를 차단해야죠 성범죄는 재범율이  매우 높죠 죽거나 잘리기 전엔 못 고친다고 봐야죠 우리 인류사회에 징역형 외 더 강력한 형벌이 필요해요 애초에 꺼내놓음 안 될 건데 물리적 거세 후 출소 이거 말곤 답 없어 보임 영화 개모걸이처럼 얼마 전 본 영상인데 사회적으로 일 정부분 제약과 고립을 시키는 것도 필요해 보입니다 잘라버리는 게 답일지도 전자발찌보다 거세 또는 칩을 심는 것이 아니면 얼굴에 낙인을 새기는 것도 나쁘 지 않다고 봅니다 잘라도 안 됩니다 그냥 사형 시켜야 해요 저런 거 볼 때마다 전자발찌는 훼손 가능성이 있어서 안 된다고 생각이 들어 요 차라리 중 범죄자나 재범에 해 당하면 이 마랑 볼 따구에 문신을 새겨서 멀리서도 잘 보이게 하고 년 지나면 지워주는 걸로 물리적 화학적 거세가 비인간적이고 재범을 하지 않을 진짜 갱생된 자들에게도 가혹한 인권 유린이라면 유전공학 나노기술로 해결  안 될까요 몸에 염색체가 닿으면 뇌의 혈관을 점점 조여서 기절하게 만든다던가 타인의 여성 호르몬이 닿으면 알을 터뜨려 버린다거나 최소한 자위만으로 해결하며 살 수는 있을 태니까 좀 나아 보이는데요 이런 애들은 성불구 만들고 죽을 때까지 강제 노역 시켜야 됩니다 전자발찌까지 채워놓고 왜 관리가 안 될까 요목걸이 큰 거 걸어 주면 안 되나요 담당 경찰 징계해야 이런 일이 없을 겁니 다강간범은 일단 잡히면 자르고 시작해야 합니다 전자 발찌 말고 그냥 발을 잘라 요 우리나라는 법이 피해자를 보호해주는 게 아니라 가해자를 보호해 주죠 인권 단체도 그렇고요 망자는 안 중에도 없고 망자를 살해한 살인자는 인권위에 의해 인권이 보호되죠
정신과 5년 사용기 큐시미아 6개월 콘서타 4개월 사용기 포함,조금 호흡이 긴 글입니다 원하시는 부분만 발췌해서 보셔도 좋으실 거 같습니다 정신과에 왜 갔니 고등학교 학년 저는 방송부에 합격했습니다 그런데 담임 선생님이 아침 조회 때 빠지게 할 수 없다고 저를 강제로 탈퇴시켰습니다 그 뒤로도 저는 그 선생님에게 악감정이 쌓였고 반티 반 단합 티셔츠를 고르다가 종례시간에 선생님께 욕설을 포함한 비방을 좀 심하게 하고  교무실에 가서 노트북을 얼굴에 던지려다가 랜 케이블에 막혔습니다 결국 그 일로 선도위원회를 갔고 그나마 저를 좋게 봐주셨던 과학 선생님이 설득을 많이 하시고 저희 아버지가 어떤 말씀을 하셔서 사회봉사 일로 마무리 지어졌습니다 이떄 일에 대해서는 억울하건 제가 잘못했건 할 말이 많지만 그냥 넘어가겠습니다 그래서 이런 일을 겪은 저는 정신과를 가야겠다고 부모님께  이야기 했고 부모님은 수락을 하셨습니다 어느 병원에 갔나 동네에서 조금 큰 병원에 갔습니다 의 원급인데 의사가 명 있고 상담센터도 딸려 있는 병원이었습니다 대학병원도 고려해 봤지만 오히려 진료도 짧게 하고 저한테 관심이 없는 느낌이라 다시 로컬로 돌아왔습니다 정신과에서 좋아진 게 있나 고등학교 재학 시절에는 현상 유지가 최선이었습니다 자퇴하겠다고도 했고 돈을 안  갚은 친구에게 내용증명을 학교로 보내기도 하고 정말 어디로 튈지 모르는 행동을 계속 해왔습니다 지금 의 사 선생님의 평으로는 이렇게 가 다가는 성인되서도 큰일 날 텐데 하셨습니다 대학교 학년 시절에는 패닉의 연속이었습니다 더 이상 제가 사회의 안전망에 있지 않았고 제 성적은 수직 하락을 했습니다 상담치료를 병행했었는데 원래 주회인 상담치료를 회 심하게는 회까지 받고 리보 트릴 신경 안정제 도 늘어갔습니다 중간에는 약물 과다 복용으로 응급실도 들어갔고 그때 보호병동 입원도 권유받았지만 부모님이 거부하셨습니다 결국 대학교를 자퇴를 하고 수능을 가볍게 봐서 집 가까운 전문대를 다시 갔습니다 하지만 성적은 오르지 않았습니다단적으로 누구나 받는다는 국가장학금도 못 받을 정도였습니다 너무 제 자신이 부끄럽고 해결되는 게 없는 느낌이었습니다 그리고 휴학을 하고 콘서 타랑 큐시미아를 처방 받아서 먹었고 저는 적어도 주변 사람들이 보기에는 엄청 좋아졌다고 보는 것 같습니다 특히 어머니 아버지가 웃는 모습이 초등학생처럼 밝아졌고 방에만 처 박혀 있지 않는다고 엄청 좋아하셨습니다 하지만 화요일 저는 가까운 강의 다리에서 투신을 했고 결과적으론 살아남았습니다 높이가 부족했던 걸까 요중 환자실에서 일 일반실에서 일 을 있었는데 부모님은 잘 살던 제가 도대체 왜 갑자기 투신을 했는지 이해를 못 하시는 분위기셨습니다 약물은 어떤가요 맞는 약물을 찾아야 합니다 제가 장기 복용한 거로는 부 프로피온과 에스시탈로프람 데스벤라팍 신이 있는데 데스벤라팍 신이 현재 복용 중이고 사실 항우울 효과는 잘 모르겠습니다 콘서타랑 같이 들어갔거든요 부 프로피온은 저의 화병을 고쳐주는데 도움이 되었습니다  고등학교 시절 저는 누가 터치만 하면 뭐든 뒤집어 엎는 성격이었습니다 하지만 중간에 의사분이 이건 일반적인 우울증이나 행동장애가 아닌 걸 간파하고 적대적 반항장애로 판단하고 부 프로피온을 처방해주셨고 저는 그걸 먹고 어떻게 고등학교는 졸업할 수 있었습니다에 스시탈로프람도 솔직히 잘 모르겠습니다 그 약을 먹으면서 우울하진 않았으나 너무나도 불안했어요 여기엔 안 써 놨지만 아리피 프라졸은 만능입니다 적어도 제 생각으로는 다만 고용량을 복용하면 성적 문제나 피곤한 문제가 있습니다 병명은 심리평과 결과지를 보면 망상 장애와 불안 우울 혼합장애로 나와 있습니다 미성년 시절엔 식으로 애매하게 표시해줬는데 군대 때문에 정확히 진단받게 되었습니다 지능은 고등학교 시절엔 웩슬러 기준 이었는데 이제는 로 떨어졌습니다 이와는  별개로 항상 아스퍼거 증후군이 의심된다고 적혀 있긴 했습니다 집중력도 낮다고 적혀 있고요 치료비는 저는 건강보험 보장성 확대의 혜택을 많이 봤습니다 망상 장애 코드로 산정 특례를 적용받아서 진찰비 약값 모두 만 부담합니다 대략 진료비 천원 약값 만원 주 분량 이 들어갑니다 하지만 당연히 급여 항목 한정이고 이번 자살 시도 때는 산정 특례가 적용되지 않아서 약간 기준이 의 문이었습니다 산정특례 받기 전에는 약값 만원 진료비 만원 정도가 나왔습니다 항우울 정신병제가 도움이 되나요 확실히 말씀 드리면 먹기 전에는 아 내가 우울하고 미쳤나 봐 저 사람 찌르고 싶어 에서 먹은 후에는 와 나는 우울하고 뭔가 안 될 거 같아 하지만 내 일이니까 저 사람을 찌르고 싶어도 해선 안 되는 거지 싶은 느낌으로 바뀝니다 이게 치료라고 하면 치료 고 완화라고 하면 완화인데  그렇다고 약을 끊는다고 바로 원상 복귀 되거나 하진 않습니다 콘서 타 어 때 요저는 을 먹는데 아이러니하게 집중력이 아니라 제가 주변인들과의 관계를 개선하고 가족관계를 개선하는 데 도움이 되었습니다 원래 크게 말했었는데 말의 볼륨도 낮아지고 부드럽게 말을 하고 일찍 자고 일찍 일어나니 생활 패턴이 개선된 것 처럼 보인다고 하고 초등학교 시절처럼 웃고 걱정이 없고 밝아보 인다고 합니다 저는 전혀 그렇게 생각 안 하는데 주변인은 모두 그렇게 생각합니다 저는 콘서타를 먹어서 뭔가가 나아진 건 없다고 생각합니다 그런데 주변인은 전부 콘서타 진작 먹지 왜 안 먹었냐고 뭐라고 합니다 큐시 미아 어 때 요느리지만 확실히 효과 있습니다 에서 까지 개월 만에 약 복용만으로 빠졌습니다 물론 약 먹고 먹고 싶은 거 다 먹고 뺀 건 아니고 큐시미아를 먹으면  자연스럽게 식욕이 줄어듭니다다만 약값이 비보험이 고 주치 처방에 만 원 정도로 상당히 고가 이니 잘 생각하시는 게 좋을 듯 합니다 정신과 년 어때 요 이젠 그냥 나가고 싶어도 못 나가는 커다란 문턱이라고 생각합니다 상담치료 선생님도 정신과 이 젠 졸업해야 된다고 하고 심지어 제 주치의 선생님도 제가 유소년기는 생각보다 잘 넘겼지만 지금 너무 약물에 의존하는 거 같다고 걱정하 시는 걸 보면 말이 죠 누가 힘들어하면 정신과 추천할 건가요네 물론이죠 너무 당연하죠 항상 그 말이 떠오릅니다 귀가 아프면 이비인후과에 눈이 아프면 안과에 정신이 아프면 정신과에 군대는 어떻게 되었어요 서류를 한 를 신 검 때 챙겨갔는데 첫 페이지만 보더니 바로 급 줬습니다 원래 제 질환이 지금 재검하면 급이 나오는 질환인데 부모님이 사회 복무라도 해야 사람 취급  해준다고 해서 안 하고 있습니다 이상하고 못 쓴 글 봐주셔서 감사하고 질문 지적 환영합니다,고생 많으십니다 힘내세요 번 항목 감사합니다 알고는 있었지만 항상 궁금했었습니다 제 아내도 힘들어 하는 경우가 많아서 치료 권유를 하긴 했지만 소극적이었거든 요 배츄도 사님 아뇨 사실 저도 번에 저렇게 강하게 적어 놓긴 했습니다만 누군가에게 저렇게 말하려면 용기가 필요할 겁니다 번 완전 공감합니다 심리치료 개월 무작정 휴식년하고도 개월 만에 멘탈 터져서 폐인처럼  살다가 약물치료 년으로 극복했습니다 감기 걸리면 감기 약 먹듯 마음이 아프면 맞는 약을 찾아 먹어야 낫습니다 그런데로 살기님 정말 맞는 말씀입니다 맞는 약 찾기가 좀 힘든 게 단점이 죠 좋은 글 감사합니다 상담치료랑 정신과 진료는 따로인 가요 아니면 의사 선생님이 다 해주시는 건가요올롱이님 별 도입니다 의 사 선생님은 진료하고 약간의 상담만 해주시고 전문적이고 긴 상담은 따로  상담치료사 선생님이 계십니 다약에 의존하더라도 맞는 약 조합을 잘 찾아서 계속 유지할 수 있게 해야 죠 저희 아버지는 약물 의존도 낮추려고 조절 시도 하다가 가족만 더 힘들어지게 되서 어느 날 커피님 맞아요 약물 의존도 낮추려고 여러 시도 하다가 그게 좀 나쁜 쪽으로 가면 고생하시는 분들 많더라고요 읽으면서 글을 참 잘 쓰신다고 느꼈는데 고 지능자 시군요 무겁지만 흥미로운  내용이었습니다 좋은 글 감사합니다치시나우니까님 아뇨 지금도 보니까 고칠 부분이 한 두 군데가 아닌데요 칭찬 겸허히 받아들이겠습니다 이렇게 글로 생각이나 감정을 풀어내는 건 확실히 좋다고 생각해 요덕분에 저도 많은 내용을 알게 되어습니다 님 적극적으로 치료에 임하고 있으니 분명 더 좋은 결과가 오리라 생각합니다 덧붙여 제 지인에 대해 말씀드리면 제 지인이 조울증을   진단받았습니다 사실 이 진단도 제가 억지로 데려가서 받을 수 있었네요 하지만 정신과 가는 걸 정확히는 약을 먹는 것에 대한 거부감이 너무 커서 결국 진단 후 그냥 지 내 고 있습니다 결국 조증과 울증 상태를 반복하면서 사고 치고 후회하고를 반복 중이죠 지난 몇 년 간 열심히 설득했지만 안 되더군 요겨울 바다님 정신과 문턱을 먼저 밟고 들어가는 게 사실상 자신의 의 지 여 서 그건 진짜 다른 사람이 어떻게 해결 해 줄 문제가 아닌 거 같아 요 안타깝네요와 이 긴 글이 쑥쑥 읽히네요 글쓰기 능력자신 듯 리오네르님 아니에요 너무 과 분한 말씀을 해주시니 몸 둘 바를 모르겠네요 높이가 부족했던 걸까요 가족들과 세상의 사랑이 넘쳐서 그랬던 걸 꺼에 요 님 그렇게 말씀해 주시니 감사합니다 결과가 좋아서 더 좋다고 느껴지는 글이네요 아직은 정신과 치 료에 대한 편견이 만연해 있지만 편견 때문에 치료 시기를 놓치기 보다 이런 옳바른 선택이 참 중요한 것 같습니다님 그렇죠 특히 사회적 물의를 일으키거나 자기 자신을 해치는 정신병을 편견 때문에 치료 시기를 놓쳐서 병원에 오면 그나마 다행이고 시도라도 가능하니 그게 아니면 정말로 수령으로 빠지는 거겠죠 혹시 지금도 사회 복무 중인가요 복무 중 어려움은 없으신지 요로케 님 아직은 사회 복무 대기 중입니다 요즘 사회복무 대기인원이 많아서 저는 년 지원하고도 실패했습니다 다리뼈 부러지고 기브스 안 하고 의지로 다리뼈 붙이겠다는 사람이 있으면 시간 지나면 붙기야 하겠지만 우리는 정말 어리 석고 바보 같은 생각이라 하겠지요 정신질환은 의지로 낳는 게 아니라 치료를 받아야 낳는 병 입니다 이걸 의지로 정신과 가지 않고 스스로 극복하겠다는  사람이 정말로 많아요님 그렇죠 사실 의지로 어떻게 될 단계가 넘어가서 병이라는 이름이 붙은 건데 솔직한 글 감사합니다 힘내라는 말이 도움이 안 된다고 하지만 모쪼록 잘 버텨내시길 기원합니다 대학병원 보다는 맘이 통하는 개인 병원이 훨씬 더 좋은 것 같습니다 물론 맘이 통하는 선생님 찾는 게 쉽지는 않지만 요콩이 아빠님 선생님 찾기 정말 쉽지 않아 요 저는 그나마  괜찮은 선생님들이 오래 계셔서 진료를 받았지만 다른 정신과 다니는 지인들 보면 좋은 선생님 찾기 어렵다고 하 소연 많이 하더라고 요 전혀 이 상하지 않고 잘 쓰신 글이네요 잘 읽었습니다 이빨 교정님 감사합니다 글 잘 읽었습니다제가 잘은 모르지만 그저 힘내셨으면 좋겠습니다님 글에는 안 썼지만 떨어지려고 난간을 놓는 순간 아 하는 느낌이 들더군 요 그 느낌을 잊지 않고 살 려고 합니다 응원 감사드려 요 저랑 비슷한 시기에 비슷한 증상이셨네요 고생 하셨습니다 써주신 문장 하나하나가 다 와 닿아서 놀랐습니다 저 같은 경우엔 고 초부터 정신과를 다녔는데 글쓴 분처럼 극단적인 선택은 하지 않았지만 저도 예전에 한 번 병원 방문이 늦었다면 지금 세상에 없었을지도 몰랐을 거란 생각도 해봤었네요 글 읽고 계신 분들도 중에도 혹시 의심이 되신다면 최대한 빠르게  방문을 추천드립니다제가 병원을 안간지는 몇 년 됐지만 가끔 콘서타가 다시 필요한 시기가 와서 근래 병원들을 찾았는데 이젠 당일 진료가 힘든 시대가 왔더라구요 그만큼 현대인들의 중요한 병원이 되지 않았나 싶습니다 몽운님 제가 다니는 병원도 당일 진료는 정말 문 열 때 나 닫기 전에 가야지 받을 정도로 사람들이 많아졌어요 정신과의 문턱이 낮아졌다는 좋은 징조일까요 글재주 가 있으시네요 계속 이야기 올려주세요 빠 빠기님 감사합니다 가끔 우울하거나 정신적으로 많이 힘들 때 정신과에 가 고 싶다는 생각은 했었는데 이게 질병이나 상해가 아니라 무언가 가기가 꺼려졌었는데 지금은 한번쯤 가보고 싶단 생각이 듭니 다 이제껏 살면서 정신에 대해서 너무 안 챙겨준 건 아닌가 싶기도 하고요 단순 궁금한 게 이런 정신과 치료를 받는 비용이 비싼 가요훈훈해 훈훈님 그렇게 비싸지는 않습니다 건강보험의 적용을 받으시면 약 처방 없이 상담만 받으시는 거면 정신과의 진료코드도 안 남는 걸로 알고 제 앞분들 보면 원에서 원 정도 내시고 갑니다 다 만 심리검사를 병원에서 추천할 텐데 그냥 문제지 푸는 식으로 하는 거면 한 세트에 만원 총 집검사 등 임상심리사랑 하는 검사는 만 원 정도를 생각해야 됩니다 훈훈해 훈훈님 다른 경험자로서 지나 가다가 댓글 남겨요님이 말씀하신 거에 보 충달자면 심리검사를 병원에서 추천할 테지만 한번 들려보실 생각이면 굳이 하실 필요는 전혀 없어요 보통 심리검사는 특수한 목적이 있을 때 합니다 병역이라던지 학교 제출 목적이라든지 혹은 문제가 아주 심각해서 심층적으로 들여다봐야 한다거나 혹시 의사가 강 권한다면 바로 나오셔서 다른 의사한테 가시면 되 구요번 번 공감합니다 저도 우울증 불안장 애공황으로 년째 약을 먹고 있습니다 최근 대학병원을 가보라고 권유를 받아서 입원도 생각 중이긴 한데 일에 치여서 선 듯 실행은 못하고 있네요 저도 주위에 번아웃이나 다 관 두고 싶다 라고 생각이 들면 병원을 가보라고 권유합니다단 후님 대학병원도 근데 사실 별 거 없더라고요 보호병동은 안 가 봐서 모르겠지만 오히려 심심하지 않을까 싶기도 하고요 같은 환우로서 화이팅 입니다 저도 콘서타 먹고 있습니다 힘내세요님 오 콘서 타 동 지분이 시군요 화이팅 정말 의사 경험에 따라서 처방 갈릴 텐데 그걸로 결과가 확확 변하겠네요 호라님 그렇죠 근데 의사의 경험이라 기 보다는 스타일이 다 다른 거 같습니다 꼭 젋다고 신약을 처방하진 않고 늙다고 예전 약만 쓰고 그러진 않더라고요 뭐 이것도 경험이라고 할 수도 있습니다만 경험만 자랑하는 의사 치 고 좋은 처방 내준 의사분을 저는 만나 뵌 적이 없었습니다 아 물론 처방에 따라 결과가 확확 바뀌는 건 사실입니다님 음 본인한테 맞는 의사 찾는 게 답이군 요정말 긴 글이 술술 읽히네요이 능력이면 일상글이라던가 관찰 글 같은 자유로운 글 써주셔도 큰 도움 빅재미 될 것 같아 요부러운 필력입니다다음 글 기대하고 있겠습니다 뚜용님 이렇게 다들 칭찬을 해주시니 몸 둘 바를 모르겠습니 다 다음 글로 꼭 찾아뵙겠습니다오 글이 술술 읽힙니다 역시 재능이라는 것이 있나 봅니다 저는 글을 잘 못 쓰거든요 앞으로도 건강히 잘 지내셨으면 좋겠습니다큐시미아 혹시 요요 없나요 예전에 펜타민 계열 먹고 요요로 다시 쪄서 고민중입니다 같이 화이팅해서 다이어트해요쭐라님 저도 큐시미아 복용 중입니다만 큐시미아도 복용 중단 이후에 관리 안 하시면 다시 찌는 건  매한가지 일 껍니다 성분이 펜타민 토피라 메이트 입니다 다이어트 성공하시길 바랍니다 추억의 콘서타네요 저도 한동안 먹다가 특유의 빠릿빠릿한 느낌이 너무 버거워서 계열인 스트라테라로 바꿨더니 잘 맞습니다 저도 아까 정신질환 경험기를 길게 써놓고 첨삭 후 업로드하려고 했는데 뱅커크르 제멋대로 발음해봤습니 당님 글을 보고 글의 방향을 바꾸기로 했습니다 그냥 올렸으면 후회했을 것 같네요 좋은 글 감사 하구 또 올려주세요
송요훈기자 페북 조선일보에게 묻는다,출처 검찰국가를 창건하신 국부 라는 댓글에 공감합니다,정작 써먹는 건 석열이 같은데 말이 죠 그나저나 본문 사진 보니 딸이 학교에서 빌려온 엉덩이 탐정 실사판이 따로 없네 요인 간 전두환 기사 쓴 기자가 보면 뿌듯해 하려나 요기레기나 검새들 인문학적 소양은 정말 바닥을 핥는군 요진짜 짜장 극 혐입니 다 검찰 국가를 창건하신 국부 라는 댓글에 공감합니다全비어천가를 부르던 공 초창기도 아니고 칼잡이 하던 친위대장을 황제로 추대하 던 로마 제정 시절도 아니고 방씨와 윤씨의 노골적인 야합이자 거래죠헛구역질이 납니다땡 전 뉴스도 아니고 땡 렬 뉴스 라니 년에 이게 대체 머 선 에 지간합니다 기레기들
만평근원,대한민국의 모든 재앙은 청산하지 못한 친일 매국노들로 터 나온 다,
무슨 커뮤니티에 애정이 그리 넘치셔서,퇴장들을 그리 요란하게 하시나요 그렇게 꼭 충고를 안하고 가시면 손가락에 무좀이라도 생기 시나요 그리고 왜 맨날 쓰는 단어랑 패턴은 그렇게 똑같으신가요 어디서 교육이라고 받으신 건가요 아니면 레퍼런스라도 있는 건가요 다이어트 하느라 탄수화물 섭취 줄여서 가뜩이나 성질 더러워졌는데 왜 다들 이 러시는지,그리고 퇴장 선언하시는 분들 아이디 조회해보면 다음날에도 다 다음날에도 와 있음 그러니까 요안 맞으면 접속 안 하면 그만인 걸 굳이 그 단어 써가며 어쩌고 저쩌고 하네요 저쯤 되면 잡아 좀 달라고 애원하는 건 가 싶어요 조용히 탈퇴하거나 떠났으면 좋겠어요 마음 떴으면 떠나면 되지 뭐 그리 할 말이 많은 지잉여력 넘치는 현실 진 따들 특성이 죠 남들 일하고 가 정 꾸리고 사회 생활 할 때  쓸 에너지가 남아도니까 이런 데서 살풀이 하는 거죠 어디서 존재감 느껴보겠어요 참 구질구질 합니다가려면 그냥 조용히 꺼졌으면 클베 퇴장 아니고 퇴근이랍니다 정정해주세 요세상엔 할 일 드럽게 없는 잉여가 너무 많습니다고 새 뭔 일이 있었나요 해방 두텁바위님 마지막으로 글 쓰신답니다 님 저런 인간들은 왜 케 질척거리나 몰라 요송별회를 안해줘서 그렇습니다 꼭 다시 오죠 그리고 조회 수도 안 나올 걸 요 그런 글 제목만 봐도 헛 웃음나서 뭔가 불쌍한 얘들이에 요 관심받고는 싶은데 일 베나 일팍 일코 등에서는 같은 것들만 있으니 존재감이 없거든요 그래서 클량와 봐도 아는 게 없으니 어그러짓만 할 수 밖 없는
작년 후원금 1천 5백만원에 했네요 억대연봉자이면서요,ëˆˆíŒë§Œ ì­‰ í•˜ë‹¤ê°€ ì²ê¸€ ë‚¨ê¹�ë‹ˆë‹¤ ë‚´ì�¼ ì„¸ë¬´ì‚¬ë‹˜ì�´ ë°©ë¬¸í•©ë‹ˆë‹¤ ì��ì˜�ìì��ë“¤ ì„¸ê¸ˆ ì‹ê³ ë “¤ì–´ê°€ëŠ” ê³„ìˆì�´ ì™”ë„¤ìš” ì‚¬ìí•˜ëŠ” ì¬ì�� ì‚¬ë�Œì�´êµ¬ìš© ë¹„í˜¼ì£¼ì�˜ì�� ì§€ë§Œ ì°ì˜ˆëŠ” í•˜ê³ ì�ˆëŠ” ã�ã�ã� í˜¼ì��ì‚´ê³ ë¶€ì–ê°€ì¡± ì†ì–´ì„œ ë “¤ì–´ê°€ëŠ” ë�ˆì�€ ë§�ì§€ëŠ” ì•Šì§€ë§Œ ì„ë§ˆí•œíŒ ìœëŒ€ë¡œ ë�ˆìœ¼ë¡œ íš¨ë�„ëŠ” í•˜ê³ ì�ˆë„¤ìš” ìœí•™ì��ê¸ˆ ì�´ìœ ë‹¤ ë�Œë¤ì£¼ê³ë �„ ë‚¨ì•˜ì�Œ ã‹ã‹ì‚¬ìí•˜ë©´ì„œ ë„ë�™ì•ˆ ê¾¸ì¤€í�ˆ í›„ì›�ì�„ í•´ì˜¤ê³ ì�ˆì–´ìš” ìˆì„¸ë�„ ì•½ê°„ ë�©ë‹ˆë‹¤ ê¾¸ì¤€í�ˆ í•˜ê³ ì�ˆëŠ” ë‹¨ì²´ë§Œ ëŒ€ë�µì�ìœ¼ë¡œ êµ°ë�°ëŠ” ë�˜ê³ ê·¸ë•Œ ê·¸ë•Œ ë�„ì›€ì�„ ìš”ì² ­í•˜ëŠ” ë‹¨ì²´ë“±ë�„ ë§�ì�´ í•˜ë„¤ìš” ìœì�ë„ì� ëŒ€ë�µ ì²œë§Œì›� ì•ë�„ í›„ì›�ì�„ í–ˆëŠ”ë�° ì˜¬í•´ëŠ” ì²œ ë°± ë§Œì›� ì•ë�„ í›„ì›�ì�„ í–ˆë„¤ìš” ì‚¬ì í•˜ëŠ�ë�´ ì°ë´‰ì�˜ ê°œë�ì�€ ì•„ë‹ˆì§€ë§Œ ì†Œë“�ì�˜ í ”„ë¡œëŠ” ê°€ê¸‰ì� ì‚¬íšŒì� í™˜ì›�í•˜ê³ì�� ì•ì “°ê³ ì�ˆë„¤ìš” í�´ë¦¬ì•™ì� ì“°ëŠ” ì²ê¸€ì�´ë�¼ ë­˜ ì�¨ì•¼ í•ê¹Œ ìƒ�ê°�í•˜ë‹¤ê°€ ì§ì� ì�ˆëŠ” ê°€ì§€ ì˜¤ë�½ì‹¤ìš© ì˜¤ë�½ê¸°ë¥¼ ì��ë�í•ê¹Œ í•˜ë‹¤ê°€ ã‹ã‹ã‹  í›„ì›�ê¸ˆ ì�¸ì¦� í•©ë‹ˆë‹¤,ì¢‹ì�€ ì‚¬íšŒë¥¼ ë§Œë“œëŠ” ë�° ì�¼ì¡°í•˜ì¨ë„¤ìš” ê³ë§™ìŠµë‹ˆë‹¤ì•„ ê°€ì�ë�„ ì¶•í•˜ë “œë¦½ë‹ˆë‹¤ì‚¬ë°•ë‹˜ ëˆˆíŒë§Œ ì­‰í•˜ë‹¤ê°€ ì�ë„ì� íšŒì›� ê°€ì�í–ˆê³ ë˜� ì­‰ ëˆˆíŒë§Œ ì­‰ í–ˆì–´ìš” í™˜ì˜� ê°�ì‚¬í• ©ë‹ˆë‹¹ì™€ ë©‹ì§€ì‹œêµ°ìš” ê¸€ì�´ ì¢€ ë¶™ì–´ì„œ ì�½ê¸° ì–´ë¤ì›ì§€ë§Œ ì¢‹ì�€ ì�¼í•˜ì‹ ë‚´ìš©ì�´ë�¼ ì�˜ ì�½ìˆìŠµë‹ˆë‹¤ ë‹˜ ìœê°€ ì²ê¸€ì�´ë�¼ ãã ë‹´ë¶€í„°ëŠ” ì¤„ ê°„ê²©ì�„ í•ê ˜ìš©ì² ê¸€ì� ë”¥ì�„íŒ©í Š¸ê¸‰ ì¡´ì�¬ê°�ì�´ë�¼ë‹ˆ ã�ã„·ã„· ğŸ˜±ë‹˜ ì˜¤ë�½ê¸°ë¥¼ ì��ë�í•˜ê³ ì‹¶ìˆìœ¼ë‚˜ ã‹ã‹ ãã ì™ì§€ ì²ê¸€ì� ì˜¤ë�½ê¸° ì��ë�ì�€ ìŒ í�´ë¦¬ì•™ ë‹µì§€ ì•Šì•„ì„œ ã�ã�ã� í�´ë¦¬ë�ì�€ ë”± ì„œë¡œë¥¼ ì•„ê ´ì£¼ê³ ê ¸°êº¼ì�´ ë�„ì›€ì�„ ì£¼ëŠ” ê¸°ì‚¬ë�„ ì•ì‹ì�˜ ë©‹ì§„ ë¶„ë“¤ì�´ ë§�ì•„ì„œë¦¬ìŠ¤í�™ í•©ë‹ˆë‹¤ê·¼ë�° ì˜¤ë�½ê¸°ê°€ ë­”ì§€ ê¶�ê¸ˆí•´ì§€ë„¤ìš” ã‹ì�´ê²Œ ì§„ì§œ ìŠ¤ì›©ì�´ì£ì�´ëŸ° ì��ë�ê¸€ì�€ ì�¸ì•ì�ë‹ˆë‹¤ ì‚ ¬ìë�„ ê·¸ë§Œí�¼ ë�” ë²ˆì°½í•˜ì‹œê¸¸ ë°”ë��ë‹ˆë‹¤ ì¬ê¸° ìš”ì‰ì�˜ì›� ì§„ì§œ ì°©í•œ ê³³ì�´ì£ ì§„ë£ŒëŒ€ìƒ�ì�´ ì�¼ë°˜ì�¸ì�´ ì•„ë‹ˆë�¼ ì†Œì™¸ë�˜ê³ í�˜ë“ ë¶„ë “¤ì�´ê³ ì¬ê¸° ê·¼ë¬´í•˜ì‹œëŠ” ì�˜ë£Œì§„ ë˜�í•œ  ê·¼ë¡œê°€ ì•„ë‹Œ ì•ê¸°ì�ì�¸ ì��ì›�ë´‰ì‚¬ë¡œ ìš´ì˜�ë�˜ëŠ” ê³³ì�´ì§€ìš”ì�´ëŸ° ê³³ì�„ í›„ì›�í•˜ì”ì„œ ë�” ë©‹ì§€ì‹­ë‹ˆë‹¤ë‹˜ ì�˜ ê±´ê°•ê³¼ ë²ˆì°½ì�„ ê¸°ì›�í•©ë‹ˆë‹¤ì�´ëŸ° ì°©í•œ ì��ë� ì¡´ê²½í•©ë‹ˆë‹¤
29만원에 대한 비데 언론,대장을 뚫을 기 세,솔직히 저 당시에는 지 그 목숨 부지하려고 저렇게 했지만 요 지금은 왜 아지그 밥줄
푸리에 변환 모아레를 제거한다 노치 필터링,유투브 김프를 이용한 주기성 모아레 패턴 제거 김프는 포토샵의 오픈소스 클론입니다 포토샵에 있는 건 거의 다 있죠 가 좀 안이 쁜 게 흠이 긴 하지만 말이 죠 그런데 김 프로도 푸리에 변환과 필터링이 되나 봅니다 놀랍 노치라는 건 아래쪽으로 뾰족한 형태를 말합니다 아이폰의 노치도 아래쪽으로 뾰족 아니고 뭉툭 하군요 여하튼 저런 모양을 노치 형태 라 고 부르나 봅니다 그럼 이 노치는 응 차원 노치 필터의 밴드 스톱 필터 특성 주파수도메인을 이용한 대역 필터링 중 고주파와 저주파를 잘 통과 시지만 중간 주파수 대역만 막아버리는 필터를 라고 부릅니다 그리고 특정 주파수에서 아주 좁은 대역만 노치 곡선 형태로 막아버리는 특별한 필터를 노치 필터 라고 부릅니다 오피앰프를 사용한 노치 필터 전자회로  광학적 노치 필터 노치 필터는 영상 처리에만 존재하는 건 아니고 그림처럼 전자회로를 이용한 노치 필터 렌즈를 이용한 광학적 노치 필터 웨이브가이드 를 이용한 전자파 노치 필터 등이 있다고 합니다 구현 형태는 다르지만 필터링 개념은 모두 동일하다고 하네요 주파수도메인에서 원점 대칭으로 나타나는 차원 노치 필터 함수의 모습 주기성 모아레 패턴을 제거하기 위한   이미지 필터링용 노치 필터는 주파수도메인에서 그림과 같이 차원 구조를 가지고 있습니다 역시나 아래로 뾰족한 노치 형태를 띄고 있죠 주기성 모아레 패턴의 발생 메커니즘 모아레 패턴은 물결 무늬의 패턴을 말합니다 그리고 그 중에서도 주기성 모아레는 위 그림과 같이 주기적인 파형이 선형적으로 겹쳐서 나타나는 물결 패턴을 말합니다 이미지 위에 드리워진 모아 레 패턴은 이미지 처리나 인식에 귀챤은 장애요소로 작용하기 때문에 그것을 푸리에 변환과 필터링을 이용해 제거하는 것이죠 참고로 이렇게 복잡한 비주기성 모아레 패턴은 노치 필터링 방식으로는 제거할 수 없습니다 물론 방법이 전혀 없는 건 아니지만 역시나 아주 어렵겠죠 비주기성 모아레는 모델링이 어렵기 때문에 딥 러닝 기술이 동원 되기도 합니다 수학적으로 안 되니 데이타 노가다를 써서 해결하는 거죠 사실은 이런 게 진짜 모아레죠 이 그림은 노치 필터링의 예시입니다 그림과 같이 좌측의 주기성 모아레 패턴이 추가된 이미지의 스펙트럼을 구하면 우측과 같이 모아레성 펄스들이 나타나는 푸리에 스펙트럼이 얻어집니다 빨간색 동그라미 안이 주기성 모아레 성분을 나타내는 피크들을 의 미합니다 우리는 주파수도메인에서 하나의  피크는 공간도 메인에서 하나의 물결파 차원적 를 의미한다는 걸 이미 배웠습니다 따라서 스펙트럼에서 보듯 개의 피크 원점 대칭이므로를 제거한 후 역 변환하면 아래 그림처럼 모아레가 제거된 깨끗한 이미지가 얻어지는 거죠 피크를 제거하는 방법은 스펙트럼에 노치 필터 함수를 곱한 후 푸리에 역변환 하는 겁니다 이런 전 과정을 노치 필터링 주파수도 메인 이라고 부르는 거죠 우 노치필 터가 곱해진 푸리에스펙트럼 좌 푸리에 역 변환된 이미지 그렇게 어렵지 않죠 다만 저런 필터링을 위한 최적의 노치함수를 만드는 게 좀 어렵고 정확한 피크 위치를 알아내는 게 좀 번거롭지만 말이 죠 보통은 스펙트럼 이미지의 수평과 수칙 프로파일 그래프를 보면서 위치를 찾습니다 피크 함수는 뾰족한 가우시 안 함수를 뒤집어 노치함수를 만들기도 하고 아니면 걍 과 같이  특정 주파수 위치에서 피크 높이를 제로로 놓아 피크를 제거하는 방식도 흔히 사용합니다 아울러 프로그램에서 마우스로 검은 점 또는 원을 그려 노치함수를 대신 하기도 합니다 이 그림은 스크립트 영상 처리로 유명한 스크립트 중 모아레 이미지로부터 노치함수를 만들고 필터링까지 해주는 스크립트를 소개한 것입니다 라는 이미지 매직 외국 고인 물 개발자가 만든 노치 필터링 스크립트죠 아래 그림은 테퍼링이라는 기법으로 각진 노치함수를 부드럽게 만들면 필터링 결과가 더 좋아진다는 뭐 그런 내용입니다 마지막으로 제가 만든 노치 필터링 소스코드를 공유합니다 깃허브에 올린 노치 필터링 작동 화면깃 허브 소스 주소 ﻿소스가 도움이 된다면 별 풍선 저도 먹고 살아야 하니까요 노치 필터링은 일반적인 푸리에 변환 기반 필터 링 기법이므로 검색하면 매트랩 파이썬 등 많은 소스코드를 구할 수 있습니다 수학적 신호 처리 기술들은 비슷한 원리가 분야를 달리해 동일하게 적용되므로 광학 컴퓨터 비전 자동제어 회로 이론 통신 이론 마이크로웨이브 등에서 모양만 다를 뿐 유사하게 적용된다는 점도 기억해두면 업종을 갈아 탈 때 도움이 될 수도 있습니다 오늘은 여기까지 입니다 이 제 어려운 고비를 넘었으 니 당분간은 계속 쉬운 내용이 이어질 듯 하군요 추신 김프에서 기능을 쓰려면 플러그인을 설치해 주어야 하네요 이미지 프로파일은 이미지를 가로지르는 직선을 따라서 픽셀 값을 차원 그래프로 나타내는 걸 말합니다 사이트 좌표는 여깁니다,모아레 란 소리를 한 번이라도 들어보셨다면 공감 꾹제갈 클님 아모레는 안 됩니까 공다섯님 깃허브 소스에 별 퓽선을 쏴 주시면 인정해 드리죠 너무 좋은 정보 감사합니다 올리시는 글 족족 잘 보고 있습니다 이쪽은 진짜 키워드만 알아도 반은 먹고 들어간다고 생각하는데 필요한 키워드와 그에 따른 설명 너무 좋습니다도 빠님 감사 다음은 쉽다면서 요 이번 도 잘 보고 갑니다 매번 감사합니다 님 안 쉬운가요 로 수정하니 이미지가 날아가네요 다시 살렸습니 다음 그렇군요 끄 덕끄덕대 단 하십니 다슨 생님 제가 따라 하고 싶은데 알 것 같은데 너무 어렵네요 강부터 차근차근 다시 읽어봐야겠어요 김프에 이런 플러그인이 있었다니 김프 기본 기능만 썼었는데 알려주셔서 감사합니다 넘넘 좋은 내용입니다 완전 술술 이 해됩니다 마지막 이미지 였던 가학창 시절 이미지 프로세싱 하던 기 억이 새 록새록 나는군요 좋은 내용 감사합니다
애플 애플뮤직 Dolby Atmos 및 무손실 오디오 발표,애플은 애플뮤직을 위한 및 무손실 오디오를 발표했습니다 는 사의 유명 공간 음향 기술입니다 애플 기기에서 재생 가능하며 애플 또는 칩셋을 사용하는 에어팟들 비츠 제품들 그리고 아이폰 아이패드 맥 내장 스피커로 음악 재생 시엔 자동으로 타사 헤드폰 사용 시에는 옵션에서 켜주어 사용 가능합니다 무손실 오디오는 애플 을 이용해 손실  없는 음악을 스트리밍 하는 것으로 음악에 따라 부터 외부 사용 필요 까지 제공됩니다 무손실 오디오는 모든 애플 기기에서 재생 가능합니다 두 서비스 모두 추가 비용 없이 다음 달부터 애플뮤직 구독자 전원에게 제공될 예정이며 만곡을 시작으로 점차 대상을 늘려나갈 예정입니다,와 추가 비용 없음돌비가 궁금한데 만곡이면 많은 건지 적은 건지 감이 안 잡히는 군요살 다 살다 돈 내고 애플뮤직 들을 날이 올 줄은 몰랐네요 내 에어팟 맥스 드디어 진가를 발휘하나무 손실이라니 대신에 당근을 넣어야겠네요 촤핫 핫핫 와 추가 비용 없이 우리나라 애플 뮤직도 카카오랑 계약 좀 했으면 좋겠어요 얼룩소음 메님 많은 분들이 애플이 안 해주는 걸로 얘기하지만 카카오가 계약 안 하는 거죠 애플페이도 마찬가지구 요님 스포티파이는 계약한 거 보면 애플이 안하는 거 같은데 요님 스포티파이는 해 외에서 카카오 음악들 다 내리는 등 강경 대응 하지 않았나요 스포티파이도 처음엔 카카오랑 계약 안 되었던 걸로 기 억합니다님 멜론이 스포티파이도 계약 안 해주다 스포티가 글로벌 유통 똑같이 틀어 막아서 바로 깨갱 한 거죠라그나님 그냥 막은 게 아니라 글로벌 음원 계약  종료 시점에서 재계약하려면 한국 쪽도 같이 계약하라고 스포티파이가 머리 쓴 거죠 미친 아이폰 미니 살 이유가 생겼네요 블루투스 코덱 자체가 에서 로 완전히 바뀌는 건가요 아니면 애플 뮤직 재생 시에만 를 사용하는 건가요님 블루투스 코덱은 없어서 아마 애플뮤직 재생 시에 을 사용한다는 것 같습니다님 는 압축포 맷인데 블루투스 시그널로 바로 적용되는지는 모르겠네요님 이  사실상 애플이 선호하는 의 압축률 조절 버전 포맷이라 에 최적화된 칩에서 큰 문제 없을 걸로 보입니다 확장자도 이 아니라 동일한 죠 미국계 정 사용 중이라 더 좋군 요 애플 원 만 세 귀가 막귀라서 음색엔 민감해도 음질엔 둔한데 체감이 될 련지 모르겠네요 암튼 추가 비용 없다니 예상 외네요와 우 애플뮤직 친구랑 노나 듣고 있는데 넘 모 좋네요 육처 넌 대니 이 정도면 가성비도 좋고  아이유 노래만 들어온다면 완전 첸데그럴 일은 없겠죠 이제 한국 애플 뮤직에 카카오만 들어오면 이건 정말 혜자네요 무손실 음원 사용자 무료라니 애플뮤직으로 많이 넘어 갈 듯 합니다 홈팟도 들을 수 있을까요깡 대장님 홈팟도 지원합니다깡 대장님 제 발 홈팟뿐만 아니라 홈팟 미니도 가능했으면 좋겠네요님 홈팟도 지원하니 미니도 함께 지원하지 않을까요깡대장님 홈팟이랑 홈팟 미니 급 나누기가  두 군데 정도가 있더라고 요 첨부해 주신 자료에 홈팟이라고만 표시된 거 보면 불안합니다예전에 였나 그 이상의 음질은 블라인드 테스트하면 인간의 귀로 구별 못 한다고 실험 결과로도 나왔던 걸로 기억하는데 맞나요 제 경우도 전혀 구분이 안 가서 그냥 고음질 정도로만 셋팅해서 듣는데 무손실 음원 들으시는 분들은 일반 고 음질 랑 무손실 음원 구별이 가능한지 궁금하네요 유키님  그냥 기 분상의 차이라고 봐야 하지 않을까 요구분 된다고 해봤자 아주 미묘할 텐데요 유키님 기준 과 는 음악에 따라 차이 느껴집니다 와 은 차이 느끼기가 좀 더 어려울 겁니다만 느끼는 사람이 있을 듯요 반면에 과 무손실은 차이 느끼기가 매우 힘들 겁니다라면 킬러님 청감상으로 라는 말이 있더라구요라면 킬러님 과 는 저도 느끼는데 이상은 예전에 독일 잡지였나  거기서 나름 유명하다는 황금귀들 모아놓고 실험했는데 아무도 못 맞혔다고 하더라고요 유키님 비트레이트보다 녹음 상태나 압축 품질이 중요하긴 한데요 보통 고 음질 음원은 그런 쪽도 걱정할 필요가 적죠님 수치로 측정으로 가면 이 보다 더 좋습니다 차별 없이 제공하다니 애플답지 않네요 와 추가 비용 없다니 이번 는 부터 애플뮤직까지 역대급 잔치가 될 거 같네요 무 손실 음원이야 이미 구 음원 소스가 있어서 빠르게 자리 잡겠지만 돌비 애트모스는 어 떨지 싶네요 클래식이라면 몰라도 대 중 음악에선 이런 서 라운드 작업이 아티스트 간에도 덕질의 영역이라 보니 타이달을 봐도 돌비 애트모스 음원은 그리 많아 보이진 않더군 요우리 모두 테스트 쿠오쿠오님 저는 이 테스트에서 막귀로 판 명 에어팟 맥스로 듣는데 전 구분이 안 가요 애플뮤직에 영 상으로 업로드 되었던 데 기대됩니다 음질은 둘째 고 일단 에어팟 프로 맥스 사용하고 있는데 영상 시청 공간 음향도 대단하던데 이 기능이 음악에 적용된다니 엄청 기대되네요와 유튜브 뮤직 모하니 따라가 자닉넴짓기 어려워 님 유튜브는 동영상 업로드 할 때 음성 인코딩하는 코덱 퀄리티가 극악인 곳입니다즉 그런 거 신경 안 쓰는 곳이에 요 좋은 걸 보고 오렴님 유튜브 음원과 유튜브 뮤직 음 원은 다른 것으로 압니다만 님 요샌 모르겠는데 음질 너무 나빠서 그냥 다시 벅스 결제했었습니다님 유튜브 뮤직은 업로더가 음원사 공식이라 그렇지 기능상으로는 유튜브 동영상에서 영상만 빠진 거 아니었나요 좋은 걸 보고 오렴님 두 개가 별개의 음원인 것으로 압니다엥 어디서는 완전히 새로운 무손실 이래서 안 쓰는 줄 알았는데 역시 이죠 전 사실 무손실보다 공간 음향이 기대되는 데 무손실은 어차피 에어팟이 그 정도가 안 되서 다음 아이폰에는 블투코덱 추가 되려나요 애플뮤직이 무손실 지원이라니 세상이 변하니 천하의 애플도 대세를 따르네 요설명서를 보고 메뉴를 찾아봤는데 부터 지원된다는 군 요아 홈팟 미니 스 테레오 샀는데 차라리 홈팟 한 개를 샀어야 했나요 큐델릭스 정도 사용하면 비트 음원을 재생할 수 있겠지요 당연하겠지만 무손실 음원이 용량이 더 크겠죠와이 파이나 다운 받아서 들어야겠네요 스트리밍은 그닥 상관이 없으려나요 녹새님 무손실 음원은 용량 면에서 비교도 안 되게 크지요 돌비 애트모스 음원 체험하는 링크입니다 아이튠즈에서 파는 음원은 해당 없는 거겠죠 애트모스 지원하는 스피커를 사용해야 해당 있는 거죠 그러면 이 필요 없게 되는 거죠 블루지님 얼마 전에 매각 기사 봤는데 타이밍 좋았네요 친 한 형님들이 브레이브 걸스 음원 없다고  탈퇴하시더라구 요 이걸 같은 가격에 풀어버리네 요 요즘 애플 왤 케 혜자롭나요 왠일로 애플이 이걸 새 요금제 안 만들고 타이갈 해방인가요
추가 박제 JamesHXjamesh 및 동일 아이피 2개 아이디다중이 확인완료,박제 클리앙 의 확장판 아카이브입니다 펑 예정 연봉 로 시작합니다 그래도 넉넉하진 않네요 클리앙 수정 추가 에잇 억 연봉자 치킨 한 마리 쏩니다 클리앙 아래 두 종류는 보이는 같은 다 중이 계정 와 에 대한 내용입니다 수정 추가 해당 회원이 다중이도 인정을 하셔서 하기 아이디도 동일한 분에 대한 박제입니 다 제목도 다 중이로 수정하겠습니다 박제 클리앙 키크론 영문 각인 갈축핫스왑 거의 사용 안함 클리앙 판단은 각자 하시면 됩니다 별개로 같은 인 이래 두개 아이디는 이미 탈퇴 및 이용 제한으로 현재 탈퇴 상태이지만 장터 이력이 많습니다 와 두개 아이디,아이고 스샷을 붙여 넣고 그냥 작성 완료 눌렀네요 수정 중입니다오호 클리앙 장터에서 다 중이로 열심히 뛰면 연봉 억 가능한 가 봅니다 그렇다면 이 참에 저도 한번 쓰신 메모가 링크에 노출되었네 요저런 어 그로들은 이런 거 가지고 모욕죄로 고소를 해 요 사 샤샥 메모만 지우세요 혐의 없음 나오긴 하는데 좀 피곤해집니다 조국 가지고 어 그로 끌던 사람에게 한 번 당했습니다 경찰서 가 기 전에 회사 변호사하고 이것저것 이야기하고 갔는데 조사 받는 거 자체가 짜증 나는 일이 더군요님 어라 저게 왜 붙었지 감사합니다 수정했습니다님 네 잘하셨어요 아카이브 감사합니다 선명님이 저격하고 나섰으면 안 봐도 알겠군 요갓 만든 따끈따끈한 아이디군 요 님 클리앙에서 상업정치 바이럴이 안 통하는 상징적인 역할을 하는 선명님이 타겟이라 수상쩍 네 요 감사합니다 웃 본문 내용  있어서 내용 수정햌씁니나 해당 회원이 다중이 인정하셔서 본문과 제목에 명시하였습니다정의의 사도 나 셧군 요님 감사합니다 크리스탈 파워 아이디가 또 있던 지 재가입하는 방법이 따로 있던 지 할 거 같습니다님 네 더 있거나 또 가입할 거 같기는 하네요
30대 후반은 참 친구가 없는 나이 같아요,대 후반 미 혼 남성입니다 회사를 다니는데 친구가 없습니다 회사에서 친구 찾는 거 이상한가요 친구가 아니라 친 한 사람이 없어요 명 정도 되는 회사라 또래 개채수가 매우 적 고요 그나마 있는 몇 명은 당연히 기 혼에 애기들이 너무 어려서인지 늘 쩔어 있고 주변 사람들과 별로 교류하지 않으려 하는 것 같아 요 집에 얼른 가서 자녀를 양육해야겠죠 보통 준 거집단 이 나이 살 사이에 형성되는 경향이 있는데요 제 위로는 대니 아예 차 부장 이상의 찐 아재 관리자들만의 리그가 있고 제 아래 대 초중반 아재보들은 아직 충분히 젊기 때문인지 유행과 감성에 노티가 나 기 시작하는 저보다는 대말 대초 집단들과 더 대화가 통하겠죠 하긴 뭐 저도 절대적으로 그랬었으니 전 사실 밝고 붙임성 좋고 사 교적인 성격입니다 학교 다닐 때  반장하고 회장하고 하는 애들 있죠 그게 바로 접니 다 여기 회사에서도 사실 대부분의 사람들과 꽤 친하게 지냅니다 같이 밥도 먹고 커피 마시고 물론 겉으로는 그렇게 보이겠죠 지금은 동료들과 웃고 떠들면서도 묘한 이 질감이나 소외감 같은 걸 느끼는 것 같아 요 진부한 표현이지만 소리 없는 아우성 풍요 속의 빈곤 같은 불편한 역설이 느껴져요 아직도 만나는 대 초반  시절의 직장 동료들에게 느꼈던 우리라는 결속 보다는 이대로 퇴사하면 서로 찾지 않고 가끔 올리는 인스타 피드에 좋아요나 누를 것 같다는 생각이 듭니다 우울증 같은 거라서 저 혼자 이렇게 생각하는 거면 차라리 나을 텐데 어 중간한 나이에 이도 저도 아닌 묘한 계면의 경계를 헤매고 있는 것 같아 문득 쓸쓸해져서 글을 씁니 다,맞아요 대부분 친구들 결혼하고 살 아이 있을 나이라 만나기도 쉽지 않죠 중후반부터 남성들의 인적 네트워크가 급격히 붕괴됩니다 공감합니다 저도 대 중후반이라 주변 친구들이 거의 결혼했네요 대 중반 이후부터는 결혼하고 애키우니 친구하고 놀 힘도 시간도 없는 게 대부분이라 미혼은 취미가 있어야 안 심심한 거 같아요 비슷한 또래에 비슷한 상황입니다 사회에서 만난 사람들은 아 무래도 뭔지 모를 계산적인 상황을 그리고 대하게 되더라구 요 특히나 코로나 이후로는 하던 동창 모임 이런 것도 다 스톱 되어 버린 상태라 친구 만날 기회는 더 줄어들다 보니 작년부터 그런 생각들을 더 하게 된 것 같습니다 잠시 마음의 생채기가 난 상황이고 내 일에 집중해야 할 상황이라 생각하며 다 잡고는 있는데 허전한 마음이 한 구석에 남는 건 어 쩔 도리가 없더 라구요 저도 비슷한 감정을 느꼈었는데 요지인들 결혼하고 같이 놀 사람 없어지니 그런 감정이 들더라구 요 능력되시면 연애하시는 것도 좋은 방법인 것 같습니다님 글에서 조차 여친 없어 보이는 거 실화 입니까 사실 누구나 다 진짜 친 한 친구가 그렇게 엄청 많진 않아 요 사람은 다 섬이라고 생각합니다 다리로 잠깐 이어질 순 있지만 결국 무너지고 끊길 수도 있는 진짜 친구 그냥  친구 이렇게 구분하는 것도 나이들 수록 의 미 없어지더라구 요 멀리 떨어져서 자주 못 만나는 친구보다 직장에서 맨날 채팅하는 회사 동기가 관계는 더 얕지만 더 잘 통하기도 하고 그런 거죠이게 연인이 있거나 결혼하면 심지어 그런 관계에 대한 집착이나 생각 자체가 사라집니다 연애를 해보시는 걸 추천 드려요 그것보단 육아가 바쁠 때라 그러더라구요 다들 하나 혹은 둘 아직 유 치원이라 엄청 고단할 때 죠 주말도 쉬는 게 아니구요 아버지 세대도 그랫던 것 같아 요인생 마이웨이입니다 친구가 뭔가 요저도 얼마 전에 비슷한 생각을 했네요 지금 친구를 사귀 고 싶은데 어디 가서 사 귀어야 하는지는 알 수 없는 나이의 애매함 코로나 가 겹쳐서 새로운 인간관계가 단절되는 느낌이에요대 후반인데 극 공감 합니다 그냥 일에만 몰두합니다 가끔 월도도 저도 인데 뭐 없으 면 없는데로 하고 싶은 거 하고 삽니다지자체 무료 교육이나 정당 모임 가시면 청년위원회도 있고 기회는 많습니다뭐 정 구하려면 당근 마켓에서도 동네 생활 탭 구할 수 있어요 다들 그래요 여자분들은 대 후반 세 쯤에 남성의 저돌성과 여성의 친화력 계통 만 렙 찍으시고 핵인 싸로 복귀하는 경우가 많은데 남자분들은 다들 어려워 하십니다 대 초반되면 아 그래도 대 후반에는 간혹 외 출도 했었는데 저도 그래요 회사에서도 그렇지만 결혼하면서 이사 온 동네에서도 년간 동네 친구가 없네요 가정이 생기면 모든 에너지가 거기로 쏠릴 수 밖에 없어요 사람의 에너지가 막 그렇게 거대하고 그러진 않거든요 아이들이 다 크면 또 와이프가 같이 다니자 고 그러겠죠 결국은 친구들 만나는 시간이 없어진다는 제가 한 년 쯤 전 대 초중반 시절 비슷한 고민을 회사 부 장님께 했었는데요 그러시더라구요 애들이 크고 시간이 여유가 나며 는 다시 친구들이 모이더라 그 나이대가 다들 바쁩니 다 젊을 땐 결혼 안 해도 별로 심 심한 줄 모르는데 대 넘어가면 친구들 다 결혼하고 얼굴 보기도 힘들어지고 남자들은 술 빼면 딱이 놀이 문화랄 것도 없으니 술 마시러 다니다가 누구 몸 안 좋아지고 집에서 눈치 보이고 애 봐야 되고 술 마실 용돈도 없고  그러면 그것도 줄어들고 다 비슷하지 않나요 그래서 취미 생활이 필수입니다고 슴도치 처럼 가까이 가면 가 시에 찔리고 멀어지면 춥고 상처받지 않고 가까이 지낼 거리를 알아버린 나이죠 지역 어디 신가요 저랑 친하게 지 내 시죠저도 그래요 직장에서 외롭다는 감정이 사치인 건지 싶습니다클럽하우스 오세요 동년배들이 득 시글 하답니다 좋아하는 취미가 있더라도 동호회 활동을 꺼리게 되더군 요대 후 반부터 친구가 없더니만 대 후반까지 그대로 쭈욱 가네요 언어의 장벽 때문인 것도 있고 적극 공감합니다 저도 대 중반 미혼인데 어느 순간부터 인적 네트워크가 제로가 됐어요 고립무원에 있는 삶인 것만 같습니다 가뜩이나 개인주의인 외국계 회사에서 각자 서바이벌하듯이 큰 어울림 없이 살고 있어서 그나마 또래 미혼들 보면 다 저같이 사는 가 보다 하고 위안되기도 하지만 그나 마 회사 내에서 이해 관계로 어 율리는 정치적인 지형을 보면 섞이고 싶지도 않고 혼자 다니는 편이네요 딱 이 때 결혼하면 외로움을 나누는 가정이란 것이 생기고 그런 가 봅니다 기억을 더듬어보면 대 후반 대 초반 나이에 살 차이나는 과장급 또는 대학 선배들의 행적이 궁금하지도 않았지만 티안 나게 살던 것은 일찍 제 때 일궈놓은 가정에 남들만 치 충실하고자 조용히 살고 있 었던 때문이 아니었을까 싶습니다 보통 육아 하기 바쁜 떄죠저도 대 후반인데 정신 차리고 보니까 친구가 소멸 멸종 다들 그런 가 하고 지내고 있는 중 입니다 좀 서글프긴 해요 가족이 세상 무엇보다 중요해지는 시기죠 그리고 그에 더불어 동기 사랑 나라 사랑 타지생활하는 저는 입사 동기 친구들이 유일합니다 진심 레알 바쁘고 시간도 없죠 한 달에 한 번이 아니라 일 년에 두 번 친 구들 만나기도 바쁘고 그래요 년 이전 생분들하고 는 확실히 삶의 방식이랑 많은 면에서 다르긴 또 하고 요지극히 주관적인 감상입니다만 점점 개인주의가 되어가는 추세인 것 같아요 그에 따른 불편감 외로움도 느끼지 않는 세대 일 열심히 사회 생활 열심히 해서 승진하고 인정 받는 것에서 즐거움과 보람을 느끼는 상대적 윗 세대와는 완전히 결이 다릅니 다 직장에서 끈끈한 인간관계  맺는 걸 오히려 이상하다고 생각하는 것 같고 대부분이 주식에 요새는 코인에 미쳐 있는 것 같습니다 운동 취미활동 해보세요 주짓수 같은 운동 해보세요 대들 많이 합니다 현실은 회사에서도 친구 사귀 고 친목다지면 가족과 보내는 시간이 그 만큼 줄지요 학창시절 친구와 상사가 부르는 술자리 나가는 것 만으로도 벅차 던데요 넘어가니까 사람 만나기가 귀찮네요 하던 일이 망했을 때 는 아무도 안 찾아주더니 년 전부터 다시 일어서서 대 박치니까 서로 술 먹자고 난리네요 나이 먹고는 돈이 최고인 거 같아요가정과 육아 뭐 그런 것들로 바쁠 때라서 요 기 혼 미혼이고를 떠나서 그나이가 되면 비슷한 것 같습니다 저도 비슷한 나이대인데 딱 저랑 비슷한 상황이십니다 전 대신 육아에 쩔어 있는 상황입니다전 대 중반에 해 외로 파견을 왔는데 요새 정말 인간이 사회적  동물이라는 걸 느끼네요 외국서 새로 사람을 사귀는 게 참 힘든 일이고 코로나 때문에 그 어려운 일 마저도 불가능하고 다른 점에서는 부족한 게 없는데 관계가 없다는 것만으로도 사람이 한 없이 처지기도 하니 인생에 대해 여러모로 생각하게 되는 요즘입니다 근데 그럴수록 꼭 누굴 만나 질 않더라도 야외활동을 하루에 조금이라도 해야 하는 거 같아 요 잠깐 자전거라도 타 고 산책이라도 하면 훨씬 나아집니다 저도 대 되가니 사람관계는 거의 끊어지고 일만 하는 느낌입니다게다가 프리랜서 라 사람을 더 안 만나니 정신도 무너지고요
한강사고관련 댓글 다시는 분들 제발 부탁합니다,어느 게시물에도 중립이 다 이런 표현을 넘어서는 당사자들의 행위에 대한 품평을 적지 맙시다 정상 비정상이 다 이런 논평을 하지 마세요 지금 분위기 봐서는 칼이 댓글단 분들에게 까지 올 겁니다 소위 말하는 각도 기 챙기세요 굳이 한다면 그냥 친구라는 사람이 변호사 동반 한 것은 잘한 짓이다 내 사회 경험상 그렇더라 이 정도까지 면 좋은 표현인데 유족들 의 이런저런 행위를 비난하는 것은 위험해 보입니다 지금은 관심을 끊고 딴 것을 논하기에도 바쁜 세상 같아 요 사망하신 분과 그 분의 유족 친구와 그 가족도 모두 피해자입니다 일견 이상해 보인다 하더라도 이 짧은 시간에 모두 치유될 수 없다고 봅니다 기다려야죠,그렇네요 저도 주의해야겠어요 최종적으로 결론 나오기 전까진 지켜만 봐야겠습니다 지금은 언론만 비판하는 게 좋습니다 언론이 혼란을 부추기고 자극적인 의심을 조장하고 있습니다 본인들이 자극적인 언사를 쏟아냈으면서 뒷짐 지고 훈수질 또한 하고 있습니다 이들에게 휩쓸리지 않아야 합니다 공감합니다 어차피 곧 전체 공개되면 진실이 밝혀질 듯 합니다 정민군 부모님에 대한 원색적인 비 난과 동석자 친구에 대한 범인 단정은 자제 하세요 그냥 이젠 게시물도 안 올라왔음 좋겠어요 안타까운 개인사는 맞으나 이런 사건 사고에는 한 발 빼서 감정 소모 안 하는 게 장땡입니다 내 주장이 맞다고 얻는 게 무엇이며 아니라 고 잃을 껀 또 뭐 이겠나요 강남 출신 외동아들 엘리트 의 대생 이게 아니었으면 언론에서 이렇게 관심이나 있었을까 합니다 지난 장애아 실종 사망 사건과 너무나 도 비교되죠 댓글 달 다 문득 제가 어떤 의견을 내 도 결국 방구석 코난 행위의 연장선상 이고 굳이 관심을 더 줄 필요도 없을 것 같아서 댓글 지웠네요 남일에 과하게 몰입하는 것은 좋지 않은 것 같네 요 세상 모든 사람은 속일 수 있을지 모르겠으나 망자와 범인과 신은 진실을 알고 있다
김용민 의원님만 자꾸 눈에 드러오ㅏ요,,박주민 이재정 김남국 김용민 이정도 말고는 다 수박이라는 게 슬프네요님 이 탄희이수진 의원 등 나름 열 씨 미하고 계신 분들이 더 있답니다바리스탄님 그분들도 이 번 초선적의 난에 암묵적인 동의를 보내신 분들 아닌가요 최고입니다 알랴뷰
코인을 놔두고 기후변화를 논하는 세계가 이상하지 않나요,세상에 낭비되는 에너지원은 생각보다 많습니다 주로 편의를 위해서 고 이것은 현대인들이 작은 양보는 할 수 있어도 큰 양보를 할 수 없는 문명의 이기들이 주를 이룹니다 대표적으로는 자동차가 있겠죠 그래서 차세대산업의 주요 축은 이 기후변화와 디지털 트랜스포밍 두 가지로 압축이 됩니다 이 두 가지와 관련되지 않은 미래산업은 거의 없다고 해도 과 언은 아닌데 요 전기차가 기존 방식에 비해 절반 수준이라고는 하지만 그래도 환경오염이 없는 것은 아닙니다 그럼에도 전지구적 차원의 기업들의 생사가 걸린 일이 되어 버렸습니다 그런데 코인 즉 화폐 아닙니다 가상자산은 편의성 있나요 코인으로 인해 낭비되는 에너지의 양이 여러분의 상상을 뛰어 넘습니다 이것으로 화폐 경제의 변화를 생각하는 분은 사실 별로 없고 주로 투자의 개 념으로 생각하시겠지만 단지 투자수단의 대 세 정도로 치부하기에는 이 낭비되는 에너지가 너무나 심각하여 전 세계 기업이 역량을 집중하는 기후변화 못 지 않게 악영향을 끼치고 있습니다 즉 코인을 놔두면서 기후변화에 대응하는 것은 뭔가 모순적이라는 이야깁니다 다시 말하면 사실상 기후변화 이슈 역시 각국 정부나 학자들은 진심일지 모르나 기업은 아니라는 것입니다  그저 이익을 쫓는 것이 기 때문에 가상자산에 상상을 초월하는 에너지가 쓰이고 있어도 사실 별 무상관이라는 것입니다 그렇다면 각국의 지식인들과 정치인들이 이를 바로 잡을 필요성이 있습니다 코인의 긍정적 역할은 현재 없습니다 없는 상태에서 만들어 나가려면 최소한 막대한 에너지원이 소비되지 않는 방향 즉 채굴 방식이 아닌 가상자산이 실제 기술적 응용이 가능하여  실질적 역할을 하는 방향으로 가야 됩니다 이 게 그냥 낭비가 아니라 인류의 역사를 바꿀 정도의 기후변화 이슈에 막대한 지장을 주고 있는 중입니다 당장 미래 후손들의 빚을 걱정하는 사람들이 이 코인에 대해선 입을 다물고 있는 이유를 모르겠습니다 신재생에너지를 아무리 떠들어봐야 코인 채굴로 인 한 낭비가 모조리 갉아먹고 아니 그 이상으로 기후변화를 앞당기고  있는데 말입니다,다들 물려 있는 듯 자는 동안 한 방에 씩 출렁이는 꼴 좀 한 번은 보고 싶네요 허 허어 벙어벙님 주식 보시면 상한가 하한 가 퍼씩 출렁이는 거 매일 보실 수 있어 요동감합니 다 이미 코인은 비트코인을 제외하고는 대부분 로 개발되거나 전환하고 있습니다채굴이 아닌 스테이킹 방식이 미 비트코인 채굴에 사용되는 전기량이 네덜란드 아르헨티나 국가가 쓰는 량을 넘어 신지 오래 죠 타 테님 압도적으 로 차이나 생산적인 방향으로 컴퓨팅 자원이 활용되는 분야도 상당합니다 랜슬럿님 본문은 코인 얘기하고 있는데요호가든 님 코인 이야기 입니다 채굴 방식이 여러 가지 랍니다 많은 사람들이 문제라고 생각한다면 차차 바뀌어나가겠지요 점점 다수의 코인들이 이 제 채굴에서 지분 증명 방식으로 바뀌게 될 겁니다 지금은 뭐랄까 과도기라 생각되네요 그냥 까놓고 말해서 다들 돈에 미쳐 돌아 가는 겁니다코인질로 당장 눈앞에 큰 돈이 들어오니 그걸로 얼마나 많은 에너지가 들어가는지 생각도 없고 그게 우리 인류에게 가져올 악영향은 무엇인지 아무런 생각도 없죠 결국 이것도 인류에게 조만간 돌아올 겁니다 이미 시작된 기후변화이고 돌이킬 수 없지 요세상은 비 논리와 불합리로 가득 차 있습니다 당장에 그렇게 다들 세계평화를 부르짖으면서도 이스라엘에 대해 아무 말도 못 하는 것만 봐도 요 환경 생각 많이 하는 주변인들도 매일 배달 음식 시켜 플라스틱 쓰레기 한 가득 만들고 텀블러 시즌별로 하나씩 사는데요 뭐 그러고 친환경 패키지 기획하고 합니다 음 이 논리면 게임은 왜 애기 안 하는지요
정경심교수 사건증거조작검사및 수사관감찰 진정,정경심 교수 사건 증거조작 검사 및 수사관 감찰 진정에 함께 동참해주세요,서명했습니다보탭니다 간단하니까 많이 참여해주세요 완료 참여했습니다 참여했습니다 범죄자 들 치가 떨려요
박제  일흔마숙호dokoung825,반드시 본인이 직접 확인하시고 신중하게 판단하시기 바랍니다 전체 맥락은 원문이나 아카이브를 확인 하십시오 글의 댓글입니다 글입니다 글과 댓글입니다 글입니다 글과 댓글입니다 이미지로 인용된 신문 기사 부분은 생략되었습니다 전체 맥락은 원문이나 아카이브를 참조하십시오 위와 동일 게시물 수정 추가 의 글과 댓글입니 다 회원정보클리앙 이용규칙 회원 저격 회원 박제 빈 댓글 등에 대한 조치 기준 안내해당 회원이 과거에 어떤 일을 하였는지 단순 정보의 공유는 위반 사항이 아닙니다 예를 들어 아이디 또는 닉네임을 언급하며 과 거의 글이나 회원 정보 팝업 링크를 게시하는 행위 비난이나 부정적 표현 없이 단순하게 캡쳐 화면 등을 올리는 행위 등은 조치하고 있지 않습니다,고맙습니다 감사합니다 혹시나 해서 메모해둔 인데 감사합니다 진심 고맙습니다고 맙습니다 감사합니다 감사합니다 정말 감사 합니다 긴가민가 했는데 확실 해졌네요
제발 주작이라고 해줘jpg,이 정도면 동생도 문제가,보통 이렇게 안드로메다까지 가는 작품들은 착취자 혼자서는 못 만들죠욕이 절로 나오네요이건 착한 게 아니죠 호구 맞네요 키운 정도 무시 못하니 아이들의 유전자적 부모는 아닐지라도 아빠인 거네요 인원수는 다르지만 비슷한 경우는 들었네요 친자검사 결과 자식이 친 자가 아니라서 이혼 후 배우자를 쫒아내고 양육비는 보내라 자식과 아버지만 오순도순 잘 살았다는 그런 이야기를 호구도 저런  호구가 없네요 그렇게 원하시면 남의 자식과 남의 아내 먹여 살리는 머니 머신 되십시오 호구 죠 저건 이게 사실일수가 있나요 이게 실화 일 거라는 게 더 무서움 이렇게 플롯을 써오면 퇴 짜 받을 겁니다 아무리 소설이라도 개연성이 있어야지 하면서 요 이건 정신적으로 문제가 있다고 봐야 아스트라님 저도 같은 생각입니다 개 호구 개의 콜라보 생태계에 뻐꾸기가 살아남는 건 호구새 가 있기 때문인 거겠죠 하 와 이건 말이 안 나오네 실화일 것 같은 내러티브네요 뭐 이런 호구가 아마도 사실을 알기 전까지 내 새끼인 줄 알고 기른 기른 정 때문에 호구인줄 알면서도 그러는 거 같습니다만 나쁜 년과 너무 착한 사람의 콜라보 치고는 너무 잔혹하네요 애잔은 무슨 그냥 신끼지 진짜 주작이었으면 좋겠네요 저런 한심한 인간이 있을 수가 있는지 남자야 이라 그렇다 치고 저  남자 가족은 얼마나 빡칠까요 친손주 조카들인 줄 알았는데 피 한 방울 안 섞인 뻐꾸기 자식이라니 둘 다 비정상 답이 없네요 이건 그냥 제 발 주작이기를 어음 이런 사람은 자기만 망하면 그나마 나은데 주변인들한테도 손 벌릴 거 같아서 무섭네요 실화인지 자극적인 재미가 누적되다가 건수가 없어서 작가들이 소설 쓴 건지의구심이 들 정도의 어이없는 이야기네요 착한 거랑 호구나 병신은  구분 되어야 한다고 봅니다 아이들만 너무 불쌍하네요 아빠가 다 다른 거랑 다 같은 거랑 어느 게 더 최악인 건 지 진짜 호구 답답하네요 저러다 과로로 애들 제대로 키우지도 못하고 다 키워두면 상대방이 애 데려가겠다고 난리칠 듯요미쳤네요 미쳤어 제 발 주작이길 사실이 맞을 거 같네요 사랑과 전쟁으로 나왔으면 주요 에피소드가 되었겠죠 머리가 나쁘고 바보일 수 있어요 그러면 최소한 다른  사람들의 조언이라도 귀담아 들을 줄 알아야죠 가족들한테 엉겨 붙어 살면서 왜 말을 안 들어 먹는지 이게 실화라구요 말도 안 돼 작가가 보 탠게 아닐런지 허허홍식이님 외국에도 비슷한 실화가 실제로 있습니다 방송에 나온 적도 있죠 할 수 있다면 아내는 용서하지 마시고 애들은 잘 키워야죠 애들이 무슨 죄가 있겠습니까 아이들로 인해 행복한 삶 살 길 바래야죠 와 내가 본 이야기 중에  역대급이네요 그렇게 아버지가 된 다 의 한국 아침 드라마 버전 리메이크인가보네요 저렇게 쓸 거면 아침 드라마 작가를 하지 왜 저런 개호구 근데 저런 개호구가 결혼은 잘 하고 합니다혼인율 올려주는 분들 임 경계선 지능 같아 보이네요 정상인과 지적장애인 사이에 걸쳐 있는 시청률이 아무리 급해도 저런 현실 감 없는 거짓말을 하네요 아침 드라마 작가도 저렇게는 안 쓰겠네요 저거는 동 생이 즐기는 거죠보다 가 소름돋았어요 진짜 정신줄 놓았네요 남의 얘를 키우느라 뼈 빠지게 일을 하다니 세상에 이 와중에 표정 너무 귀엽네요 그래도 어느 정도 심정이 이 해가 되긴 합니다 실화면 역대급 호구네요실명이나 본인 인증도 안 되는 거다 보니 방송 작가들이 마음 놓고 창의력 발휘해서 좋은 작품 썼다고 봅니다 말이 되네 요저러니 저런 사단이 나는 거죠고양이가 가출했다고 돌아올 때 새끼  데리고 오는 것도 아니고 사실이면 가출이 반복될 때 이혼했어야 될 거 같은데 과연 이런 사람이 존재할지 구미 바꿔치기 사건을 본 뒤로 이젠 저런 걸 주 작이라고만 할 순 없단 걸 느꼈습니다 호구부인이 인간 뻐꾸기네요가정법원 방청 한 번 해보시면 기 상천외한 일이 정말 많다는 걸 알게 되실 겁니다임신 때문에 시험도 포기하고 결혼했는데 첫 애부터 딴 놈 애면 저 마녀는 사기 결혼으로  한 남자의 인생을 복구 불능으로 박살 내놨네요 사회와 격리시켜야 할 락마인데요 애가 한둘도 아닌 다섯 소시오패스 엄마친구 아들 와이프도 뻐꾸기였죠 하나 까질러놓고 걸려서 이 혼하고 애는 엄마가 데리고 가는 걸로 끝났는데 생각보다 뻐꾸기는 가까이 있었습니다
박제  tautologytautology,반드시 본인이 직접 확인하시고 신중하게 판단하시기 바랍니다 전체 맥락은 원문이나 아카이브를 확인 하십시오 글의 댓글입니다 글과 댓글입니다 이미지로 인용된 기사는 생략했습니다 전체 맥락은 원문이나 아카이브를 참조하십시오 글과 댓글입니다 이미지로 인용된 기사는 생략했습니다 전체 맥락은 원문이나 아카이브를 참조하십시오 글의 댓글입 니다 글의 댓글입니다 회원정보 클리앙 이용규칙 회원 저격 회원 박제 빈 댓글 등에 대한 조치 기준 안내해당 회원이 과거에 어떤 일을 하였는지 단순 정보의 공유는 위반 사항이 아닙니다 예를 들어 아이디 또는 닉네임을 언급하며 과 거의 글이나 회원 정보 팝업 링크를 게시하는 행위 비난이나 부정적 표현 없이 단순하게 캡쳐 화면 등을 올리는 행위 등은 조치하고 있 지 않습니다,감사합니다 이미 짧게 가셨네요 요즘 아이디 닉네임이 많더라구 요 감사합니다 감사합니다 댓글 보고 깜빡 속아 넘어갈 뻔 했네요 알고 보니 회원 갈라치기였군요뭐 삼 반도체 연구직 종사자 건 카이스트 건 뭐건 상관없는데 찌질 하네요 연봉자랑하길래 쎄하던데 역시나 였네요 포공 학벌빌런 저 아이디도 재가입으로 압니다 왜 자기한테 빈 댓글 붙냐고 투덜 거리던 존재군 요일주일 이용정지 감사합니다
이성윤 중앙지점장 공소장 유출을 바라보며,전 국민이 다 아는 김학의 사건 이 사건의 범죄자가 국외로 도망갈려 고 하는데 긴급 사항이라 절차를 무시했다고 했서 검찰 넘버 인자를 기소하여 범죄자를 만들려는 검찰 그런데 법무부 훈령에도 적시되어 있는데도 불구하고 재판 전공 소장을 유출하고도 공익을 위해 불가피 했다고 개소리 하는 검찰 니들 정말 국민을 개돼지로 아니 이성윤 검사는 재판이 시작 되기 전이라 아직  피의자도 아님에도 조중동 언론조작으로 확신범으로 만들어 윤석 열 처가 집수사 및 기소를 못하게 하고 국민들이 다 아는 김학의 얼굴 번이나 모르겠다고 기소조차 하지 않은 니들이 양심과 정의를 논한다고 할 수 있니 한마디로 범죄 집단이지 윤석열 검사 그리고 조중동을 보고 있어 면 년대 히틀러와 그 똘마니 선전 장관 괴벨스가 생각난 다 그 괴벨스 역활을 조중동이 잘 수행하고 있지 만 히틀러와 괴벨스는 여론조작으로 국민들을 기만 하여 결국 독일 국민들이 엄청난 고통을 받았지 그리고 그 둘은 자살로 마감했지만 그런데 우리 국민들은 그리 무식하고 어리 석지 않아 윤석 열 검사 그리고 조중동 니들을 모두 교도소에서 여생을 편안하고 영원히 보낼 것이 다,다 돈 때문이죠 일종의 카르텔인 거라 저러다 나오면 기본 몇 십억 부터 시작이에요
라돈침대 사건 근황,지난 일이냐 아니냐가 중요한 것이 아니라 진실이 밝혀졌는가 잘 안 되었다면 무엇 때문이었고 어떻게 해결해 나갈 것인가를 늘 고민하는 것 같습니다 라돈 침대 초중반 반응은 기억하지만 결과가 어떠 했는지는 기억에 없네요 다른 사람은 잊어도 전 잊지 못하는 효순이 미선이처럼 이 지사는 남들이 뭐라 하건 이 일을 잊지 않고 해결을 위해 노력해 왔었던 모 양입니다,그렇죠 어물 정 그냥 불타오를 때 확 나왔다 금방 식어버리는 거 말고 정부가 기준이나 해결 방안을 제시해서 확실히 해야 죠 그래야 또 다른 사건이 나왔을 때 해결이 가능하겠죠 엑스베이 스님 라돈뿐 아니라 대다수의 기사들이 그래요 포커스 맞춰질 땐 열심히 기 사써대고 나중에 아 그 거 어떻게 됐지 하고 찾아보면 그대로 뒷수습 제대로 된 경우를 보기 힘들어요 화안금정님 네 그래서  너무 안타깝고 한 편으로는 국회의원 장관들이 국민들 관심사에만 잠깐 연기하다 마는 것 같고 참 그래요 이 거 엄청나게 해결하기 애매한 문제인데이재명이 나서네요 그 많은 매트리스 폐기 하는 게 어려울 텐데 헛 라돈 매트리스라는 게 있었군 요가족들 매트리스 확인해봐야겠네요 이재명이 일은 잘 하네요
인권을 위해 동맹국의 법을 청문회 하던 그 나라 근황jpg,접경지역 안전을 위한 삐라 금지에도 그렇게 인권을 부르짖더니,역시 삐라보단 미사일이 지 차라리 럼프형이 솔직한 편 쪼잔하게 종 잇장을 날리냐 미사일을 날려야지 조국 윤미향이 보고서에 들어갈 때 알아봤습니다 딱 국짐당의 시선으로 우리나라를 판단하네요할러님 그러는 게 자기들한테 이익이 되니까요 그래서 국짐당 놈들이 매국노예 요계속 소스를 제공해주니
박제  JamesHXjamesh,반드시 본인이 직접 확인하시고 신중하게 판단하시기 바랍니다 전체 맥락은 원문이나 아카이브를 확인 하십시오 이 게시물 작성 시점에 가입 후 공감 글 공감 댓글 글과 댓글입니다 가입 후 두 번째 글입니다 회원정보클리앙 이용규칙 회원 저격 회원박제 빈 댓글 등에 대한 조치 기준 안내해당 회원이 과거에 어떤 일을 하였는지 단순 정보의  공유는 위반 사항이 아닙니다 예를 들어 아이디 또는 닉네임을 언급하며 과 거의 글이나 회원 정보 팝업 링크를 게시하는 행위 비난이나 부정적 표현 없이 단순하게 캡쳐 화면 등을 올리는 행위 등은 조치하고 있지 않습니다,거기에 다 중이다 중 아이디 및 징계회피 재가입이라 어차피 내일 아이디 날아갈 겁니다 선명님 이런 일도 있었다는 기록은 남겨야 죠 선명님 선명님 짝짝짝 선명님 원글에 선명님 오셨길래 아 해결됐구나 싶더군 요 감사합니다 아이구먼 길 떠나시겠네요 이용 제한 받고 탈퇴 재가입이 더군 요 어 처구니 없네요 글이 개라고 하니 년간 눈팅했다고 하더니 아이피가 동일한 다 중 아이디로 글은 잘만  쓰심 즉 모든 게 구라란 이야기군요님 노안이 신디 고생허셨슈더 찾으면 우르르 나올 거 같군 요님 아따 아이디 나눠 접속하기도 힘들텐데 작업계정이겠군 요어차피 년 받으실 분인데 다음에 또 제임스 뭐 시기 닉 만들어서 다시 오시겠네요 밑져도 본전
과연 대한변협 쓰레기들 이네요,이 나라 법을 집행하고 국민을 지키는 감찰 사법부 변호사 법 레기들은 어찌 하나같이 저럴까요 마봉춘 뉴스보다 보니 검찰 넘들 기득권 지키려 조국 죽아 고 김학의 같은 성범죄 사범 살리는 꼬라지하고 변호사 넘들도 한 치도 틀림이 없네요 신규 변호사들 지들 장사 안 될까봐 변호사 연수 인원을 제한하고 연수를 받아야 변호사 업무를 볼 수 있는 길을 막아 버렷다네요 이건 국 민들의 보편적 사법 서비스 확대에 대한 중대한 도전이죠 대한변협이 변호사 합격자들 연수 담당인데 말도 안 되는 이유를 대며 상권 보호 차원에서 소수의 연수만 시행하여 다수의 변호사 시장 진입을 막는 행태 이제 지긋지 긋합니다 검사 변호사 판사 아런 것들 지들이 배운 법을 지들 돈 챙기고 권력 잡는데 적절히 사용하는 부도덕성 앞으로 전 민변올 제외하곤 검레기 출신들에겐  그 누구에게도 선출직 투표 하지 않을 생각입니다,민변도 훌륭한 분들도 많지만 아닌 것들도 많아서 그냥 그 인간을 보고 선택하셔야 할 겁니다
터널내 무개념 얌체운전자jpg,아오 개얄밉네요,만원쯤 먹여야 저런 짓을 안 하려나 범칙금 너무 싼 거 같아 요기타 사외 유출님 만원 해야 하지 않을까 요배불뚝이 아저씨님 받고 징역 개월 갑시다기타 사외유출님 재산의 정도 해야 져저걸 만 원씩은 벌금 줘야 합니다만원이면 또 하겠네요 상습범 같은데 범칙금이 만원 이라는 것이 웃기네 요저런 쓰레기들 자주 보죠 분기 지점에 달고 딱지 선물해주면 안 될려나 참 얌체 같은 사람들 많습니다 너무 싸다니까요 술 한 잔 값인데 누가 무서워 하나요 잘못한 건 맞는데 저런 건 너무 흔하게 봐서 뭘 그냥 전 상품권 날려드립니다 저기 러시아워에 차 많이 밀리는 곳인데 엄청난 또 라이가 출현했었군 요 도로 교통 방해로 처벌이 안 되나 싶어 찾아보니 저런 정도로는 해당 안 되나 보네요 처음은 처음이라고 봐주는 것 같습니다 실선 차선 변경이나 깜빡이 없이 차선 변경하는 것들  블박은 어디에 신고하면 되나 요님 여기서 하시면 됩니다꼭 있죠 저런 쌩 양아치들와 저기 출근 시간에 장난 아니게 막히는 곳인데 저긴 진출로는 남태령 먼저 나가고 조금 더 진행하면 사당 방면이 나가는 구조인데 구조 설계가 개판이라 사당 방면이 막히면 남태령 나가는 차는 사당 나가는 차 때문에 나가지 못하고 상습 정체가 일어납니다 그렇다고 해도 저러면 쳐 맞는 거죠 아따 싸 네 요 저기 출근 시간 시시는 저런 차들 나오죠 저도 보면서 만 원밖에 안 하나 하는 생각이 저기 진짜 헬 이 거 보면서 해도 해도 너무한 다 싶었는데 범칙금이 꼴랑 만 원이라 해서 더 허탈했네요 여기는 앞뒤로 카메라만 달아도 괜찮을 것 같아요 과학 빠이브콜드 보리차님 아반떼 같습니다님 앗 그렇네요가 양대교에서 올림픽 대로 진입 할 때도 헬이죠 세치기와 끼어들기 난장판 볼라드라도 세워놓으면  나을까 싶은 생각이 듭니다 아니면 끼어들기 단속용 카메라 설치도요부산에선 매일 일어나는 일이 소년코난님 부산에서는 아예 갓길로 달려와 버리더군 요 저거 차선 못 바꾸게 봉 같은 거 한 미터 정도 세워놓으면 좋을 것 같아요심한 곳은 경찰 캠코더 들고 나와 있더군 요운전할 때 제일 빡치는 경우 죠 하저긴 고속도로는 아니지만 실선이 거의 전 구간이 죠 저희 동네에선 흔한 경우 네요벌 금을 일정 시간 동안 위반 회수의 곱으로 해줘야 합니다 처음 만 원 회차 만 원 회차 만 원
인생은 타이밍  마음이 내키는 일은 미루지 말고 하자를 따랐을 때의 결과,안녕하세요 코지 변호사 입니다 일전에 산재 관련 소송의 글을 올렸을 때 너무나 많은 분들이 공감해 주시고 축하해주셔서 참 감사했습니다 이 지면을 통해 감사 말씀 드려 요 오늘은 같은 사건이 긴 하나 인생에 있어 타이밍이 얼마나 중요한지와 마음이 시키는 일을 미루지 말고 따랐을 때 좋은 결과를 얻은 경험을 얘기하고 합니다 앞서의 산재 사건은 심에서  우리 쪽이 상당 부분 승소를 했고 심에서 화해 권고 결정의 형태이긴 하나 우리 쪽에 매우 유리한 금액으로 결정이 났다고 말씀드렸습니다 그런데 한 가지 문제는 이러한 유리함에 불구하고 사건의 종결이 판결이 아닌 화해의 형태를 가졌다는 데 있었습니다 화해 권고 결정은 양 당사자가 어느 정도 양보를 하고 합의를 하는 형태라서 소송 비용의 부담에 있어서는 거의 관례적으로 절반 씩 부담하는 결정이 나오는 게 대부분입니다 그래서 우리 소송 역시 화해로 끝나게 되어 소송 비용에 대해서는 상대방에게 청구하기가 어렵다고 생각하였습니다 그러나 이 소송은 원고인 우리 측에서 신체감정비용도 부담하였고 인지세나 송달료도 부담하는 등 소송을 위해 부담한 금전이 적지 않았기에 한 푼이라도 더 받아오고 싶었습니다 아울러 변호사 비용 역시 실 지급한 금 액 외로 법이 보장하는 금액만큼은 추후 소송비용 확정 신청을 통해 받을 수 있는 방법이 있어서 이 역시도 더 받아오고 싶었습니다 이 하는 제가 이 소송의 변론기일에서 화해 권고를 받고 그렇게 합의 한 후에 사무실로 돌아와서 했던 일을 적어둔 내용입니다 제가 남기고 싶어서 쓴 글이라 구어체 평어를 사용하고 있지만 그 때의 감정을 그대로 전달해보고자 수정하지 않 겠습니다 인생은 타이밍 마음이 시킨 일은 미루지 말고 즉시 하는 게 좋다 인생은 타이밍이란 말을 자주 듣거나 하곤 한 다 모든 일이 그렇겠지만 절묘하게 타이밍이 들어 맞을 때 일이 술술 풀리거나 한 박자씩 어긋나는 타이밍에 일을 망쳤던 경험은 누구나 한두 개 정도는 가지고 있을 듯하다 얼마 전의 산재 사건은 우리 측에 매우 유리한 내용의 화해권 고 결정으로 마무리가 되었다 기 실 화해로 끝나는 소송은 양 측이 양보할 것은 양보하면서 중간 지점을 찾아 종결하는 것이 일반적인데 이번 화해는 우리 측이 판결로 갔더라도 크게 다르지 않을 수준으로 좋은 결과를 얻었다 하지만 막상 판사님으로부터 변론기일에서 화해 권고를 받았을 때 소송 비용에 대한 부분은 포기해야 했다 보통 승소 판결로 날 경우 소송비용을  상대방이 부담하도록 하는 주문이 나오는 것이 일반적인데 화해로 끝날 경우 소송 비용은 양측이 절반씩 부담하도록 하는 것이 거의 관례화되었기 때문이 다 화해권고안을 여러 차례 수정하고 최종적으로 수긍 한 후 재판을 마치고 서울의 사무실로 돌아온 시간은 늦은 오후였다 피곤하기도 하고 집에 가서 할 일도 있던 터라 사무실에 온 급한 메모만 확인하고 귀가하려 했다  그런데 여기서 타이밍이 등장 괜스레 마음이 판사님의 화해 안을 받아들였긴 했지만 따로 의견서 내서 소송 비용은 상대방이 부담하도록 해달라고 해보는 거 어때 밑져야 본전이고 잘 되면 좋은 거잖아 뭐 이런 대리인이 다 있냐고 생각할지 모르지만 웃긴 놈 한번 되어 보는 것도 손해는 아니잖아 마음이 시키는 일은 지금 즉시 귀가하려는 발걸음을 멈추고 컴퓨 터를 켜서 절차 진행에 관한 의견서를 제출하는 것이었다 우리가 판사님의 화해 권고안을 받아들여준 만큼 소송 비용은 저쪽이 부담토록 해달라는 말을 수려하게 표현하는 게 관건이었다 이런 내용의 의견서를 제출한 시각이 대략 오후 시 분 정도였는데 귀가 후 저녁 식사를 하던 중 오후 시 반 즈음에 사건에 관한 문서가 올라왔다는 이 메일 알람이 왔다 확인해보 니 오 판사님이 올린 화해 권고 결정문이었다 그 내용은 상대방이 오늘 합의했던 금액을 지급하라는 것엔 변함이 없었으나 소송 비용에 관한 것은 소송 총비용은 원고 우리 측가 나머지 는 피고가 지급하라라는 것으로 바로 몇 시간 전에 소송 비용에 관한 의견서를 제출하면서 희망했던 바가 거의 반영이 되었다 순간 소름이 조금 돋아났는데 만약 아까 사무실에서  귀가하려다가 다시 자리에 앉아서 의견서를 내 지 않고 내 일 오전에 내지 뭐 재판부 결정문이 바로 나오겠나라 고 미뤘다면 아마 거의 반드시 소송 비용은 각자 부담하라는 결정이 나왔을 것이 기 때문이 다 일반적인 화해 권고 결정문 소송 비용은 각자 부담이 관례적 이로 인해 우리 의뢰인은 소송비용 지급을 통해 천만 원이 넘는 추가적인 수입이 생기게 되었다 변 호사로서 이렇게 짜릿한 순간은 얼마 없지 않나 싶다 인생은 타이밍 마음이 시키는 일이 있으면 미루지 말고 지금 즉시 하라라는 말이 너무나 잘 어울리는 하루였다 정말 그러했다 위 산재 사건에 대하여 상대방이 우리에게 지급해야 할 억 천만 원 중 억 천만 원이 지난 금요일에 날짜 어김없이 입금되어서 의뢰인 가족분들께 잘 전달하였습니다 앞으로의 회에 걸 쳐 들어올 억 원 역시 그러할 거구 요 그리고 추가로 소송 비용도 별도 청구하여서 드릴 예정이라 기부니가 매우 좋습니다 사건을 위임받은 자로서 마지막까지 최선을 다했던 사건으로 기억할 수 있게 되어 말입니다 인생은 타이밍 마음이 내키면 미루지 말고 해 버리자,우와 변호사님 짱이예 요 변호사님 짱입니 다 변호사님 다른 공간에서도 변호사님의 성공 이야기를 접했지만 다시 한 번 축 하드립니다 부르셨나요 역시 인생은 타이밍이 제일 중요한 거였네요 대단하십니다 정말 본 받을 만한 부분입니 다이 글을 읽고 다시 한 번 책상 위에 포스트잇 해놓은 조급함을 절박함으로 혼동 하지 말자 문구를 찬찬히 되 뇌어 봅니다 글 문맥과는 느낌이 많이 다르지만 판단에  따른 타이밍은 항상 뒤돌아 보면 아쉬움이 있었던 것 같아 요 모르죠 잘했던 결정은 이후의 즐거움에 빠져 잊고 사는 것일 테고 후회하는 결정은 항상 곱씹어 생각하는 법이니깐요
고마운 친구들 뭘 해줘야 할까요,저번 주 시쯤에 다리에서 투신을 하기 전에 제 절친들 친구 라고 부르는 아이들에게 전화를 걸어서 잘 지 내냐 그래 잘 살아라 같은 말만 하고 끊었습니다 그리고 저는 투신 이후 응급실 위 세척 전까지의 기억이 잘 나 지 않습니다 근데 오늘 부모님께 이야기를 들어보니까 친구들이 저를 찾으려고 엄청나게 난리를 쳤다고 합니다 저랑 유튜브 프리미엄을 같이 쓰는 친구는   구글 휴대폰 찾기를 이용해서 제 휴대폰 위치를 경찰에 신고해주고 하던 졸업 작품을 멈추고 기숙사에서 택시비 만 원을 내가며 병원까지 와줬습니다 다른 친구도 마찬가지로 제가 있는 병원 앞에서 가 오기 전에 저를 기 다려줬습니다 그리고 또 다른 친구 무리도 이 소식을 듣고 한 친구는 분당에서 안양까지 바로 택시 타고 병원으로 왔고 휴가가 하루 남은 제 군인 친구도 투신 장소에 남은 경찰에 제 신분 확인 해주고 병원으로 와줬다고 합니다그 외에도 나머지 친구들도 다 너 어디냐 지금 술 한 잔 하고 이야기하자 걱정거리 있냐 등 등 많이 메시지를 보내줬고 요심지어 저 술 마시자 고 한 친구는 평소에 술을 즐기는 타입이 아닌데도 말이죠 그래서 저희 부모님이 보호자 자격으로 병원에 도착했을 때 병원 정문에 이미 제 친구들 명이 와 있었다고  합니다 물론 지정 보호자 인 만 출입 가능해서 친구들은 밖에서 보고만 있었지만 제가 괜찮냐고 많이 물어봤다고 합니다 어려울 때 친구가 진정한 친구라고 해야 될까요 저 때 시간이 밤 시 다 되어가는데 친구지만 이러기 쉽지 않다고 생각합니다 그런데 그 친구들은 그런 이야기는 싹 안 하고 너 괜찮냐 오타쿠는 다음 주에 볼 거 있어서 살은 거임 같은 덕담만 해줍니다 저 친구들이 한 행 동을 굳이 저에게 그날 내가 니 병원도 갔고 막 이러지 않고 조용히 지나가줘서 전 몰랐고 나중에 알았지만 나중에라도 알았으면 보답을 해줘야 한다고 생각해서 글을 적어 봅니다 근데 그 친구들이 말 안 한 이유도 있을 거고 복잡하네요 어떻게 해야 될지를 모르겠습니다 현금은 너무 노골적이고 선물을 해줄까요,살아계신 것이 그분들에게 선물이네 요 젊은 분 같은데 앞으로 그런 생각하지 마세요 그냥 술이나 한 잔 사주세요 얼굴 보여줘도 고마워하실 분들이네요 좋은 친구들 두셨네요 힘내서 잘 이겨내고 잘 사시는 게 친구들에게 보 답하는 거에 요돈과 선물로는 갚을 수 없는 빚인 듯 합니다 앞으로 긴 인생 동안 친구들이 어려울 때 그 친구 분들이 보여주신 우정만큼의 행동으로 갚는 게 적절할 것 같습니 다 지금 맘이 어떠신지 제가 감히 상상히 되진 않지만 친구들과의 우정도 간직하시고 조금이라도 인생을 같이 하시고 싶으신 생각이 드셨다면 아님 그럴 용기가 조금이라도 생기셨다면 그냥 웃으면서 떠들고 밥 한 끼 술 한 잔 기울이시면서 삶에 대한 의욕을 보여주신다면 친구들에겐 최고의 선물일 것 같아요 힘내세요 살아주셔서 감사드립니다 그저 그분들과 소소한 일상을 공유하고 맛있는  것도 같이 먹고 같이 놀러 가는 그 모든 게 그렇습니다 술이나 밥 한번 같이 먹고 열심히 사셔요 그리고 나중에 친구분들이 힘든 일 있으실 때 도와 주셔 요 자살 충동을 느끼실 때마다 이번 일을 기억하시고 살아가면서 꾸준히 연락하는 게 보답이 아닐까 합니다 정신과 약 드시는 거 같으니 술은 드시지 마시고 여유되면 밥 한 끼 사며 고맙다고 하시면 되지 않을까요 저 같으면 편지 쓰겠습 니다 소고기도 쏘고 아무튼 앞으로 좋은 일 만 있길 바라 요 인생 뭐 있습니까 그런 친구들이랑 가끔 모여서 신세 한탄 하며 술 한 잔 하면서 늙어가는 거죠 복 받으셨어요 잘 사셨네요 좋은 친구들이랑 쭉 같이 가십쇼 그게 해줄 일 입니다 버티실 필요 없어요 그냥 같이 늙어가는 겁니다 아니 저런 친구 분들이 있으신데 왜 저런 선택을 다시는 그러지 마세요 친구 분들 봐서라도 열심히 사세요  힘내시고요 힘들어도 같이 힘내요 화이팅 그냥 술 한잔 하면서 종종 그때 너무 고마웠다는 말 전해주시면 충분하지 않을까요 제가 그랬어도 그 정도면 충분할 것 같습니다 그냥 안 주거리 될 때까지 잘 지내시면 좋을 것 같아 요정말 부자 시네요 살아가야 할 이유도 너무 많구요 보답이 무슨 필요가 있겠습니까 그냥 늘 그려셨던 것처럼 친구들과 계속 같이 하시면 그게 보답일 것 같습니다 화이팅 입니다와 저는 지금 죽는다고 하면 죽은 뒤에 마음 쪼끔 아파할 사람은 있겠지만 구하러 올 사람은 우리 형 외에는 떠오르지 않는데 복 받으신 분이네요 두 번째 삶 잘 살아주시는 게 선물 입니다일단 내 동생이라면 뒤 통수부터 한대 갈겼겠지만 살아줘서 고맙구요 살아가면서 친구들과 부대끼며 정을 나누는 게 갚는 겁니다클량에 자주 글을 써주세요 내가 느끼기에 같은 이야기 든 길 가다가 보도 블럭 사이에 싹이 텄다는 이야기든 하루 종일 방에 처 박혀 있었더니 할 게 없다는 등의 글을 써주세요 그리고 그 내용을 줄여서 그 친구들께 돌아가면서 남겨주세요 그게 가장 좋은 선물 같아요 그냥 열심히 사는 모습 보여주세요 얼마 전에 자살 시도한 친구 보고 느낀 게 더 걱정 안 되게 하는 게 최고 더라구요
1980년 5월 18일을 기억하겠습니다,그날의 광주에서 신군부에 저항한 민주시민을 기억하겠습니다 민주시민의 헌신에 감사하고 잊지 않겠습니다,
돈 많이 벌면서 징징대는 사람들 특징txt,자기보다 못 버는 사람들이 대부분인데 그런 거 신경 안 쓰고 일단 징징거리 죠 솔직히 돌려서 자랑하는 거든 진짜 징징거리는 거든 둘 다 웃깁니다 아니 그냥 자랑하라구요 야 나 이렇게 고생해도 돈 많이 벌어요 여러분 힘든데 돈이 역시 좋네요 꺄르 륵 이 게 더 낫지 않습니까 몇 번 제가 인증했지만 저도 수입 좋았을 때 인증하고 햄버거나 커피 쏘고 그랬잖아 요 그냥 기분 좋으니까 제가 한 턱 쏩니다 여러분 저 개고생했어요 하 하하 하 여러분도 좋은 하루 되시라고 제가 많지는 않지만 쏩니다 저도 기 분 좋으니까 뽑히신 분들도 기 분 좋으라는 뜻입니다 이 게 더 보기 좋지 않나요 이렇게 그냥 좋아하면 안 되나요 왜 더 못 버는 대부분의 사람들 기분을 잡쳐 요 안 그래도 성장이 멈춘 시대인데 징징거리는 거 남들이 보고 싶을 까요 근데 뭐 뭐 억 벌어도 힘들어요 혹은 음 그 정도 상위 연봉 벌어도 삶이 크게 바뀌진 않더라구 요 라고 하면서 한 반응 그럼 그 연봉 반토막 나도 삶이 크게 바뀌진 않겠죠 그러면 좌절할 거면서 말이 죠 공감 능력이라는 게 없는 건지 아니 뭐 어쩌라는 건지 모르겠어요 가끔 이런 게 쿨병과 함께 오는 후천적 소시 오패스인가 싶기도 합니다 그 에 나 오는 사람들 중에 돈이 행복의 척도는 아닙니다 이러는데 그런 사람들 대부분이 돈 많이 벌은 사람이예요 돈 이미 많은 사람들이 그냥 아 우린 돈에 질렸어 진짜 가치 있는 건 돈이 아니야 라고 쿨 한 척 하는 거라고 밖에 안 느껴져요 물론 제 주변에도 저런 얘기 하시는 분들 계신 대 저는 항상 그분들에게 말합니다 저도 님들처럼 돈 많이 벌고 모아 놓고 쌓아놓고  그때가서 생각해 볼게요 라고 말이 죠 새벽까지 일하다 이제 자러 갑니다 여러분 좋은 하루 되시길,굉장히 공감합니다 맞아요 차라리 나 열심히 일해서 이 만큼 벌어요 제가 치킨 쏠게요 이러면 밉지나 않을 거 같습니다 그것보다 못 벌어도 열심히 사는 사람들 앞에서 “나 일억 버는 데 힘들어요 징징” 하면 어쩌란 건지 모르겠어요 조롱하는 것 처럼 들립니 다 근데 자랑은 하고 싶고 욕은 먹기 싫은데 내 주머니는 쓰기 싫고 참 힘들게 산 다 싶네요 돈 많이 번 거 자랑하면 좋으니 하나  사주면 좋겠어요 근데 저는 돈 많이 못 벌었는데 돈이 행복의 척도는 아니라 고 생각하는데요 제가 관심을 가지는 부분이네 요저는 그런 흐름 본문과 달리 각 개인을 탓하는 게 아닙니다은 지양해야 하는 게 아닐까라는 생각입니다 과거 양반제든 귀족제든 그런 흐름에서 시작된 게 아닐까라는 생각을 합니다 일종의 리그를 만들게 되는 사회 구조와 개인의 동의에서 비롯된 게 아닐까라는 생 각을 하거든 요양반이든 귀족이든 잘났으면 할 수 있지요 그런데 그게 체제로서 받아들여지기 위해서는 그들만의 리그가 만들어지고 이 리그에 참가하여 쌓임으로 제도가 만들어지는 게 아닐까라는 생각입니다 아쉽게도 인생은 타이밍이지 님의 배포에 따른 기프티콘은 못 받았지만 그러한 조건을 받아들이는 가 사회 전반이라는 큰 틀에서 받아들이는 가는 사회의 성숙성이나 개인의 능력에  따른 게 아닐까라는 생각도 해봅니다 돈의 많고 적음은 비교의 대상이고 더 많은 자가 대우 받는 시대라 업 신여겨지기 싫으면 빚을 내서라도 돈 있는 척 해야 하니까 요년간 세금 면 당장 낼 돈이 최소 만원부터 시작인데 최소 그 정도 돈 내는 데 징징거리는 것 정도는 이해할 수 있지 않을까요 물론 기분 나쁘게 자랑하는 사람도 있겠지만 요정말 우리 모두 솔직해져 요 돈은 많으면  많을 수록 좋아요 전 돈이 너무너무 좋아 욬 전 주식이나 코인 같은 건 안 믿어서 그래서 미친 듯이 일해서 벌고 제 맘대로 쓴답니다 너무 좋아 욬 정말 동감합니다 아니 공산당 사회주의 사회도 아니고 이 좋은 자본주의 사회에서 돈 많이 벌면 자랑 시원하게 하세요 아닌 척 하지 말곸
개그우먼 김미진 4과문txt,원인 글 쓰는 연습좀 하셔야겠네요,사과문인가 요 몇 줄만 읽었는데 라는 생각만 드는 군요글이 참 안 읽히네요변명문을 요즘은 사과문이라고 하나요 사과문이라 구요 뭔 말이 여야 누가 퍼거슨 경 익사하는 소리 안나게 하라뭐라고 주저리 주저리하는 건지 술 먹고 쓴 글 같은 급발진했네요 정신이 힘드신 듯 한데 이 참에 인스타 끊고 병원도 다니시고 마음 좀 추스렸으면 하네요 중언부언하는 걸 보니 뭔가 짠하네 요 입장문에 가깝 네요 내가 난독증이 있었나 저만 안 읽히는 건가요당췌 누군질 모르겠네요 무슨 사과문에 정부 정책이 어쩌고 저쩌고 가 써 있죠 이런 사람들 특징 본인 잘못에는 한 없이 관대함 개콘 출신에 드라마 소울메이트에 나왔던 김미진인가요 아 상태 안 좋네요포브스 선정 올해의 정신이 아득 해지는 글에 선정되겠네요 병이 있어 보이네요헛소리를 참 길게도 써 놨네요 이번 기회에 새로운 분  알고 갑니다이뭐병 블랙리스트 박그네 정권에 아직 사나요무슨 영문인지는 모르지만 연예인 공화국 대한민국 알아야 할 이유도 알아야 할 필요도 없는 글을 찬찬히 읽어 보면 사과가 아니라 비꼬는 글 입니다 뭔 헛소리인지 한심하네요 웃기고 있네 요 공감 능력이 부족한 것도 문제지만 공감 능력이 과도한 것도 똑같이 문제입니다 취했나 싶기도 한 작문이네요 뭐라는 건지 모르겠네요 변명문  길어서 읽기도 구찮네요 어 휴중언 부언혀 가 참 기네요뭐라는 거죠 사과문이면 군 가족에게 깔끔하게 사과하면 될 것을 주저리 입장문까지 쓰네요 셀빅아이님 내가 그런 것에는 다 이유가 있는 법이죠 뭔 사과문에 이 상한 사족들을 저리 갖다 붙인 건지 당 최 이해가 안 가네요 원래 이 상한 사람 인 건가 뭐가 이 리 길어으이 구손절한 사람이랑 건너 아는 사이인데 역시 끼리끼리 노는군요 이 무 슨 저게 진정 사과문이라고 쓴 건가요 뭔 개소린 지 전후 사정 모르고 들어왔는데 웬 넋두리 글인가요 대체 뭔 소린지 도무지 맥락이 안 잡혀 다른 글들 검색해 봐야겠네요 글 더럽게 못 쓰네 요 응 변명밖에 없는데 중언부언 횡설수설 쓰지 않은 것만 못하네요 이게 무슨 사과문인가 싶네요 넋두리 같은데 자기가 무엇을 잘못했고 왜 그랬으며 앞으로 재발 방지하겠단 내용이 하나도 없네요 님 엄마의 마음 흙수저 소시민 감성팔 이용 멘트도 많이 첨가하셨네요됐고요 멀리 안나갑니다의식의 흐름 기법일까요 차라리 학비 벌고 생계를 위해서 아버지랑 같이 일하다가 죽은 지방대생 산재 사고에 열 올리지 진짜 의 대생 죽음에는 과몰입을 하네요 지금도 산업 현장에서 죽는 사람들이 많고 앞으로도 계속 발생할 수 있는 일에는 다들 무관심과 침묵 미진이 답게 사과문이 미진 하네요 부동산은 뜬금 없으면 대통령 언급까지 그냥 아이 잃을 뻔한 그런 일 때문에 과몰입했다고 죄송하다고 하면 되지 변명뿐입니다 사과 없는 사과문 본인 악플 받은 건 반나절도 못 버티고 억울하면서 왜 남의 아들은 살인자로 못 몰아가서 안달인지 과정리 하자면 부동산 올라서 집도 못 샀는데 있는 건 떨어져서 그랬고 고소했다 이거네요 누구신가 했더니 옛날 개그맨이 시군요이게 뭐죠 아무 말 대잔 치로 이슈몰이 하고 싶었구나 옛 다 관심 블랙리스트라 그냥 피해망상이 좀 있으신 거 같네요별 듣보가 다 난리네요사과문 좀 다시 배워야겠군 요 그리고 평짜리 그거 부모님 명의로 돌리면 무주택 됩니다 거기에도 세금은 당연히 붙겠지만 그것 때문에 다주택자 된다고 불평불만을 내 비치는 게 참 안타깝군 요사커 보이님 저도 읽으며 그 생각했네요 자기가 사드린 거면 칭찬받아 마땅 하죠 효녀잖아요 근데 그 팔리지도 않는’ 평짜리 아파트면 부모님 명의로 바꾸면 양도세 증여세 거의 안 나올 겁니다 그것도 생각 못 또는 안 하면서 다주택자라고 못 사게 막는다고 원망을 이거 참 어디부터 어디까지 망가지 신건지 안타깝네요 일기는 일 기장에 또 무슨 블랙리스트니 뭐니 있지도 않은 일을 있는 것처럼 이 재용이나 전현무 사과문을 보내 드리고 싶네요 자기가 잘 못 쓰 겠으면 잘 쓴 사과문을 레퍼런스하는 것도 좋은 방법 중 하나인데 말이죠먼 소리 야 여러 사람 보는 데서 주둥이 나 불댈 땐 생각이란 걸 좀 더 했어야 죠 다 자업자득입니다 뭔 소리래요 어이가 없네요 글도 더럽게 못 쓰는 군요 그냥 대놓고 욕하지 누가 보면 피해 잔줄 남산 중정으로 소리 없이 끌려 갈까 무서웠나 보네요 얘는 뭔데 자꾸 그 포토존에서 초코렛 메갈꼴 페미 손꼬락 질 하던 애하 고 쌍으로도대체 누군지 인 지지도 없는 사람들이 나 불나불 거리는지 요즘 방구석 코난이라더니 엉덩이 탐정인가 첨언한 내용들은 불필요한 내용들이네요 그냥 깔끔하게 사과하고 끝맺는 것이 본인에게 훨씬 좋을 텐데 사과문은 넋두리 하라고 있는 게 아닌데 사과문을 써야지 자기 푸념을 쏟아 내 놓고 그걸 사과문이라 하는 게 어의 상실이네요에 혀 김미진이 누군지 기억나지 않아서 검색을 해 본 시간이 아깝네요 첫 줄부터 글렀는데요 다 읽고 나서 드는 생각은 요나다 이 들 아 알겠으니까 그만 좀 해라 넌 잘못 하나도 안하고 사냐 급발진 그거 한번 한 걸 가지고 그만 좀 지랄해 라이게 과 문이야 변명 글이야 사과문의 정석 좀 보고 다시 쓰라 해야겠네요 읽어보려고 노력은 했지만 내용이 횡설수설이라 뭔 소리 하는지 이해가 안 갑니다 이걸 사과라고 어휴 두 줄 읽기도 힘드네요 살면 서 읽은 가장 삐딱한 사과문이군요 그놈의 나문지 과학의 나문지 알지도 못했지만 알기도 싫어지네요 꺼지세요 김미진이 누군지도 모르고 관심도 없지만 사과문에 부동산 정책이 왜 튀어나오는 거죠 새상 갑 툭튀네요 저 지능으로 경희대는 어떻게 졸업한 건지 칼리스타님 저분은 수원캠퍼스 졸업으로 알고 있어요 포트거스리퍼님 지방캠이면 동문이라고 들 안 하시던데 아 제 지인들은 그렇더라고 요 그래서 이 사람이 누구 임 이런 걸 혼쇼라 하지요 남탓 잘하는 성격이 죠 이런 사람들이 자기한테 끝도 없이 관대함참나 부모님 사드렸으면 부모님 명의로 하면 될 것을 자기 명의로 해놓고 다주택자 되었다고 툴툴 거리는 사과문은 처음 보네요 잘못이 뭔지 파악을 못하니 억지춘향 사과문이 나오는 거죠 사과문이란 걸 쓰기 전에 뭘 잘못했는지 생각이란 걸 해야지 생각이란 걸 하는 사람이면  그런 글을 쓰지는 않았겠지만 그냥 프사로 퍼거슨 경 짤방이나 올리고 계정 비활성화 하면 될 걸 자기 친구들 단톡방에 나 글을 쓰던 가 참 길게도 헛 소리를 써놓는군 요 역시 은 쓰레기통이었구나 글이 의식의 흐름대로 그냥 마구 써내려간 모양새군 요스스로의 말에 앞뒤가 하나도 안 맞는 사과를 해야 할지 변명을 해야 할지 잘 모르겠으면 그냥 닥치고 있고 진심 사과할 생각이면 사과만 그러니 까 사람들이 잘못된 거 지적하니 사과하는 척이라도 해야겠고 먼 가 글쓰기는 싫고 변명하고는 싶고 내가 문제는 아니고 괜히 나쁘게 모는 거 같다고 말하고 싶다는 말 같은데 별로 공감되지 않네 요자기 무덤을 계속 파시는 거 같은데 참 그렇네요 회사에 말을 너무 못 알아 들어 다른 부서로 계속 뺑뺑이 돌리는 분이 있는데 그분이 생각납니다 물론 일도 못합니다햐 뭐라 해야 하나  휴아니 이건 초딩 일기도 아니구 넑두리도 아니구 내 입장은 이렇다는 이야기를 주 절거린 거 같긴 한데 안녕 나는 멍청해 뭔 소린지 그래서 사과문은 어딨어요 정말 임기 말이라고 아무거나 막 튀어나와 랄이군 요중 정헛 웃음이 폭소로 변할 뻔미진이씨 좋은 세상 사는 지 아슈한심한 물건 같으니 쯔쯔쯔 늘 흥분 상태로 사는 듯 생각도 과하고 말도 과하고 저분은 끊으시는 게 좋을 듯합니다
클리앙은 참 신기하네요 억대 연봉자,우리나라 근로자 명 중에 명 정도 있는 억대 연봉자가 척척 잘도 나오시네요 게다가 스스로 억대 연봉자라고 밝히면서 요 안타까운 점은 대부분 인증을 안하시더라고요 안 하는 건지 못하시는 건지는 모르겠지만 요 추가 일반 회사원도 근로자이지만 사로 끝나는 직업군도 근로자입니다 위 자료는 연말정산 자료 기준으로 근로자를 선정한 거거든요,전 어 때 연봉자가 아닙니다 아이티 근로자 만 명 있으면 명 억대 연봉자 있을 만하네요 인증 한 번 해 유 년 동안 억인 디시무룩 뉴스 보니까 만 명이 넘는다고 하던데 밖에 안 되나 요저도 억대 연봉자입니다 영점 몇 억억대 연봉이지만 부동산을 못 가져서 힘들다 이러는데 그 아래 도 못 갖고 요세상 혼자만 힘든 줄 알아요 굳이 인증을 해야 할 필요는 없다고 생각 합니다 그러거나 말거 나요명 중에 명이면 많은 거죠 개인정보이기도 하고 인증한다고 믿는 것도 아니고 그래서 아닐까요지덕님 여기서 인증한다고 댓글이 덜 날카로워지지도 않죠 유저 수 생각하면 는 얼마든지 있을 법한 것 같은데요글 게 유 진짜 받으시는 분도 많겠지만 아무리 과 표본된다고 해도 여기는 명 중 명은 억대 연봉인 듯 합니다 부럽치킨이라도 좀 뿌리면서 자랑질을 하시던가 해주세요클량 회원수가 만이 훨 씬 넘어요 그럼 적게 잡아도 만 명은 있지 않을까요 천이든 억이 든 월급쟁이 거기서 거기에 요 애 학원 더 보내고 외식 더 하고 진짜 부자들은 웃습니다 아주 쉽죠 지들끼리 치고 박고 억대 건 뭐건 연봉 글 올라오면 어 그로일 확률이 매우 높죠 근무하시는 분들 중에 억대 연봉 받으시는 분들 많은 거 같습니다 주변 분들 연차 좀 있는 매니져 급인데 다들 하게 받으시더라고 요클량 특성상 여기  억대 연봉자 꽤 될 걸 요인증 한 번 해주면 다 믿을 수 있습니다만 말로만 억대 연봉자 다 이러면 믿을 사람이 얼마나 있을까요 그러니깐 요저도 억대 연봉 받아보고 싶어요 과 연 언제 세금 많이 낼 자신 있는데 연봉 정자수 어떤 게 높은 게 위너일까요억대 연봉이란 건 괜찮아요 근데 넉넉하지 않다는 제목은 명에 대한 상대적 박탈감을 유도하죠 지금 이 글의 조회수가 지금 명 정도 되 니까 명의 억대 연봉자가 이 글을 읽었겠네요 사실 저는 집 장롱 속에 짜리 황금 두꺼비가 있구요 차는 벤틀리인데 그거 흠집 날까봐 지하주차장에 세워놓고 걸어 다닙니다 라는 주장과 다를 게 없죠 시커먼 사각님 진짜 우리 집에 금 두꺼비 있슈 진짜 유 믿어 주 세 욧에 명이면 꽤 나올 것 같은데요 여기 회원 수만 해도 전 대략 천에 명 정도 일 줄 알았는데 의 외로 많네요 무려 년간 눈팅 을 하셨댑니 다 그런데 가입을 하고 글쓴 게 단 두 개인데 그것도 목적이 있는 글이 죠 그러면서 억대 연봉자라네요 그걸 누가 믿나요 말은 누구나 할 수 있어 요님 믿을 수도 있고 안 믿을 수도 있어요 본인의 선택입니다 저는 님이 쓴 글은 님이 쓴 게 아니라 가 쓴 거라 생각되네요 아니라고 하면 그걸 누가 믿나요 말은 누구나 할 수 있어요 네이프님 년간 눈팅해서 글을 못 썼다고 하면서 다 중이 로 글은 잘만 썼던 데 뭔 소리신지 본인이 어 그로끄니까 다른 어 그로 쉴드를 치시는 건가요 네이프님 다중이 글에 공감 한 명유 유상종 입니다네이프님 회사원으로 억대 연봉 받는 직업이 뭐가 있을까요극히 일부분 입니다 전문직 제외님 잘나가는 대기업이나 받겠죠 거기 다니는 사람은 또 자기 주위가 다 그렇게 받을 테니 억대 연봉 많다 절대 많은 돈이 아니다 먹고 살기 힘들다 이런  소리를 할 거고요이쯤 되면 억대 연봉 받아도 살 기 힘들다는 소리 하는 사람은 지능이 문 젠지 공감 능력이 문 젠지 모르겠네요님 잘 나가는 대기업 몇 곳만 과 장 이상 인센 포함해야 억을 받을 텐데 어 그로 글은 억을 너무 쉽게 생각하는 거 같아요 이러든 저러든 상대적 박탈감을 유도하는 것이 변함이 없다는 거죠 그리고 제가 줄곧 말씀드리지만 이상민 의원이 발의 한 건 뭉갤 겁니다 민주당도  생각이 있습니다 그리고 밑글은 분탕치기 좋았더군 요대기업 직원 대 되면 원천징수 기준 대부분 억대에 요선명님 오셨네요 명 중 명이면 엄청 많은 거 아닌가요 여기 댓글 단분이 명이니 적어도 지금 한 분은 억대 연봉자란 얘긴데 어차피 인터넷에 올라오는 대부분의 글들은 믿을 게 못 됩니다 허위거나 과장됐거나 등 등 그냥 그러려니 하고 생각하면 발끈할 것도 없습니다 여기 개발자 많잖 아요 요즘 개발자 중에 억대 연봉 많아요 인증이 필요할 정도로 드물지 않습니다 시세 아님 개발자 중 프로 하시는 분들 중에 억은 기본으로 받으시고 다니는데 정직원 중에 억을 받는 사람은 드물지 않나 요님 공기업 개 직원 평균 급여가 억이상이라네요 일반 기업 중에서 개발자 직은 특히 경력직 품귀 현상이라는 요즘에 많진 않아도 그렇다고 극히 드물 것 같진 않아 요인증하면  인증타임 왔다고 뭐라 합니다 세금 관련 고 연봉자들 헛소리는 논 외로 치고 클리앙이 비교적 다른 커뮤니티보다 전문직이 많음 저연봉자가 연봉 자랑 글을 쓸 이유가 없음 이 두 가지 때문에 당연히 억대 연봉자 글이 자주 보이는 겁니다 의대생 난동 사건 때도 생각해 보면 평상시에 조용히 직종 얘기 없이 활동하다가 어디 감히 천한 것들이 천룡인을 욕해라며 폭발했던 의사만  해도 얼마나 많았습니까 하물며 에서도 고 연봉자 꽤 있고 다른 전문직들 많은 것 생각하면 더군다나 우리나라 세계 위 경제권 부자 나랍니다 당연히 인구 많은 부자 나라니 전문직들 많이 모여 있으면 억대 연봉 정도는 생각 외로 꽤 흔하죠 레알 마끼아또님 그 억대 연봉자라는 분들이 커뮤니티에 와서 연봉 자랑질을 대 놓고 하진 않는다는 거죠시커먼 사각님 차라리 대 놓고 하면 낫죠징 징 거리는 게 토나와 요시커먼 사각님 그럼에도 불구하고 최저임금 겨우 넘기는 분들보다는 자랑 질 할 가능성이 훨씬 높겠죠 근데 강남 빌딩을 살 것도 아니고 억대 연봉 받으며 아끼고 잘 모으면 금방 씨드 모으고 대출 땡겨서 구축 아파트 정도는 얼마든지 갈 수 있지 않나 요 열심히 모아도 부동산이 답 안 나온다고 할 정도인지 억대 연봉 머리숱 많음 정자수 아쉽지만 그건 초양 극화라 그런 거예요 진짜 널렸습니다 의사는 세 후 월천 연봉으로 치면 억세금 엄청남 널렸습니다 그래도 서울 다주택자가 최고 약 년간 억은 기본 별도로 벌었답니 다 경험하지 못한 세상이 되었죠 근데 제가 억대 연봉이어도 굳이 인증까지 해가며 믿어달라고 하진 않을 것 같아 요 못 믿으면 어쩔 수 없지 뭐 라고 말 듯 물론 인터넷에선 키보드만 있으면 누구나 억대 연봉자가  되기도 하지만 요 어차피 전 끌량 평균 연봉 깎아먹는 존재라서 연봉 얘기 나오면 아 또 쿨 탐인가 하는 생각뿐 또르르 클리앙 정도면 돈 많은 사람들도 많을 걸요 전문직도 제법 되고 억대 연봉이 현실에 흔하지 않다고 해도 모이는 동네에는 흔하지 않을까 그리 생각합니다 내 주위에 많다고 해서 전체적으로 흔한 건 아니죠 저도 제 친구들 단톡방에 한 명 중 둘 정도 빼곤 다  억은 법니다만 그건 제 주위에 많은 거지 전체적으로 많은 건 아니잖아요억소리 나 게 벌고 싶어 여근데 억대 연봉 받는다고 부자도 아닙니다 진짜 부자는 저 머리 꼭대기 위에 있어 요억받으나 천받으나 다 고만 고만 하게 사는 노동자 죠 갈라치기해서 밑에 것들끼리 싸우는 꼴이에 요 삼성 이건희 상속이 조죠 밝혀진 것만 말이 조지 억대 연봉 아무리 받아도 만년 걸립니다 인류의 역 사와 함께 벌어야 해요 진짜 부자들한테 걷어야지 꼴랑 억버는 사람들 쥐어짜서 뭐 얼마나 세금이 걷힐지 모르겠습니다 그게 맞는 건지도요 제가 볼 땐 똥볼 거하게 찼어요 전체 월급쟁이의 뿐이라지만 클리앙은 전 국민 균질하게 모인 집단도 아니지요 전자기기 좋아하고 나이 어느 정도 있으셔서 직장에서도 연차 좀 쌓이고 클리앙에서 억대 연봉자는 보다 훨씬 더 될 겁니다 당장 소모임  게시판에서는 외제차 얘기가 얼마나 많은데요 하늘 풀님 굴 당만 가도 일주일에 한 번씩 포르쉐급 구매 인증 상담 올라오죠 평일 낮에 인터넷 할 수 있는 직업에 수십 수백만원 하는 기기 관심 있는 사람들 모아놨으니 보다는 훨씬 높겠죠 오늘은 연봉이 군 요 매번 클량 평균 억이라고 그러더니 핫하네요 인증 없으면 분탕질 인증하면 자랑질뭘 해도 깔거면서 영 끌 억은 아마 꽤 흔할 껄요 경험상 고학력 자 비율이 어느 커뮤니티보다 높습니다 사실 억대던 천대던 남일에 남의 돈이라 별 관심 없습니다엠팍은 평균 억일껄요
여고생 태권도 고려 품새gif,특전사 등에 넘나 므찌 자 너,와 베이겠어요 멋집니다 고려 금강까진 했는데 생각도 안나네요 어우야 멋지네요와 진짜 오랫만에 보는 고려네요 다들 코찔찔이 때 보거나 하셨을 발 각도가 이야 시원시원하게 차네요칼 군 무 이거에 비하면 제가 했던 품새는 고려가 아니고 구려였던 듯 님 다른 학생 같은데요 중학생이라네요 욕심관리님 멋진 걸 떠나서 절도가 있네요 대단합니다님 고려가 아니고 구려 원래 다리가 저까 지 올라가는 거였어요 인 줄 다리를 너무 올려서 좀 과장된 느낌이라 아쉽네 요 품세도 절제된 형태가 제일 멋진데요 진짜 쎄보이네 요겨루기 태권도복은 쫄쫄이 레깅스로 확정된 건가요 태권도는 그냥 품 새겨루기 체조형 무도로나 봐야 되겠네요 날이 살아있네요 멋있어요 저 발차기 맞으면 턱이 뒤통수로 가겠네 요 품새 동작이 왤케 오바스럽지
광주처럼 포기하지 않겠다 미얀마에서 보낸 메시지  JTBC 뉴스룸,광주처럼 포기하지 않겠다 미얀마에서 보낸 메시지 뉴스룸,응원합니다 미얀마 절대 지지 말고 민주주의 쟁취하길 미얀마 보면 역사가 깊은 나라는 국민들이 강 하구나 싶어요 진짜 저렇게 하기 쉽지 않아 요미얀마에는 평화와 민주주의를 우리나라는 검찰 개혁 언론개혁 사법개혁을 염원합니다
근데 페미 세뇌교육 청원은 언제 검토 다하는걸까요,아직 안 됐네요 혹시 모르시는 분들을 위해 설명드립니다만 청원은 명이 넘기 전까지는 비공개로 진행됩니다링크 있는 사람만 청원 가능 명이 넘으면 관리자가 이름이나 업체 명 등을 블라인드 하거나 요건에 맞지 않는 부분을 제한 한 후 공개하게 됩니다 이 검토는 답변에 대한 검토가 아니라 청원 내용의 공개에 대한 부분입니다 통상 일 이내로 모든 검토가  이루어지는데 주가 지난 오늘까지 비공개 네요,그거 안 한다고 이미 발표 하지 않았나요아 내용 공개 얘기군 요님 뭐를 안하나요 교육부 입장 발표 말씀하신 건가요님 예 그 거 얘깁니다설마하니 그냥 뭉개고 있을 생각은 아니길 바랄 뿐입니다 저거 관리하는 디지털 머시기가 남자들이 생리통 안 겪어봐서 아직 생리통 문제를 해결 못했다고 아주 개념 찬 글 싸지른 페미라고 하죠 현 정부 페미 문제는 애초에 제대로 된 정보가 전달되 지 못해서 더 심화되는 거라고 봐요 언 제쯤 정신 차릴지진성님 헐 그 짤 생각납니다 생리통의 원인은 생리 때문이고 생리를 없애 버리는 약 개발 못한 남자 탓이 쥬 숏컷 바지 생리 안함 뭐죠 저 청원 비공개 하고 있는 것만으로 이미 답변은 된 거 같은데요 그렇다고 그 기간 동안 아무 청원도 공개되지 않았거나 한 것도 아니고 더 뒤에 더 적은 숫자로 올라온 청원들 도 속속 공개로 전환되고 있던 데이쯤 되면 일부러 무시하고 있는 것이라 판단함에 부족함이 없다고 개인적으로 생각합니다 또한 유리한 질문에만 대답하겠다 라는 것으로 읽히기에도 충분한 시간이라고 봅니다 정말 기대 많이 하던 시스템이 고 여지껏 순 기능도 많았다고 생각하는데 제 기준에서는 대충 여기까지 네요 페미 정권이라고 싸잡혀서 그간 잘한 것들도 가려지고 욕을 처 먹거나 말 거나 여성계를 싸고 돌겠다는 건지 도대체 썩은 뿌리가 어디까지 파고 들어 있는 건지 가늠도 안 됩니다 민주당은 페미 정권이라 극 혐한다고 말하는 사람이 있다면 지지자로서 그런 사람을 설득할 최소한의 명분은 만들어 줘야 하는 거 아닌가요님 결과적으로 보면 청원 시스템이 득보다 실이 많았던 것 같습니다 페미 하나가 다 망쳤죠 교육부 월일 민원 올린 거 아직도 접수에서 안 넘어가고 있 습니다님 잊어먹기를 기다리는 것일까요 수탉들이 그렇지 뭐 하면서 님 국민신문고 인가요 당연히 심각한 문제라고 답변을 해야 하는데 이걸 미루고 있다는 게 이게 말이나 되는 일인지 모르겠네 요 청원 담당 관련자 지금 제 정신인가요 이쯤 되면 쌍욕쳐 먹어도 할 말 없는 거 같은 데 이거 그냥 조용히 시간 보낼수록 악수라는 걸 모르는 걸까요 다 기록에 남습니다 페미 입장에서는 저게 최 적의 전략이 긴 해요 아직도 교육부랑 여가부가 대책을 합의 못했나 보네요 하긴 답이 없겠지 군사정권 독재정권만 날조와 조작이 있는 것이 아니죠 저런 것도 날조와 조작이 죠 여론조작 여론날조
1억 연봉 분 멀티 아이디인가 보네요,선명 님 무려 아이디가 개 군 여 눈팅 년은 맞는 것 같네 여 선명님 무서워 염,그럼 억 연봉이네요치킨이나 쏴 주고 가지 쿨캣님 헐 그러게 염쿨캣님 헐 논리적 이시다 Σ░꒪◊꒪ 쿨캣님 앗 아님 개 합쳐서 억클량 년 눈팅의 능력치인가요 그나저나 선명님은 대단하네요 녹새님 저두 가끔 선명님이 무심한 듯 댓글에 증거들 남겨주시고 가시는 댓글 볼 때마다 와 나는 여기서 뻘 짓하지 말아야지 생각 들어요 다 중이로 억 벌 수 있나보군요 억 개 억입니 다 이런 거 다들 계산 하실 수 있자나 요쿨캣님 히익 푼돈 모아 어 때 연봉 성수동 님 티끌모아 억대 연봉자랑 할라고 년을 버틴 건가요 아니면 멀티 아이디 합쳐서 억 아닌가 요별이 빛나는 님 예전 기록들 보니 짬 있는 개발자 분 아닌가 싶기도 해요 요즘은 나무 심는다고 하죠 조심하고 경계해야 합니다 점점 지능적으로 하니깐 요 선명님 대단하네요 어떻게 찾으시는 거죠 앗 저도 계정 개 만들면  그래도 연봉 천이네요 따라란 님 흑 우연이겠죠 년 눈팅하셨는데 선명님이 누군지 모르나 봐요 증거 없이 등장하실 분이 아닌데 말이 죠 삭제될 글에 모르쇠로 댓글 달고 있습니다 재밌네요 백곰군님 으 억 구경 하고 왔는데 꿀잼이네 여 개발자라면 저 댓글들에 저렇게 모르쇠로 답하면 안 될 텐데 요
검찰 개혁하라고 뽑아주었더니 사회 연대세,더민주당 망할 짓 골라서 하네요 도대체 누구 머리에서 나왔을까요 선별 지급 사면발의에 이은 똥볼 탄이네요 부디 전체 당론이 아니길 빕니다,요즘 참 힘드네요 욕하면 또 뭐라고 답해야 하나 여기도 세금 내고 싶으니까 억 넘게 벌고 싶다는 분들도 있어요 그게 중요한 게 아닌데 말이 죠 진짜 대통령이 멱살 잡고 가면 끌어내리고 끌어내리고 그러네요어의 가 없어요 진짜 뭐 전체 당론이 고 뭐고 보도 되었으니 끝이 죠 대출도 마찬가지로 근래의 민주당은 차기 대선에서 반드시 패배하고 야 말겠다는 결연한 의지가 느껴지네요 괜찮은  법이라고 생각합니다 필요한 법이에요 넘버원파이어족님 하아님 빈부격차의 해소는 제일 중요한 사회 과제입니다 넘버원파이어족님 역분탕 고만 하시죠이제 대놓고 작업하시네 요세전 억 기준이면 적용되는 분들 꽤 많긴 해요일부라 대선 망할라고 저러나 봅니다 흑수저로 흑수저를 방어한 다 자기들 딴에는 기 막힌 아이디어 라고 자화자 찬 하고 있을 걸요 과세표준 억 이면 해당하는 사 람이 그리 많지는 않을 텐데 요저는 과세표준 억이라고 알고 있습니다만 혹시 제가 잘못 알고 있는 것이라면 지적해주세요 파랑 바람님 전형적인 탁상공론이 죠 해 당 계층에는 반발을 과세표준 억 이상 고소득자 중 더민주 지지층도 상당히 있죠 혜택 받는 계층은 그닥 고마워 하지 않는 역설적으로 이 계층은 국짐당 지지층이 많죠 사회 연대 세 다음은 또 무슨 세금일까요님 해당 계층이 반 발하고 혜택 받는 계층은 무관심하고 오히려 같이 욕하고 조중동은 지랄하고 하겠죠 동의합니다 하지만 저는 기 본적으로 증세에 찬성하는 사람이고 지금과 같은 대양적완화 시대에는 올바른 방향이라고 생각합니다님 잘 벌고 잘 살면 더 내는 게 당연하죠 그게 싫으면 안 벌면 되는 거지 넘버원파이어족님님 세상에 돈 많이 벌어서 세금 많이 낸다고 저소득층이 감사하게 생각해야 한다는   생각을 하며 사신다니 저소득층을 개 돼 지로 보시는 것도 아니고 가서 인사라도 드리면 세금 더 내주시고 돈 좀 써 주십니까 하는 꼴 보니 대선이고 지선이고 쫄딱 망할 듯합니다망했어요 시급한 우선순위는 하나도 해결 안 하고 똥볼만 차는 거 같습니다 사회연대 세금을 도대체 어떤 언론에서 더민주의 고상한 뜻을 재대로 설명이나 해줄까 싶습니다 민주당 종 특 갈라치기 설마 또 반대하 는 사람들 적폐라고 몰고 가는 건 아니겠죠
탈비트 중인 메이저 알트 코인 추천,요즘 비트코인 하락세 때문에 당원분들께서 많이 힘드신거 같습니다 그래서 비트코인의 무빙을 따라가지 않고 점진적인 우 상향을 하는 근본 코인들을 추려봤습니다 이 코인들은 제가 실제로 매매하고 있는 코인이기도 합니다 이 더리움은 근본 중의 근본 중의 근본입니다 자세한 설명은 생략합니다 바이낸스코인은 그냥 근본 중의 근본입니다 창평이 형 믿고 갑니 다 븐브가 망하면 제의 마운트 곡스 사태가 펼쳐질 겁니다 무조건 창평이 형을 믿어야만 매매할 수 있습니다 그만큼 현재 코인 시장에서 븐브의 영향력은 절대적입니다 제 포트폴리오에는 없음 카르다노는 과거 먹방의 아이콘 찰스는 잊어주세요 지금은 환골탈태 수준으로 개발 중인 코인이나 아직까지 제대로 보여준 적은 없는 코인이기도 사실 잘 모르겠습니다 그냥 차트가  좋습니다 폴 카닷은 근본 중의 근본입니다 창평이 형이 여러 코인을 밀어주고 있지만 폴 카닷처럼 대 놓고 밀어주는 코인은 정말 몇 없죠 현재 인터체인 메타의 선두를 달리고 있기도 합니다 또 개발자가 이 더리움의 공동 창립자인 개빈우드입니다 백그라운드만큼은 확실합니다 쿠사마는 폴 카닷의 테스트 버전 코인이라고 보면 됩니다 솔라나는 떠오르고 있는 신흥 거 래소인 에서 밀어주는 코인입니다 의 인 뽀글이 형을 믿고 갑니다 또 속도에 몰빵 한 코인이라서 디파이 생태계에 매우 최적화되어 있고 자체 생태계를 빠르게 구축 중입니다 토큰은 의 기축코인입니다 앞으로 바이낸스 다음으로 발전될 거래소라고 생각합니다 폴라곤은 이 더리움 레이어 솔루션 메타의 근본 중의 근본이면서 최근에 이 더리움 기반 디파이코인들에게 선택이  되면서 매우 빠르게 발전 중인 코인입니다 테라는 탈 김치화된 코인 중 가장 성공적으로 성장하고 있는 코인입니다 테라의 스테이블 코인들이 런칭되고 나서부터 천천히 테라 생태계를 구축 중이고 여러 테라 기반 디파이코인들을 직접 런칭하면서 더더욱 빠르게 발전 중입니다 니어 프로토콜은 이 더리움의 토큰들을 자체 플랫폼으로 가져와서 구동할 수 있게 해주는  브릿지 역할을 하는 코인입니다 현존하는 코인들 중 이 더리움과 가장 완벽하게 호환됩니다 또 탈 중앙화 디앱 개발에 매우 수월해서 생각보다 여러 해외 크 립토 셀럽들이 극찬하고 있는 코인이기도 합니다 사실 이 코인들 빼고 여러 코인들이 있긴 하지만 이 코인들이야말로 정말 근 본력이 넘치는 코인이라 생각합니다 비트코인의 스캠 무빙에 질리신다면 위의 코인들도 같이 매 매해보시는 것도 추천 드립니다,폴 카닷 꾸준히 갖고 가고 싶은 코인입니다 소식도 잘 올라오고 일 뒤 뭐 하는 거 같았어요 코스모스 체인 링크는 어떤가 요지구야 힘내님 체인 링크와 코스모스는 살짝 비트 따라가는 무빙을 보여주고 있어서 제외했습니다 둘 다 매우 좋게 보고 있습니다체인 링크는 디파이의 기반 코인이라서 필수구요 특히 코스모스는 폴 카닷과 함께 같이 성장해 나가는 코인이 되지 않을까 생각하고 있습 니다 또 코스모스의 텐 더민트 코어 블록체인 기술력은 초근본이라고 생각합니다 생태계의 근본이 되는 기술력이라서 요 코스모스는 마켓팅만 조금 신경 써주면 좋을 거 같네요 안산 토박이님 와 설명 감사드립니다 비트나 이 더보다 이런 쪽으로 장투해볼려고요 감사합니다 상위 코인들 저도 다 좋아하는 코인들이네요 차근차근 탈비트 해주기를 바랍니다 저는 저기서 을 적립식으로 사서  스테이킹 하고 있습니다님 선구자이십니다 솔라나와 는 와 솔라나 기반 디파이코인들이 성장할수록 무조건 상승할 수밖에 없는 특성을 지닌 코인이라고 생각합니다 바이낸스코인처럼 요배우 고 갑니다이더까지는 알겠는데 그 뒤는 잘 모르겠네 요년 전에 나왔던 말 또 나오네요 효자아서 스님 그냥 현재 돌아가고 있는 코인판 메타가 대충 이렇다라는 걸 알려드리고 싶었습니다 당연히 근본은  비트와 이 더 죠꼴까닷은 근데 너무 사람을 질리게 하는 뭔가가 있던 좋은 글입니다 는 이미 근본이 되었고 솔라나 생태계 애들도 핫하죠 모아볼 만하다 생각됩니다루나는 솔직히 가격적인 면에서는 추천하고 싶지 않습이 더를 매집한다고 가 정하면 특정 가격 아래로 오시면 매집을 하는 게 나을지 아니면 꾸준히 모으는 식으로 적립식이 나을지 고민중인데 혹시 어느 게 낫다고 생각하 시나요 현재 이 더 보유 중인데 이렇게 세 번 구매했더니 뭔가 메리트가 낮아지는 거 같아서 요 좋은 글 감사합니다와 그래도 근본 코인들만 나 열 해주신 거 같습니다 다들 좋은 코인들이 죠이 더 가 대세된 뒤로 폴리곤 정찰대 보냈는데 벌써 배가 넘네요 소액이지만 올해 쭉 들고 있을까 합니다 아내 선물 하나는 할 수 있지 않을까 싶어요 쿠사마로는 이미 쏠쏠히 득 봐서 다른 픽들 찾아보 고 있는데 마땅한 게 없네요 그래도 저 중에 비엔비가 제일 좋아 보입니다 글 감사합니다 좋은 정보 잘 보고 갑니다 제가 놓친 코인들 은 불 초반할 때 과감히 샀어야 했고 은 불쯤 샀던 거 끝까지 들 고 있어야 했고 쩝 지금은 사긴 좀 부담스러운 늘 오늘의 고점이 내일의 저점이 긴 했지만 비트가 하락 추세 다 보니 결국은 비트 따라가지 않을까요 근데 주시하는 코인들이 막상  너무 안 떨어지기도 하고 어떤 놈은 심지어 오르기까지 하는 기 현상에 거 참 헛기침만 나옵니다 단기 튀는 현상일지 중장기 현상일지 코스모스는 블록체인들의 인터넷이 되는 것이 목적입니다 제공되는 모듈들을 조합해서 다양한 블록체인을 만드는 것이 가능하죠 언급한 코인이랑 국산 테라코인이 코스모스를 이용해서 만들어졌습니다 좀 쩌는 부분은 이렇게 코스모스를 이용해 만든 블 록체인을 코스모스 허브에 연결하면 아예 다른 블록체인 비트나 이 더 같은 과 연결할 수 있다는 점입니다폴 카닷 역시 코스모스와 비슷한데 이를 만든 것이 이 더리움 공동 창업자인 개빈우드입니다 코스모스와 차이점이라면 같이 큰 프로젝트를 런칭하지는 못했고 폴 카닷 허브에는 딱 개의 자리만 있는데 여기 들어가려면 돈을 내야 합니다 쓸모 없는데 폴 카닷네트워크 자원을 낭비하지 않겠 다는 의미도 있고 비즈니스 모델이기도 하고 뭐 그렇습니다 솔라나는 이 더리움을 대체하기 위한 프로젝트인데 비슷한 코인으로 알고란드 카르다노가 있습니다 셋 모두 블록체인 트릴레마탈 중앙화 속도 보안를 해결했다고 주장하는 코인들인데 이 중 솔라나는 겁나 빠른 처리 속도가 장점이라고 주장하는데 초에 개가 한계인 비트코인 개인 이 더리움 개인 비자네트워크도 발라버리는 초당  만개를 처리한다고 합니다솔라나에서 백만 개 트랜젝션에 드는 비용은 불임에 반해 이 더리움은 트랜젝션 개 처리하는데 현재 불 정도 들어간다고 합니다 물론 솔라나 네트워크는 시간 정도 다운된 적도 있어서 아직 불안하다는 점을 감안하셔야 합니다 아직 베타라고 할 수 있지만 미래가 기대됩니다 알고란드는 유우명한 암호학자가 만들었고 마셜제도라는 나라의 디지털 화폐를 알고란드로 발 행했고 이탈리아 출판협회에서는 백만 를 알고란드로 발행하기도 했습니다 카르다노는 많이들 아실 텐데 여기도 이 더리움 공동 창립자인 찰스 호킨슨이 만든 블록체인인데 궁극적 목표는 탈 중앙화된 금융시스템 자체를 만들겠다는 것입니다 어떤 비즈니스를 위한 블록체인 시스템이 아니고 전세계를 위한 탈 중앙화 금융시스템을 만들겠다는 것이 죠 이 거대한 목표를 달성하기 위해서 아주 조 심스럽고 천천히 개발을 진행하는데 여기서는 뭔가 할려면 논문을 써서 검증을 해야 합니다 다른 과학자들과 이 논문에 대해 검증이 끝나고 나서야 해당 코드를 이 행하는 식으로 아주 보수적으로 프로젝트를 이끌어가고 있습니다 전 세계를 대상으로 한 금융시스템이 목적이니 만큼 이 정도 레벨의 검증이 필요하다고 생각한다네요 참 재미있는 코인들이 많은데 여기서 얼마나 미래에 살아 남아있을지 궁금합니다 원 아리님 재미있게 잘 읽었습니다 아리님은 그 중 장기투자로 두 개를 고른다면 어떤 것을 좋게 보실까요 요즘엔 새로운 블록체인 생태계나 프로젝트들에 관심이 많이 가더라고 요 옥석을 가리는 혜안만 있으면 참 좋겠는데 능력인 안 돼서 깔끔한 정리 감사합니다
딴지펌 종교에 대한 명언,아래 밑줄이 하부터 딴지 펌글입니다 이스라엘의 악행으로 종교가 무엇인지 다시 생각해보게 되는 때입니다 이전에 스크랩해 둔 종교에 관한 명언 모음 글인데요 첫 문장부터 작금에 잘 들어 맞아 보이고 공감이 가네요 읽기 어려운 분들은 출처를 가셔도 됩니다 종교가 있든 없든 착한 사람은 선한 일을 하고 나쁜 사람은 악한 일을 한 다 그러나 착 한 사람이 악 한 일을 하려면 종교가 필요하다 스티븐 와인버그노벨 물리학상 수상자 종교란 평민들에게는 진실로 여겨지고 현자賢者들에게는 거짓으로 여겨지며 통치자들에게는 유용한 것으로 여겨진 다 세네카 로마 제국 시절 스토아 학파 철학자 모든 생각할 줄 아는 사람은 무신론자 다 어니스트 헤밍웨이 믿음은 무엇이 진실인지 알고 싶지 않다는  것을 의미한 다 프리드리히 니체 신앙인이 무신론자보다 행복하다는 것은 술에 취한 사람이 술에 취하지 않은 사람보다 행복하다는 말과 같다 조지 버나드 쇼 인류의 큰 비극 중 하나는 도덕이 종교에 의해 납치되었다는 것이 다 아서 클라크 지옥을 만들어 내는 존재를 생각해 보라 인류의 대다수가 끔 찍스러운 영겁의 형벌을 받도록 되어 있다는 것을 미 리 분명히 알면서 그렇게 할 의도를 가지고 인류를 창조한 존재를 생각해 보라 상상이 가는 가 존 스튜어트 밀 지식이 끝나는 곳에서 종교가 시작된 다 벤자민 디즈렐리 영국의 정치가 문인 역사에 기록된 가장 극악하고 잔인한 범죄들은 종교 또는 그와 비슷한 성스러운 동기의 미명 아래 행해져 왔습니다 마하트마 간디 기도를 한다는 것은 한 명의 청원자를  위해 지극히 부당하게 우주의 법칙들을 무효화하라고 요구하는 것이 다 앰브로즈 비어스 미국 저널리스트 소설가 신앙은 교정의 가능성에 일말의 여지조차 남겨두지 않는 인간 무지의 한 형태이다 샘 해리스 세계적인 뇌 과학자 나는 자애롭고 전지전능한 신이 살아있는 유충들의 몸 속에서 그 살을 파 먹겠다는 의지를 뚜렷이 드러내는 맵시벌과를 의도적으로 창조했다는 것 을 도저히 납득할 수가 없다 찰스 다윈 신앙이란 증거가 없이 도심지어는 반대의 증거가 명확함에도 불구하고 맹목적으로 믿는 것을 말한 다 리처드 도 킨스 세계적인 생물학자 무신론 논객 제대로 읽는다면 성경은 무신론을 확신하는 데에 가장 강력한 힘을 준 다 아이작 아시모프 신이라는 말이 우주를 지배하는 물리적인 법칙을 말한다면 신은 존재한 다 그러나 신은 우 리에게 정서적 만족을 주지 않는다 중력의 법칙을 위해 기도 한다는 것이 말이 되는 가 칼 세이건 지구의 진짜 나이와 화석 기록에 대한 지식을 갖추고 있는 균형 있는 지식인이 근본주의자들의 방식으로 성서의 모든 부분을 문자 그대로 진실이라고 믿는 것은 불가능하다 그리고 만약 성서의 일부분이 명백한 오류라면 왜 그 나머지 부분들을 당연하게 용납해야 하는 가   프랜시스 크릭의 이 중 나선 구조를 밝혀낸 세계적인 분자 생물학자 나는 다른 모든 영장류들과 마찬가지로 인간도 신의 창조물이 아니라 매 순간 반응하는 미생물들의 수십억 년에 걸친 상호 작용의 산물이라고 주장한 다 일부 사람들은 과학이 내놓은 이러한 소식을 두려워하며 과학을 거부해야 할 정보의 공급원이라고 본 다 하지만 과학은 나를 매료시킨 다 더 많은 것을 배 우라고 나를 자극한 다 린 마굴리스 우주과학국 지구 생물학과 상임위원회 의장이었던 세계적인 생물학자 이 불가사의 한 우주 어마어마한 범위의 시간과 공간 온갖 동물들 서로 다른 행성들 저마다 운동하는 갖가지 원자들 이 모든 복잡한 것들이 겨우 신이 선악을 위해 다투는 인간을 지켜보는 무대일 뿐이라고는 생각하지 않는다 이 우주는 그런 드라마를 위한 무대라고  하기엔 너무나 광활하다 리처드 파인 만노벨 물리학상을 수상한 이론 물리학자 종교는 권위를 기반으로 하고 과학은 관찰과 이성을 기반으로 한다는 근본적 차이가 있는데 결국엔 과학이 이기게 될 것이 다 스티븐 호킹 나는 자신의 창조물을 심판한다는 신을 상상할 수가 없다 알버트 아인슈타인 나폴레옹이 어떻게 신을 전혀 언급하지 않고 책을 쓸 수 있는지  묻자 폐하 저에게는 그 가설이 필요 없었습니다 피에르 시몽 라플라스 프랑스의 천문학자 수학자 내 평생 인 격신의 존재나 죽음 이후의 삶 천국이나 지옥 등의 종교적 발상들에 대한 눈곱만 한 증거조차 본 적이 없다 토마스 에디슨 누군가 망상에 시 달리면 정신이상이라고 한 다 다수가 망상에 시 달리면 종교라고 한 다 로버트 퍼시그 미국의 철학자 작가 종교는  지적인 면에서 뿐만 아니라 도덕적인 면에서도 해롭다 지적으로 저명한 인물들 대다수는 기독교를 불신하지만 그들은 대 중에게 그 사실을 숨긴 다 수입원을 잃게 될까 두렵기 때문이 다 버트런드 러셀 신이 자신의 모양을 본 떠 인간을 만든 것이 아니다 진실은 그 반대임이 분명하다 크리스토퍼 히친 스 작가 언론인 모든 마을에는 횃불이 있다 바로 교사 다 그리고 그  횃불을 끄는 사람이 있다 바로 성직자 다 빅토르 위 고 나는 죽음이 두렵지 않다 나는 태어나기 전 영겁에 걸친 세월을 죽은 채로 있었고 그 사실은 내게 일말의 고통도 준 적이 없다 나에게 있어서 성경이 마땅치 않은 것은 그것의 이해되지 않는 부분들 때문이 아니라 내가 분명히 이해하고 있는 부분들 때문이 다 마크 트웨인 정치는 수많은 목숨을 앗아 갔지만 종교는 그보다 열 배는 더 많은 목숨을 앗아갔다 숀 오케이시아일랜드 극작가 당신들이 말하는 종교는 아편으로 만든 마 취약과 같은 작용을 할 뿐이다 매혹시키고 달래주고 허약함에서 오는 고통을 잠재워줄 뿐이다 노발리스 독일의 시인 소설가 구원받기 위해 신을 믿어야 한 다 이 그릇된 교리는 잔인한 불관용의 원리이다 만약 지상에 단 하나의 종교가  있어서 그것을 믿지 않는 자에게는 영원한 고통만 있다면 그런 종교의 신은 가장 부정한 또 가장 잔혹한 폭군일 것이 다 나는 스위스에서 아들에게 종교를 가르치지 않는 어머니를 보았다 그 까닭은 이 조잡한 가르침에 만족해 버리면 이성이 깃들 나이에 이르렀을 때 보다 나은 가르침을 경멸하게 될까봐 두려웠기 때문이 다 장 자크 루소 신의 전능함을 그럴듯하게  꾸미기 위해 악마도 신이 만든 것이라고 보고 있지 그러면서도 신은 자기가 만든 악마의 행위에는 책임이 없다는 건가 아놀드 토인 비 나는 우리 둘 다 무신론자라고 생각한 다 내가 믿는 신의 갯수가 당신이 믿는 것보다 하나 적을 뿐이다 혹시 있을지도 모를 다른 신의 존재 가능성을 당신이 모조리 무시해 버리고 있다는 사실을 당신 스스로가 인정한다면 당신은  내가 왜 당신이 믿는 신의 존재도 무시하고 있는지 이해할 수 있을 텐데 헨리 로버츠 종교는 늘 그랬듯이 피에 든 독이 다 살만 루시디 우화는 우화로 신화는 신화로 불가사의는 시적 판타지로 가르쳐져야만 한 다 미신을 진리처럼 가르치는 건 끔찍한 일이 다 유약한 사람들은 그런 가르침을 진리로 받아들이고 나서 엄청난 고통을 겪지만 더욱 비 극적인 사실은  그들이 그런 가르침에 만족감을 느낀다는 것이 다 인간은 살아있는 진리를 위해 그러하듯 미신을 상대로 싸워야만 한 다 미신은 막연하고 실체가 없는 것이 기 때문에 그것에 대항해 반박하기 어렵다 그러나 진리는 시야와 관점의 문제이기 때문에 바뀔 수 있다 히파티아고대 이집트의 철학자이자 수학자 천문학자 기독교인들에 의해 고문당한 뒤 불에 태워져 죽었음 신 은 악을 막을 의지는 있지만 능력이 없는 것인가 그렇다면 그는 전능하지 않은 것이 다 악을 막을 능력은 있는데 의지가 없는 것인가 그렇다면 그는 악한 것이 다 악을 막을 능력도 있고 의 지도 있는 것인가 그렇다면 도대체 이 세상의 악은 어디에서 기인 한 것인가 악을 막을 능력도 의 지도 없는 것인가 그렇다면 왜 그를 신이라 불러야 하는 가 에 피쿠로스 나를 숭배 하지 않으면 너는 영원히 불탈 것이 다 나는 이것이 언제나 추악하다고 생각했다 고어 비달 미국의 소설가 극작가 내가 가장 선호하는 종교의 정의는 신화의 오역이라는 것이 다 영적인 상징에는 마땅히 역사적 준거가 있다고 생각할 때 어김없이 오역이 이루어진다 조지프 캠벨 세계적인 비교 신화학자 만약 신에게 이야기를 건낸다면 당신은 기도 하고 있는 것이고 신이  당신에게 이야기를 건낸다면 당신은 정신분열증을 겪고 있는 것이 다 토머스 사스 저명한 정신분석학자 내가 삶에 대해서도 미처 모르는데 어찌 죽음과 사 후 세계를 알 수 있단 말인가 내가 사람도 채 섬기지 못하면서 어찌 귀신을 섬길 수 있겠는가 공자 단순한 상식에 근거하여 나는 신을 믿지 않는다 찰리 채플린 역사학자로서 유대교와 기독교의 전통이  인권 개념의 원천으로 칭송받을 때마다 기분이 묘해진다는 것을 고 백해야겠군 요 사실 그 위대한 종교의 시대는 인권에 무관심했던 것으로 유명했거든요 아서 슐레진저 세퓰리처 상을 수상한 저명한 역사학자 나는 종교가 인류에게 저주였다고 믿는 다 만약 신이 존재한다면 우리는 존경이 아니라 비난을 받아 마땅한 존재 앞에 넙쭉 엎드리기까지 해야 한 다 헨리 루이스  멩 켄 미국의 문예 비평가 역사를 아는 사람이라면 누구나 특정한 종교적 믿음이 교육을 지배하게 되면 사람들을 위해서는 절대로 행복한 제도가 될 수 없다는 것을 인정할 것이 다 엘리너 루스벨트 미국의 여성 사회운동가 정치가 믿음이란 의식적으로 일부러 사실 조사를 거부하는 것을 의미한 다 데이비드 모리스 어떤 사람들은 우리의 행동보다도 우리의 믿음을 가 지고 우리를 심판한 다 심판하시는 하나님을 믿지 않는다고 해서 무신론자가 종교인들이 생각하는 것처럼 비도덕적이라는 의미는 아니다 허브 실버맨 수학자 누군가 신이라 부르는 것은 다른 사람이 물리법칙이라 부르는 것이 다 니콜라 테슬라 종교는 다수의 공포와 소수의 영악함에 기원한 다 스탕달 누구라도 여성을 억압할 수는 있지만 귄위적인 경전이 있어야만이  그 억압이 옳다고 느낄 수 있다 더글라스 머레이 양식 良識이 있는 사람이라면 기독교를 공포의 눈으로 바라볼 것이 다 모순을 믿는 자들은 극악무도한 일을 저지를 것이 다 볼테르 교회의 기만적인 최면술에 사로 잡힌 결과 자기들에게 주입된 종교를 진실하고 유일한 종교로 생각하고 그 밖에는 어떤 종교도 없으며 또 있을 수도 없다고 생각하는 무지몽매한 민중 들이 기독교도들이 다 톨스토이 자신들의 도덕성이 문자 그대로 바이블에 기초하길 원하는 자들은 둘 중 하나 다 읽지 않았거나 이해하지 못했거나 존 쉘비 스퐁 미국 성공회 주교 기독교인이 되려면 이성理性의 눈부터 뽑아버려야 한 다 믿음의 적 중에 가장 강 한 적은 이성이 다 이성은 영적인 것들에 도움이 된 적이 한 번도 없으며 오히려 빈번히 하나님의 말씀에  대항해 왔다 반드시 이성을 속이고 눈 가리고 파괴시켜야 한 다 모든 이성 감각 이해력 그리고 여 타의 눈에 거슬리는 모든 것들을 믿음의 발 아래 짓이겨야 한 다 하나님의 말씀 외에는 알 필요가 없다 마틴 루터 종교 개혁을 일으킨 개신교의 아버지의 저서 루터의 탁 상담화 中에서 이단을 처형하는 것은 결코 그리스도교의 사랑에 위배되는 것이 아니다 오히 려 그와 반대된 다 일반 신자가 이단의 거짓 가르침에 물드는 것을 막아주는 구실을 하기 때문에 그것은 사랑의 행위라 할 수 있다 그러니 이 선한 목적을 위해서는 한 도시의 주민 전부를 없앨 수도 있는 것이 다 장 칼뱅마틴 루터와 함께 종교 개혁의 최고 수훈자로 여겨지는 프랑스 신학자 나는 내 자신이 전능하신 창조주의 의지에 따라 행동하고 있다고 믿는 다  유대인에게 맞서 자신을 지킴으로써 나는 주님의 사역을 위해 싸우고 있는 것이 다 아돌프 히틀러 나의 투쟁 中에서 십자군 전쟁에서 참된 기독교인과 이단을 어떻게 구별해야 하오리까라는 질문에 모조리 죽 여라 참된 기독교인은 하나님이 알아보실 것이 다 아르노 아말릭 시 토 대수도원 원장이자 십자군 모집을 위해 교황이 파견했던 특사 모세가 신과 면담하러 간  사이 유대인들이 금으로 송아지를 만들어 우상으로 섬기자 이스라엘의 하나님 여호와께서 여러분에게 너희는 각자 허리에 칼을 차고 야영지 이 문에서 저 문까지 왕래하며 너희 형제와 친구와 이웃을 죽 여라’ 하고 말씀 하십니다 그래서 레 위 사람들은 모세가 명령 한 대로 하였는데 그날 백성들 가운데 죽음을 당한 사람은 명 정도였다 그때 모세가 레 위 사람들에게 이렇 게 말하였다 오늘 여러분은 여러분의 아들과 형제들을 죽이면서까지 여호와께 헌신하였으므로 여호와께서 여러분에게 축복하실 것입니다 구약성경 출애굽기 유대교와 이슬람교 기독교가 모두 자신들 종교의 뿌리로 여기는 모세 경 중 하나 장 절 여러분의 형제나 자녀나 사랑하는 아내나 여러분의 가장 친한 친구가 여러분의 조상들이 알지 못하는 이 방 민족의 신들을 섬기자 고 은근히 유혹하여도 여러분은 그 꼬임에 넘어가지 말고 그들의 말을 듣지도 말며 정에 끌려서 불쌍히 여기거나 그들을 감싸지 마십시오 여러분들은 그런 자를 사정 없이 죽여야 합니다 죽 일 때는 그런 유혹을 받은 사람이 먼저 손을 대고 그 다음에 모든 군중이 손을 대도록 하십시오 여러분은 그들을 돌로 쳐 죽여야 합니다 구약성경 신명기 장 절 진화론을 검증 되지 않은 가설일 뿐이라고 주장하는 종교인은 태양이 지구 주위를 공전한다고 믿었던 중세 교인들의 지적 수준에서 한 치도 벗어나 지 못했음을 자백하는 것과 같다 다큐 사랑 딴 게이,에디슨 이라던가 몇몇은 함정 카드 같은 것들도 보이네요 전 종교를 떠나 신의 존재를 믿습니다 그래서 칼 세이건의 입장이 제일 마음이 갑니다
GS 메갈 사태는 일주일전부터 언론에 더이상 안나오네요,홍보팀 열일 중인 가 봅니다 그래 뭐 열심히 하는 곳도 있어야죠,한통속이라고 봐야 남양도 그렇게 막으면 더 이상 안 터질 줄 알고 안심했을 겁니다의 외로 복병은 사 방천지에 있죠 대기업들에서 흔히 하는 기사 밀어내기와 기자 입막기 중이겠죠 그러던 가 말던 가 이젠 더 이상 갈 일이 없네요 리테일 칼텍스 하는 짓이 딱 남양 테크트리를 그대로 타는군 요대기업 언론 관리는 국정원 기 무사 저리 가라입니다 이렇게 무시하다가는 더 크게 터질 겁니다꼭  정치영역에서만 이 아니라 사회 전반적으로 한 순간에 폭발하면 진짜 겉잡을 수 없을 거에요싸 지르는 놈들 있고 치우는 놈들 따로 있고 뭐 그게 대기업의 생리겠죠 그냥 덮고 가도 된다고 생각하면 결과 치르게 될 겁니다 언론에 안 나오면 모를 줄 아나보네요 는 그냥 우연히 거릅니다 딱히 추가 이슈도 없지 않나 요우연히 골고루 주가 하락 매출 급감 적자전환 회장 사퇴 등 등의  뉴스가 줄줄이 나오아 남양 얘기입니 다 회장님 긴장하지 마세요불매 대상이 나 에서 로 모와져서 화력이 더 클지도 저도 지난주 지체 없이 주유소로 갔네요
  비트코인은 계층 상승의 사다리,한 놈만 걸려라 나만 아니면 돼,저기서 피해자가 비싼 변호사 쓰면 저 여성분은 감빵갈 수도 있겠네요 아직도 가상 자산 사업자 신고가 유예기간이다 보니 이런 경우가 여전히 많을 겁니다 주소 아는 사람만 들어갈 수 있는 거래소 같은 거 만들어서 진짜 다 잡아들여야죠 가짜 해외선물 트레이딩 프로그램 만들고 그걸 홍보하던 놈들처럼 돈을 그렇게 쉽게 벌수 있을 거라 생각하는 거 자체가 정말 그야말로 돈 놓고 돈 먹기  게임이라고 생각합니다 받아도 되는 돈인지 자기가 하는 일이 정상적인 건지도 모르고 그냥 돈 준다면 다 했으니 자기 행동이 책임을 져야지요 후발주자의 돈 남의 돈 시간마다 이자 라니 예전에 폰지 사기를 당한 적이 있어서 저런 건 쳐다보지도 않지만 여전히 혹하죠 넣고 매일 이자 주는 데 혹해서 더 넣으면 어느 순간 사라져버리고 주식 선물 해외선물도 저런 식으로 먹튀  많았습니다 저 알바도 쳐 넣어야죠장 무기 엄마 예쁜 여자일수록 거짓말을 더 잘한단다 저거 믿고 돈 넣은 사람들도 바보들이 죠헐 폰지 사기 제대로네요박일도 님 알바라 일본에서도 전화 사기 당한 사람들 계좌 출금 해주는 분들 자기는 알반데 그래도 다 감빵 들어가고 계신데요 저 여자도 공범이죠 아르바이트라서 몰랐다 알바면 본인이 뭔 이야 길 하는지 모르나 요 적극 가담해서 한 건데  그런 식이면 마약 운반 알바도 뭐 운반하는지 몰랐어요 그냥 시키는 대로 했을 뿐이에 요 하면 면피가 될까요 남 앞에 돈 벌었다고 자랑하는 사람들 믿어서 득 보는 것보다 안 믿어서 득 보는 게 훨씬 많습니다헐 저거 유튜브 광고치곤 긴 분량 같기도 했고 내용이 어이 없어서 스킵했는데
중국 영국에서도 한국 음식 가지고 노골적인 동북공정,런던의 한 중국 음식점 배달 메뉴 페이지입니다 대표 이미지를 보면 한국 음식들입니다만 설명에는 대표적인 중국 음식들이라고 적혀 있습니다 페이지 어디를 찾아봐도 한국이라는 단어가 나와 있지 않습니다 이건 딱 봐도 삼계탕입니다 이건 김치 두루치기인 거 같은데 김치는 이 제 중국 음식인 걸로 생각하기로 했나 보네요 부대찌개 중국도 미군 부대가 주둔 했었는지 양념 치킨입니다 한국 짜장면이 중국에서 유래되었다는 걸 부정하는 건 아니지만 중국 짜장면의 영어식 표현은 입니다 으로 검색하면 다 한국식 짜장면밖에 안 나옵니다 한국이라는 설명이 빠져서 그렇게 오해할 수 있지 않나라고 하기에는 저 비빕밥인지 오징어 덮밥인지 모를 음식을 가지고 중국 쓰촨성 청두에서 유례되었다고 적혀 있습니다,영국 남자 힘을 내 좀 어이없지만 한국 음식과 문화가 참 대단한 것 같네요되게 탐내는 모양입니다 개판이군요 영국에도 사람들이 한식에 대해 관심이 조금 있습니다 다 만 영국에서 먹는 한식이 우리가 생각하는 한식이랑 같다는 보장은 없죠마트에서 한국식 닭 바베큐라고 파는 거 먹어보면 국적 불명의 이 상한 음식이기도 하고 말이죠신라면 정도가 한국적 맛을 전파하는 가장 선두에  있지 않을까 싶어요님 라면 도 사실은 중궈 꺼다 요 라고 할 것 같네요 없다고 요우님 실제로 그런 걸로 알고 있어요읭 식단은 우리 입맛대로 뽑아가서 중국 대표 음식이라고 선전을 하다니 참 터무니 없네요 뭐 대륙 어딘가 유사한 게 있을 수도 근데 비지니스 차원에서 한국음식인 게 더 유리하지 않나요 이럴 때일수록 음식 명 표기를 우리 발음으로 해야 한다고 생각합니다 예 진생 인삼왜 저들은  대 놓고 저런 짓을 하는데 우린 대놓고 대응을 하지 못하는지 답답할 노릇입니다 있는 사실이 바뀌진 않겠지만 사람들이 일반적으로 인식하게 되는 것을 바꾸기란 쉽지 않으니까 요 일본이 동양의 이미지를 다 가져가 버렸듯이 한국의 이미지가 올라가니 그것을 자기 것으로 가져가려는 중국의 파렴치함이 일본 뺨을 치겠습니다 중국집에서 부대찌개 삼계탕이 나오다니 중공에서 하루 빨리 티벳 위구르 내몽골 홍콩 등의 식민지들이 독립하고 중원 대륙은 위촉오 삼국시대처럼 재밌게 나눠졌으면 좋겠네요 행복한 정치님 근데 홍콩은 식민지가 아닌 자존심도 없는 것들 사실 이게 무슨 동북공정인지 모르겠어요 우리 민족의 문화에 흡수되어 버리겠다는 거죠 한복 입고 한식 먹고 한드 보면서 한국 사람처럼 성형하고 잘 한 다 근데 동북공정이라고 하기는 좀 애매한 게 예컨데 일본식 당인데 김치 나오는 거나 한식당인데 초밥 나오는 거나 비슷한 거 같아 요 음식 이름이 차이니즈 어쩌고 혹은 김치가 아니라 파오 차이 이렇게 했으면 이건 좀 아닌 거죠 머리에 꽃을 님 저건 주 요리잖아 요저게 김치를 반찬 정도로 가져다 파는 것과 같다고 하시면 안 되죠 그리고 거기에 대표적인 중국 음식이라고 소개하면 안 되죠 딜리버 루 메뉴 명 지정은 업주가 직접 할 수 있습니다 레스토랑  사장의 문제인 거 같은데 구글 맵스 리뷰에 한 줄 남겨주시는 게 어떨까요
문재인 대통령 김부겸 국무총리 첫 주례회동 관련 서면 브리핑 210517,김부겸 국무총리 첫 주례회동 관련 서면 브리핑 김 총리 현장 중심의 선제적 대응 및 정책의 실행력 강조 코로나 극복과 경제회복 그 과정의 갈등 해소 등 국민통합 방안 논의 문재인 대통령은 오늘 청와대에서 김부겸 국무총리와 첫 주례회동을 갖고 향후 국정 운영 방향에 대해 논의했습니다 김 총리는 “국정 운영의 주안점을 국민 통합’ 과 현장 중심’에 두고 코로나 극복과 민생 문제 해결 경제 회복과 도 약 국민 화합·상생·포용 강화 등을 추진하겠다”며 “이를 위해 오는 일 국무위원 워크숍을 개최하겠다”고 말했습니다 이에 대해 문 대통령은 “초기 내각이 동질감을 가지고 있었던 것처럼 마지막 년 동안 국정과제를 이끌 장관들이 함께 의지를 다지고 마음을 모으는 워크숍은 바람직하다”고 했습 니다 김 총리는 “최근 안타까운 사고가 계속되고 있는 산업재해와 아동학대와 관련하여 세심하게 살피겠다”고 하자 문 대통령은 공감을 표하며 “실행력을 높일 수 있는 방안을 모색하라”고 지시했습니다 문 대통령은 백신 접종과 관련하여 “백신을 접종할수록 더 많은 자유가 주어진다는 점을 통해 백신 접종을 독려하고 집종 속도를 높이기 위해 최선을 다하라”고  강조했습니다 또한 부동산 대책과 관련하여 “다양한 의견을 듣고 숙고하여 결정하되 현장의 혼란을 막기 위해서 기본적인 원칙은 조속히 결정하라”고 지시했습니다 아울러 문 대통령과 김 총리는 사회적 갈등 해소와 소통 강화 방안 등에 대해서도 의견을 나누었습니다 김 총리는 경제계 종교계 등 두루 만나며 통합을 추구하겠다고 했고 문 대통령은 각계각층의 의 견을 듣고 총리 중심으로 정부가 합심해 가시적 성과를 내달라고 당부했습니다 년 월 일 청와대 대변인 박경미,경제계 종교계 뭐라 말을 못하겠군 요 참 정치란 것이 이런 건가 봅니다 김부겸보다 더 고생하고 더 개혁적이고 더 측근인 사람도 있을 것인데 장관도 시켜 주고 총리까지 시켜 주고 저 양반도 개신교 집안이더라구요
한의원 VIP실 근황 GIF,요약 일부 한의원들이 입원실에 다가 고급 가구와 개인 샤워실까지 만들어 놓고 홍보하며 교통사고 경상 환자들을 주요 대상으로 입원비를 일주일까지는 자동차보험에서 다 보장해준다는 점을 노려 개 이하의 상급 병실만 만들어 놓고 일반 병실의 배가 넘는 수익을 챙김 이런 과 도 한 수익 추구는 고스란히 전체 보험 가입자에게 부담으로 이어지지만 규정의 빈틈을 파고든 거라 제재가 힘든 실정,이러니 요즘 보험료 상승율이 가파르게 아니 돈 많은 사람들이 돈랄 하고 들어가서 쓰는 건데 뭐가 문젤까 했는데 보험으로 저걸 참 별걸로 돈들 잘 버네요 샤아님 저도 저게 왜 문제지 라는 생각으로 보다 보니 보험 어쩐지 제 차가 연식 쌓이면서 감가는 되는데 보험료는 안 싸지는 마법을 쓰더라니 진짜 교통사고에 한 해서는 한의 보험 좀 손봐야 해요 아예 대 놓고 플랭카드 에 교통사고 전문을 써 붙이는 게 말이 되는 현실인지 중증 환자가 늘어서 보험금이 늘어나는 건 당연한 일이니 수긍할 수 있는데 경증환자 때문에 보험 지출이 늘고 그게 보험금 상승으로 이어진다면 국가에서 제재를 취해야 하는 일이 아닌가 싶습니다 저거 한의원에서 나이롱 환자한테 페이백 해주나 요님 한약을 지어주니 현물로 페이백을 해준다고 볼 수 있겠네요님 보험회사에서 돈  줄 테니 빨리 합의하자고 합니다 저기 가서 일주일 푹 쉬던 가 보험사 합의금으로 현금 챙기던 가 그거죠 항상 상위 몇 퍼센트 때문에 다수가 피해보는 전기도 그렇고 스스로 한의원은 돌팔이라고 광고하고 있는 일부 한의사들크 개독이랑 뭐가 다를까요 자동차 보험사랑 리베이트 주고받는 관계는 아니겠죠한의원이 아니라 일반 양의원 양병원은 해당이 없는 건가요달을 품은 해님 거의 해당 없습니다 거긴 가격을 정해놨거든요 법적으로 가격을 정해 놓지 않은 특실 같은 경우는 애초에 보험을 받질 못하고 요 당장에 양방 쪽 교통사고 보험 비용 상승분과 한방쪽 상승분을 비교해 보시면 십여년 무사고라도 오르는 이유가 저것이 여환장하겠네요 규정을 빨리 손봐야겠네요 교통사고로 한 번 가봤는데 진짜 성의 없이 풀코스로 하더군 요추나라고 툭툭 건드리기 몇 번 엎어놓고 물리치료기  타이머뜸 몇 분 나갈 때 물 약맹물에 풀 때 기 좀 끓인 거 같은 한의사는 커녕 간호조무사 얼굴 본 시간도 몇 분 안 되는데 설명도 없이 풀코스 진행 무한 반복한의학에 그리 부정적이 아니긴 한데도 동네 한의원들 정문에 턱하니 교통사고 환자 전문 붙어 있는 거 보면 그렇더군 요침술에 꽤 효과를 본 편이라 저런 것들이 결국엔 좋은 한의사분들에게 폐가 돌아갈 듯하더군 요돌아 본인 생님 동네 침 잘 놓는 한의원이  있는데 거기도 저런 거 하더군 요 한방병원은 교통사고 나면 가는 곳이 되어 버렸죠 악화가 양화를 구축한다고 발본색원 하지 않으면 결국엔 평범한 사람들이 손해를 보게 되는 거지 요 저도 한의사지만 저건 진짜 문젭니 다 모텔 광고도 아니고 얼굴 화끈거려요 못하게 했으면 좋겠어요 합의가 안 될 땐 한의원이라더니
어떻게 보면 한국은 생각보다 운이 좋은 나라입니다,이 글에 앞서서 민주화운동 주년을 맞이해서 무고한 희생을 당하신 분들과 유가족 분들의 평온하게 지 내시길 기도 합니다 한국의 현대사를 자세히 살펴보면 우리나라가 단기간 안에 압축 성장을 하여 도 바뀌게 된 건 국민들의 희생 피땀 덕도 물론 있지만 타이밍과 운이 매우 좋아 지금의 우리나라가 되지 않았나 생각이 듭니다 일단 제가 생각하기론 한국이 운이  매우 좋은 이유라 생각하는 이유는 김재규가 야수의 심정으로 유신의 심장을 총쏜 덕에 이렇게 성장할 수 있었던 것 같습니다 경제성장에 있어서 중요한 요소는 리더의 유능한 경제정책 근면성실한 국민도 물론 중요합니다 다 만 민주주의와 경제성장은 아주 밀 접하게 관련이 있죠 만약에 김재규가 박정희에게 총쏘지 않았다면 아실 분은 잘 아시겠지만 북한 김씨 대처럼  박정희는 죽을 때 까지 영원한 독재를 할 것이고 그 다음 박근혜나 박지만 이 대통령 하는 꼴을 볼 수도 있고요 선진국은 꿈도 못 꾸고 경제 수준은 아마 동남아 이하로 누리게 될 것으로 보입니다이 가정대로 년이 된다면 그 때 여전히 흑백를 쓸 수도 년 직선제는 민주화 운동의 열기를 감당하기 어려워서 가 아니라 올림픽 때문에 이루어진 겁니다 얼마 전 까지만 해도  직선제를 실시한 이유는 민주화운동의 열기를 감당하지 못해서 라기보단 영원히 간선제로 독재하고 싶은데 내년이면 서울 올림픽이라 세계에서 보는 한국의 이미지를 조금이나마 좋게 보여주기 위한 것임을 클량에서 알게 되었고 수긍하게 되었습니다 즉 서울올림픽 덕에 명목적인 민주화를 이루어냈고 추가적으로 말하자면 힌츠펜터 기자님이 민주화운동을 영상으로 담아 온 겁니다  그분이 안 계셨다면 지금쯤 우리는 민주화운동의 실체는 몰랐을 것이고 이를 왜곡해서 교육받을 수 있고 제대로 된 민주주의는 오지 않았나 생각이 듭니다 시절 때 김대중 대통령의 등장입니다 사건 이후로 우리나라는 국가부도를 맞이 할 뻔했고 경제적 어려움 각박해진 사회적 분위기 비정규직 취업난 등등 어려움을 겪었습니다 근데 김대중 대통령이 당선되고  사태를 잘 해결하여 선방을 했고 인터넷 인프라 구축 및 문화 개방 등 파격적인 정책을 펼쳤습니다 이러한 과정을 통해 지금의 우리나라로 성장한 큰 계기 중 하나라 볼 수 있겠죠 여기서 말하고 싶은 점은 자 구도 이회창 김대중 이인제로 대선을 치뤄서 김대중 대통령이 당선된 거죠 양자 구도로 갔다면 김대중 대통령의 등장은 꿈도 못 꾸고 그 때 이회창이 당선되었 다면 지금 쯤 아마 딴 세상일 겁니다 놀랍게도 김대중 대통령 뿐만 아니라 노무현 문재인 대통령도 민주당이 월등히 강하고 유리한 입지를 보유한 것이 아니라 큰 이벤트나 대선 때 다자구도로 나아갔기 때문에 당선이 된 겁니다 노무현 대통령의 대선 때는 자세히는 잘 모르겠지만 당시에 보수 쪽이 훨씬 유리해 이회창 등 보수 쪽에서 당선될 거라 예상했지만 년 월 드컵이라는 큰 이벤트의 영향이 노무현 대통령의 등장하게 된 요소들 중 하나라고 알고 있고 요 문재인 대통령 때의 경우 최순실 게이트와 년 촛불집회라는 큰 이벤트도 있었지만 양자 구도가 아니라 자 구도로 홍준표 안철수 유승민 등으로 표로 갈라져 무난히 당선이 되었습니다 이번에 목표대로 집단 면역에 성공하고 이 지 긋지긋한 코로나 시대를 종치게 되면 아마 내 년 대선에도 도움이 되지 않을까 싶습니다 울나라처럼 짧은 시간 내에 도 다른 나라로 성장시키고 아주 다이나믹한 역사를 가진 나라는 몇이나 될까요 아직 가야 할 길은 많고 고쳐야 할 점들은 많지만 운 도 아주 좋았고 그동안 우리가 이 악물고 달려오니까 여기까지 오게 되지 않았나 싶습니다 긴 글 읽어주셔서 감사하고 오늘 인데 전두환 그 인간 꼭 고통스럽게  죽기를 간절히 바라고 또 바랍니다,우리나라가 미얀마처럼 군부가 날뛰지 못하게 된 데는 의 외로 김영삼 대통령이 기습적으로 하나 회 해체하고 군 부조직 개편했던 게 크다고 하더라고요 만약 하나회를 그냥 뒀으면 언제든 다시 쿠테타가 가능한 상태였다고 해요 김영상 대통령이 공과가 있긴 한데 이 부분에 대해서는 엄청난 공인 거 같아요님 키야 인정합니다 그 부분 쓸 걸 그랬어요 님 김영삼이 야합을 한 사건은 욕을   두고두고 먹고 있지만 결과적으로 보면 구독재기득권 세력의 일부와 연합한 결과 완충지대에서 적들의 무장이 해제된 상태에서 하나회든 금융실명제든 실시할 수 있었다고 봅니다님 모두 깜짝 놀랐제 개혁은 김영삼처럼 해야 죠 하나회 숙청과 금융실명제는 아무도 부정 못하죠 하지만 라는 무 시 무시한 핵폭탄을 터트리는 바람에 님 다른 나라의 역사를 들여다볼 수록 김영삼 대통령의  하나회 해체가 얼마나 큰 역사적 사건인지를 깨닫게 됩니다 그걸 현재의 미얀마가 또다시 보여주고 있고요 김대중 대통령의 선구 안은 몇 번이고 회자 되어도 부족함이 없다고 봅니다 당시 바이오 산업의 기 틀조차 없던 때에 우리나라의 비젼으로 바이오 산업을 제시했고 그 열매가 과실을 맺어 코로나 시국에 백신과 치료제를 개발하는 몇 안 되는 나라가 되었죠 베르티바님 와우저는  산업과 인터넷 보급 동북아시아 시대 예견 등으로 놀라워 했는데 바이오 산업까지 대단한 분입니다 김대중 대통령 당선은 사실상 이인 제가 이회창의 표를 나눠 가진 게 컸지요 노무현 대통령 당선은 정몽준과 후보 단일화를 하고 하루 전에 정몽준이 지지 철회를 하면서 오히려 이게 지지자들을 결집하는 등의 아주 극적인 에피소드가 존재하였지요 둘 다 진짜로 기적이었습니다님 노무현 대통 령땐 그때 어머니께서 지지 철회 하는 거 보고 열 받아서 선거 당일 새벽 시에 일어나셔서 저희들 깨우고 당장 투표하러 가자 고 하셨더랬죠시계 보고 새벽이길래 여동생이랑 둘이서 엄마 쫌했던 기 억이 까망꼬망님 어머니 감사합니다올림픽 때문에 직선제를 하다 뇨 올림픽이 뭔 대수라고요 그리고 힌츠페터 기자의 보도는 세계에 을 알리는 역할을 하긴 했지만 그 보도와 별개로 국내에는   의 진실에 대한 전파가 꾸준히 이뤄지고 있었습니다 민주화 운동은 전두환 시대 내내 활발히 일어났고 국민들은 에 대해 전두환에 대해 분 노하기에 충분할 만큼은 알고 있었습니다 역사의 수레바퀴는 매우 커다랗고 하나 하나의 사건들은 그에 비하면 매우 작습니다님 올림픽 때문에 년 민주화 운동에 대해 군을 동원한 강경 대응을 못했다고 봅니다님 올림픽이 직접적인 역할 을 하지 않았어도 직선제 과정에 간접적인 역할을 했다고 보는 견해들도 많이 있습니다 올림픽으로 인해 외신 등을 무작정 막을 수 없는 상황에서 전두환이 본인 스타일대로 년 서울 집회를 밀어 버렸을 경우 후폭풍을 감당하지 못할 것을 우려 해 계엄령을 선포하지 않았다고 보기도 하거든요 비록 하나 하나의 사건이지만 별개로는 존재하지 않기도 하지요 역사에서는 생각보다  작은 사건과 우연이 미치는 힘이 크기도 합니다 해방 두텁바위님 년 당시에는 이미 당권이 전두환에서 노태우로 넘어간 상태였습니다 게 다가 선언 이전에 민주정의당은 노태우를 대선 후보로 선출했습니다 몇 년에 걸친 간선제 방식의 정권 교체 전두환→노태우 과정을 밟아오던 참이었기 때문에 정권 내부 역학관계상으로도 전두환이 자기 생각만으로 마음대로 밀어버릴 수 없는  정황이 충분히 있습니다 노태우로서는 전두환을 그냥 내 보내고 직선제로도 승리할 수 있다고 판단했을 테고 요님 네 맞는 말씀입니다 전두환과 민정당을 둘러싼 기류도 분명 년 정국에 영향을 준 여러 요인임에는 틀림 없습니다 다 만 올림픽으로 인해 서방 세계의 시선이 쏠려 있던 영향도 무시할 수 없는 일이기도 했습니다 자칫 올림픽이 엎어지면 전두환과 민정당에게도 악재라 면 악재였겠구요 그러한 하나 하나의 역학 관계와 사건들이 맞물린 일로 봐야 한다는 취지에서 말씀을 올렸습니다 근현대 역사적 분 기점이 엄청나게 많은데 그게 다 선방했다고 생각되고 확률을 따지면 코로나 시국에 상대적으로 전 정부였으면 어땠을까 하는 끔찍한 상상이 듭니다 너무 다행인 요즘입니 다년 당시에 월드컵은 노 대통령보다도 정몽준에게 유리한 바람이었지요 이 부분은  뒤에 더 말씀드리겠습니다 당시 노무현 후보는 여당인 새천년민주당의 대선 경선 게임판을 흔들었던 게임 체인져였습니다 대선 후보를 국민 경선으로 뽑는 게 전혀 당연하지 않던 시절 언더독 후보로 출마해서 경선으로 대선 후보를 뽑자는 것을 관철시켰고 거기서 스스로 바람을 일으켜서 대선 후보로 나온 과 정부터 당시 기준으로는 매우 드라마틱했던 일이었으니까 요 그  당시에 민주당 후보로 나온 사람들 면면은 한 심했고요 이인 제 김중권 정동 영 이런 사람들이 후보로 뛰었습니다 만약 노무현 후보가 나름 유력한 인사였다면 대선 후보를 경선으로 뽑자는 주장이 쉽게 먹히지 않았을 겁니다 당 내에서는 무시해도 될 만한 사람이니 들어 나 주자는 심사로 진행한 바도 크고요 만약 이 당시 노무현 후보가 게임 판을 흔들지 못하고 민주당 경선  자체를 흥행시키지 못했다면 이런 사람들 중에서 당시 여당의 대선 후보가 결정되었을 테고 그러면 이회창한 테 넉넉하게 졌을지도 모르는 일이었지요 민주당 대선 경선 이후로 월드컵 바람이 불고 이 흐름을 타고 정몽준이 대권 꿈을 꾸며 나타나고 실제로 본인도 선수로 뛰려고 했습니다 그리고 당시의 민주당 내에서 대선 경선을 인정하고 싶지 않았던 사람들이 노무현 후보 를 주저앉히고자 정몽준에 붙으면서 이른바 후 단협 사태가 벌어집니다 이걸 뚫어낸 과 정도 역시 드라마틱했고요 여기에 차떼기 등의 악재를 이회창이 효과적으로 극복하지 못했고 신선함에서도 밀리면서 노무현이라는 전에 없던 유형의 정치인이 대통령이 될 수 있었습니다 물론 그 격차는 매우 아슬아슬했고요 이와 관련된 여러 다큐들이 있으니 이 부분도 참고를 하시면 좋을  것입니다 약간 잔소리 같을 수 있으나 정치에 대해서 정말 깊게 관심을 갖고자 하시면 꼭 최소 한국 근대사와 세계사의 현대 편은 공부를 해 주시면 더 좋을 것입니다 한국 사회의 정치 변동은 세계사적 흐름과도 무관치 않고요 열성 있는 청년 후배 분이 시니 충분히 하실 수 있으리라 믿어 의 심치 않습니다 북한 중국 러시아 일본 주변 국가들을 전부 둘러보세요 이  와중에 민주주의를 지키고 꽃 피운 선배들이 정말 자랑스럽습니다 운이 하늘의 도움이 피의 희생이 이라 생각합니다 같은 인간 이하 놈들이 호시탐탐 시 곗바늘을 돌려보려 하는데 꾸역꾸역 앞으로 갈 겁니다 그렇게 믿습니다 이렇게 발전하는 나라 우리가 더 힘을 합쳐서 지켜 냅시다 그리고 울 후손들에게 물려 줍니다 그게 우리의 사명입니다다 의미가 있지만 김대중 대통령 님은 특히 한국의 치트키 이시죠 기업 유령들에게 휘둘려서 구조조정 못했으면 경제 침체를 못 벗어나 중남미처럼 수렁에 빠졌을 거고 새 사업의 동력을 못 얻었을 거예요한국의 가장 큰 기로였다고 봅니다 가 한국 경제 시스템을 근본적으로 개선할 수 있었던 기 회로 보는 시각도 있고요 한류 바이오 인터넷 플랫폼 등 지금 한국의 차산업 먹거리들은 김대중 대통령님 선구안이  없었다면 불가능이죠
비교적 최근에 일어났고 사실로 밝혀졌던 우리나라 음모론jpg,소넷 회원이 박근혜 촌 사건의 제보를 해서 소넷이 털리고 없어진 것 이란 음모론이 있었죠 말이 되는 소리를 해라 반응도 많았고요 그렇지만 그런데 그게 실제로 털린 이유는 확신할 수는 없으나 확실히 그쪽 회원이 제보는 한 걸로,그런 루머 처음 듣는데요 두부 한 잔님 그런가요 오래되서 좀 생소한 가 보네요 밑에 댓글만 봐도 기억하고 계신 분들이 있는 여튼 제보는 위 그 알 캡쳐처럼 그쪽 사람이 했다고 하네 요소 라넷에서 박근혜 촌 살인사건 목격자였군 요 처음 알았네요 님 네 이 거 나름 충격적인 일이라고 그 알 유튜브 시작하면서 가지고 온 건데의 외로 이슈화는 안 되더라고요 저 사건을 계기로 사이트 폐쇄 까지  일 사천리로 진행되었을 걸요 원래 해외 서버라서 못 잡는다고 했던 것 같은데 터키산 피스타치오님 그 심증이 강하게 들죠 절대 못 잡는다는 사이트가 갑자기 잡혔는데 그게 알고 보니 언젠가 주기자도 비슷한 얘기를 한 적이 있는 거 같네요산타클라라님 그랬었죠 아마 저 소스를 공유했던 가 그랬을 겁니다 저래서 못 잡던 이 갑자기 일망타진 된 거근 여 님 당시엔 그 얘기 들어도 저도 정말 음 모론 인줄만 알았었죠 이 사건 엄청 유명했는데 다들 모른 척 하시네요님 그러게 요저도 웬만하면 다 아실 거라고 생각했는데 댓글 세 개가 연달아서 모른다고 하셔서 저도 순간 당황했네요 몰라야 한다 확실히 첫 댓글이 중요하군요 저걸 모를 리가 없는데 댓글이 왜 이래 어 이상하네 했는데 모른 척 한 거였군요와 정말이면 참 세상사 어떻게 돌아갈지 참 몰라요
학교폭력 멈춰 밈의 순기능,이 게 되네요,이게 현실화되는군요 학고에서도 아이들이 처음에는 비꼬는 듯이 맘춰를 썼는데 지금은 정말 불편할 때 멈춰라고 하며 불편한 상황을 피하더라고요 소위 유쾌함이 최고의 가치가 되는 바람에 의도치 않은 순 기능이 이것까지 다 보고 한 거 아닐까요 근데 진짜 일진들에게 저게 먹혀요 뱃살의 연금술사님 저 나이 때일수록 분위기라는 게 정말 중요하니까요뱃살의 연금술사님 또 저걸 듣는  척 하면서 가오를 살리고 뭐 그런 저런 학교 아이들이 멈춰라는 말 많이 씁니 다 진짜 예전에 관련 글을 쓴 적이 있지만 이 거 웃겨도 전 어느 정도 기능이나 역할은 충분히 한다고 봅니다 멈춰 캠페인은 당사자들만의 상황에서 주변 방관자들이 그 상황을 직접 개입을 할 수 있는 계기를 만든 게 숨은 의 도지 않나 싶습니다 저거 일본이 먼저 하지 않았나요 교수님 과 제 멈춰 특히  조별과제
사회연대세요 민주당이 정의당 꼴 나겠네요,과세표준 억이상 개인한테 부과한다는데 연평균 조억원의 세수 증대 효과라면 안 하고 줄줄 새는 세금이나 잘 관리하면 되겠네요 여가부가 페미들 지원해주는 예산만 줄여도 똥별들 골프장 돌리는 예산만 줄여도 노는 국회의원 세비나 활동비만 줄여도 연말에 남는 예산 다 털어먹는 거 줄여도 등 등 엉뚱한 데 새는 돈만 줄여도 년에 조는 아낄 건데 말입니다,과연 사회연대일지 사회분열일지 흥미진진하군요뭐 이 법안이 통과될 거라곤 생각하지 않습니다 \이상헌 이낙연의 동지가 발의했거든요 참고로 이상헌의 경우에는 당보다 자기 혼자 노는 걸로 유명합니다 추 장관이랑 윤석열이나 둘 다 사퇴하라는 서민이 부자 걱정하는 게 신기하네 여 넘버원파이어족님 증세 운운하기 전에 국가는 과 연 제대로 낭비 없이 예산을 집행했는가 그런 거 없이 증세  운운하는 게 과 연 맞는 건가요저거 시행되면 저도 만 원 더 뜯기게 생겼는데요 근로에 의 한 소득에 대해서 장려를 해야 할 판에 저러고들 앉아 있으니 한심해서 그럽니다 그대로 멈춰라님 돈 많이 버시니깐 더 내시면 됩니다 고소득자에 대한 증세 이야기 잖아요 대부분의 사람은 상관 없네요 그리고 세금 낭비는 낭비대로 잘 잡아가고 있고 증세도 증세대로 잘 진행되고 있는 것  같은데요 왜 하나 먼저 해야 한다고 생각하시는 건지 투트랙 아닐까요 그대로 멈춰라님 마치 대부분의 사람들이 관련 있다는 인상을 주는 나쁜 언론의 프레임에 갖히신 건 아니 신지요 넘버원파이어족님 자본소득에 대한 과 세종부세 같은는 줄인다고 나오고 근로소득에 대한 과세는 늘린 다니 민주당 잘하고 있네요 그대로 멈춰라님 자본소득에 대한 과세는 늘고 있고요 오히려 너무 과도 하다는 의 견이 많죠 전 아니라고 보고요 당장 여기서도 재산세 늘어서 힘들다는 글 수두룩 하지 않나요 한국의 세 부담률 자체가 다른 나라보다 낮기에 요즘 트렌드에 맞게 중산층 복원 목적 복지 정책을 강화하거나 기본 소득 같은 걸 하려면 우선 자본소득 근로소득 가리지 않고 고소득자 과세를 늘려야 합니다 세상에 공짜가 없잖아요 한국이 산유국처럼 땅 파면 돈이 쏟아진다면 모를  까넘버원파이어족님 서민 부자 서로 걱정 안 하고 무주택 유주택 서로 걱정 안 하고 실업자 취업자 서로 걱정 안 하고 고용인 노동자 서로 걱정 안 하고 세대 간 서로 걱정 안 하고 다들 서로 생각 안 하고 살면 차암 좋은 사회될 것 같습니다 진짜 신 같은 법안이라고 생각해요 가뜩이나 자산 가치 폭 등 때문에 벼락거지 라는 소리 나오는 판국에 노동의지를 더 꺾는 그렇다고  국당 찍을래 라는 소리 듣겠지만 농이 아니라 아무리 민주당이라도 이낙연 계파는 진짜 안 찍을 겁니다 억이상 버는 사람과 억이상 버는 법인이 민주당 찍는 비율이 떨어질 것이니 투표에는 별 상관 없을 듯 합니다 이거 통과 안 될 듯해요 민주당이 그렇게 왼쪽은 아니라서 빨갱이 법이라고 낙인 엄청날 듯이 걸 왜 걱정하고 있는지 모르겠네요 조금만 생각해봐도 개별 의원 정치행위 일 뿐인데요 법안 발의하면서 보도자료 뿌리는 거 보셨어요 누가 발의 한 건지 몇 명이 서명한 건지 그런 거는 안 찾아보죠 뭐 이상민이 성공했네요 콘토토님 기레기들한테는 좋은 먹이감이 죠 대부분의 사람들은 민주당에서 저런 소리 나오면 민주당이 근로소득 올리려는 구나 하고 생각들 하게 되니까요 그대로 멈춰라님 그걸 노리고 이상민 의원이 보도자료 배포하며 발의했겠죠 맨날 정의 당 편들고 청 와대 비판하느라 바쁘신 분이거든요전에 이익 공유제 비스 무리한 건가요 아놔이게 통과가 되도 문재인 정부 때는 통과 안 시키겠죠 뉴스에도 보니까 부동산 정책이랑 세금 완화해서 내년 대선 성공시키려는 노력이 보이던데 이게 통과되면 과 연 정권 연장에 도움이 되려나요
기레기들 그만좀 설쳐댔으면 합니다,그냥 입 닥치고 있는 게 진심 도움주는 거 같습니다 특히 백신에 관해서는 더욱 그렇습니다 뭐 이래 이런 병 같은 언론들 참 그냥 닥치고 있을 때 도움 줄 수 있는 건데 꼭 저렇게 해대 요 병들 기레기하곤 상종도 안 해야 합니다 진심으로 진보 보수를 떠나서 이들은 병 그 자체입니다,
로켓펀치 노래들은 속도감이 좋아서 마음에 들어요,안녕하세요 이번에 로켓펀치 신곡인 이 나왔는데요 유로비트가 가미된 레트로풍 댄스곡이네요 개인적으로 쥬시 때 조금 아쉬웠어서 이번은 다시 원점으로 회귀한 느낌이 들어서 마음에 듭니다 이런 느낌들이 좋았거든요 바운시 빔밤붐 쭉 잘 나가길 바랍니다,바운시가 참 좋았죠 트레바 퀸 쥬시는 너무 어린 느낌이라 아쉬웠는데 신곡은 잘 나온 거 같네요님 꾹삼퀸으로 반격했지만 안 통하더군 요빨리 앨범 받아보고 싶네요님 앗 주문하셨군 요 앨범 내일 옵니당 님 와우 축하드립니다오랜만에 뮤비네요 로그켓님 큰 화면에서 볼 때 더욱 좋은 내일 장이 배송되네요 님 허걱 많이 사셨나 봐요 노래 좋네요 한 번 들어봐야겠어요 센스 봉님 쭈욱 들어볼 만한 곡들이 많습니다 깊이는 별로 없지만 컬러가 좋아요싸비 부분 중독성이 있네요
이스라엘에 호의적인 기독교인 보면 좀 아이러니합니다,민족적 유대인 선민사상인 구약의 나라이자 예수님을 탄압한 전력이 있는 유대교의 나라 아닌가요 까놓고 말해 아무리 예수님에게 회개해도 유대인 아니면 구원 없음으로 알고 있습니다 유난히 우리나라 개신교가 이스라엘에 호의적인 이유가 뭔지 궁금하네요 짝사랑도 이런 짝 사랑이 없는데 제가 뭘 놓치고 있는 건지,성경공부를 안 해서 일까 요애초에 논리와 이성을 기대할 곳이 아니어서 이스라엘이라는 성지 에 호의 적인 것이지 유대교에 호의적인 건 절 때 아닙니다 이스라엘에도 선교하러 가는 게 우리나라 기독교 입니다이스라엘 가서도 선교한다고 사고 좀 칩니다님 저도 교회 좀 오래 다녔는데 이스라엘 자체에 호의적인 거 맞습니다 일반적으로 님 유대교 유대인이라고 보지 않는 것 같습니다 성경 에 의하면 유대인은 신이 선택한 민족이기는 하니까 요 그래서 이스라엘에 대한 그냥 막연한 호감이 있는 걸 겁니디그아이디가 알고 싶다님 그렇죠 선택 받았다는 민족에 대한 경의겠죠구 약성경만 봐도 빡치도록 사고치는 민족인데 어디 뭐가 이 뻐서 좋아하는 건 아닙니다 성경을 안 읽기 때문에 생기는 문제죠이건 사람마다 다를 건데요 전 원래는 군대로 치면 걍 옆 부대 아저씨 정도로  생각했는데요요새 하는 꼴 보면 정말 가관이 죠성경공부를 어설프게 해서 구약에서 하나님한테 선택받은 우리 민족의 땅 이스라엘 이 하는 문구만 기억하고 정작 진짜 중요한 신약에서 예수님이 지금 이스라엘의 유대인들은 잘못되었다 느 그들 하는 꼬라지 하나님이 틀렸다고 함 원래는 모두가 다 구원받을 수 있다 라고 정정하는 부분을 제대로 공부 안 해서 그렇죠 즈 그들  경전조차 제대로 안 읽는 빡대가리들인데 실제 역사적 현실 종교적 흐름을 알 리가 이스라엘 유대인들이 기독교는 신천지나 다름없는 사이비 이 단 취급하는 것도 모르고 말이 죠 레알 마끼아또님 그래서 신약은 무시한답니다 미국 복음주의가 직수입된 게 한국 기독교인데 미국 복음주의자들이 미국의 친 이스라엘 정책의 가장 큰 지지자들이 죠 미국 보수 기독교인 중에도 유대교냐 기 독교냐에 상관 없이 이스라엘은 선민의 나라이니 미국이 도와 야 한다고 정치권 주로 공화당에 압력을 넣는 세력이 있습니다 그간 미국 민주당이 이스라엘에 거리를 두는 시늉이라도 했는데 요즘 사우디아라비아마저 하마스를 버리니까 이번 사태에선 하마스만 패네요님 하긴 이번 기회에 하마스 쪽 밀어버리고 기반 무너뜨리고 싶긴 할 겁니다 시리아도 내전이고 이라크도 골골 거리고  있고 이란 도 본인 코가 석자인데다 사우디 또한 하마스하고는 사이가 안 좋으니 이번이 기회 다 하는 것도 있을 겁니다 터키야 어짜피 쿠르드 패는 것에 집중이라 팔레스타인 인정하면 쿠르드 쪽 하고도 연결 되기 때문에 팔레스타인 쪽 세력 강해지는 건 절 때 반대이고요 요르단도 팔레스타인하고 앙금이 좀 있죠 그들이 국가화 되는 거 엄청 싫어합니다 사실 이란 빼고 중동 그 어느 국 가도 팔레스타인이 독립하는 거 찬성 안합니다 그냥 이스라엘 팰 명분 제공 용 하고 대 이스라엘 전선의 도구로 여기죠 그러게 요 이스라엘에서 학위 받은 걸 자랑하시는 분들도 계시고 성경교리를 몰라서 그런 거겠죠 성경을 따르는 게 아니라 목사가 아전인수로 한 해석을 따르니까 요구약까지는 이슬람의 신과 하느님이 같다는 것도 모르는 사람 많습니다 본인은 가난하면서 재벌에 호의적인  심리랑 비슷하지 않을까요나한테 이롭거나 호의 적이지 않지만 선택 받은 사람들에 대한 동 경 미국 남부 근본주의 성향 복음주의 평양 등 서북지역 샤머니즘 한국 개독 둘 다 샤머니즘 신비주의에 가까운 종파입니다 거기선 무당이 권력이 쎄죠 확실히 종교를 모르시는 티가 나는 글이 긴 한데 구약까지는 말씀하신 대로 유대인 한정이었지만 신약 들어오면서 예수라는 메시아가 나타난 후에 모든  인류가 구원이 가능하게 되었습니다 이런 건 해당 종교에 대해 모르는 사람끼리 이야기할 게 아니라 가까운 근처 교회에 전도 사목사를 찾아가서 물어보시는 게 쉽고 빠릅니다 어두운 바람님 제 말이 그 말인데요 이스라엘이 신약을 인정하는 기독교 국가는 아니잖아요 어두운 바람님 이슬라엘은 기독교가 아니라 유대교 아닌가요 님 딱히 이스라엘을 싫어해야 하는 이 유도 잘 모르겠는데요 우리가  일본 사람이라고 해서 덮어놓고 싫어하지 않는 것처럼 요 그건 종교와는 전혀 관계 없는 문제입니다 어두운 바람님 유대교에서는 예수는 메시아를 사칭한 사기꾼입니다 예수를 인정하지 않고요 사실 종교적으로 보면 기독교에서 가장 용서하기 힘든 게 유대교 죠님 구약은 유대교도 공유하는 경전입니다어두운 바람님 종교적으로 봤을 때 유대교 예수 메시아로 인정 안함 가짜 선지자 이슬람교  예수 메시아로 인정 안함 하지만 알라가 보낸 선지자 인 건 맞고 훌륭한 위인으로 칭 송기독교 예수는 메시아이고 재림할 예정임이 상황에서 한국의 기독교인이 이슬람을 적대하면서 유대교에 호의적인 게 이 상하지 않나요 구 약 유대인 한정 구원이 어디서 나온 건가 요구약에 그런 규정이 있나요 머리에 꽃을 님 뭔가 앞뒤가 바뀐 말 같은데 기독교가 유대교를 용서하기 힘든 게 아니라 유대교가 기독교를 용서하기 힘든 거겠죠 전제부터 이상한 것 같습니다 아마 원글자분도 같은 생각을 하신 것 같네요 어두운 바람님 아니오 감히 메시아를 박해 하고 살해했고 지금도 사기꾼 취급하는데 용서를 떠나 기독교에서 유대교를 증오해도 할 말이 없죠 그리고 애초에 유대교 입장에서 기독교는 아오안입니다인정 자체를 안하는데 용서 고 뭐고 할 게 없죠 그리고 때린 놈이 용서한다는 게  이상한 거죠 뭐 원 수를 사랑하라는 말씀으로 인해 유대교나 이스라엘에 호감을 갖는지 모르겠으나 제 경험상 그런 건 아니고 기독교인들이 잘 몰라서 막연히 호감을 갖게 된 게 맞습니다 어두운 바람님 현재 이스라엘 땅을 지배하고 있는 국가 이스라엘의 유대 민족은 구약까지 가 경전이기 때문에 예수라는 선지자를 믿는 기독교인은 신천 지급 사이비 이단으로 취급합니다 예수고 신약이고 뭐 고 전부 다 그냥 사기꾼 광신도 취급하는 거죠 머리에 꽃을 님 음지금 쓰신 댓글의 내용은 본인께서 확실히 배경지식이 전혀 없다는 것을 인증해주는 말이라 굳이 답을 안 해도 되겠네요 제반 내용을 알면 애초에 그런 생각으로 질문을 하지 않으셨을 거거든요 다음부터는 책부터 먼저 읽어보시기를 권해 드립니다어두운 바람님 얼마나 알고서 하시는 말씀인지 모르겠으나 그런 말 하시기  전에 스스로 되돌아 보셨르면 좋겠습니다 어두운 바람님 세기의 이스라엘 유대교인들이 지금까지도 기독교 신약 자체를 사이비 이 단 취급하는 문제를 성경만 열심히 읽어본다고 답이 나오나 요 성경이 매년 국제정세 업데이트 됬던가요 이러니 복 음주의자들이 웃음거리가 되는 겁니다 거의 이 천년 된 책 하나 가지고 그것도 구 전 후 중역에 중 역을 거쳐 오역이 저 세상으로 가 버 린 쿠란은 처음부터 끝까지 동일한 아랍어로 쓰기라도 했지 설마 예수님이나 사도 들이 영어나 한국어로 성경을 썼다고 생각하시는 건 아니겠죠 현대 사회의 국제정세 고 뭐고 만사를 다 해결하려 하니 어두운 바람님 아무 감정 없는 건 이해하겠는데 왜 이스라엘 국기들 고 나오고 그러냐는 거죠 왜 좋아하는 거냐 지 왜 싫어하지 않냐 가 아니자나요무식이 죄죠 뭐짝사랑도 이만 저만 모든 만 악의 근원이 죠 성경을 제대로 읽어본 사람이라면 유대인은 선택된 민족이기도 하지만 다른 모든 민족들에게 하나의 본보기가 된 민족이라는 것을 알게 된다 현재 많은 유대인들은 하나님이 이 방인들을 모으시는 기간 동안 눈이 멀어 있는 상태이다 롬 형제들아 너희가 스스로 지혜로운 것으로 여기지 않게 하기 위하여 이 신비에 대해 너희가 모르기를 내가 원치 아니하노 니 그것은 곧 이방인들의 충만함이 이를 때까지 일부가 눈머는 일이 이스라엘에게 생긴다는 것이라 유대인들이 수많은 세대 동안 수많은 기적들을 겪으면서도 믿음이 얼마 가지 못하고 금새 하나님을 배반했던 것처럼 오늘날 수많은 민족들로 이뤄진 현대의 기독교인들도 하루하루 진정으로 하나님의 뜻에 맞게 살아가는 사람들은 지극히 매우 지극히 드물다 결국 유대인들의 역사는  기독교인들에게는 그저 또 다른 자신의 모습을 반추하는 역할을 하게 한 다 성경에 따르면 때가 이를 때에 다시 하나님 안에서 유대인이나 다른 민족들이나 모두 믿음 안에서 하나가 될 것이 다 유대인을 선택하고 영원히 같이 하겠다는 하나님의 약속이 있었기 때문이다 이러한 하나님의 약속은 또한 믿음으로 하나님의 자녀가 된다는 기독교인들에게도 주어져 있다 창조주로서의 하나님 의 선택은 존중받아야 마땅하며 그것이 유대인의 어리석음이나 죄에도 불구하고 그럴 수밖에 없음은 다른 기독교인들의 모습이라고 해서 유대인의 어리석음이나 죄보다 더 나은 점이 단 하나도 없기 때문이다 모든 인간은 죄인으로 하나님의 은혜 하나님의 아들 독생자 예수님의 대신 죽으 심가 없이는 하나님 앞에 설 수 없다 제가 아는 한은 대략 이 정도의 배경이 있습니다  생각나는 데로 정리해봤습니다님 상세한 설명 감사합니다 그래도 여전히 유대교와 이슬람교에 대한 개신교의 온도 차이의 의문은 잘 해소가 되 질 않네요 님 아무리 개차반이더라도 아버지의 권위에는 길들여져서 효도 하려 하지만 형 제끼리는 재산 가지고 칼부림 까지 내는 그런 막장 드라마 같은 마인드 아닐까요님 유대교와 이슬람교에 대한 개신교의 온도 차이는 아마도 하나님의  선택에 대한 성경의 기록 때문이 아닐까 합니다 이슬람교는 코란이 아닌 성경의 기록에 따르면 선택 받지 못한 아브라함의 자손으로부터 뻗어 나온 종교입니다 그래서 개신교의 입장에서 볼 때 이슬람교는 사실 더 이상 다른 종교들과의 차이가 없습니다 그저 사람이 만든 또 하나의 종교 일 뿐이니까 요 그들의 신을 알라 곧 하나님이라고 부른다고 해서 같은 하나님으로 여기지 않지 요 불교에서 부처를 외친다고 부처를 개신교의 하나님과 동일시하게 여기지 않듯이 그저 알라는 그들의 신 정도로 여깁니다 유대교는 그와 반대로 하나님의 선택을 받은 아브라함의 자손의 계보를 따르고 있고 계속해서 자세한 그들의 역사가 성경에 기록 되어 있습니다 즉 유심히 주목할 가치가 있는 민족인 것이 죠님 그런 거 보다도 현재 성경에서는 구약도 신약만큼 굉장히 큰  비중을 지니는데 구약을 보다 보면 유대인들에 대해서 좋게 생각이 들 수 밖에 없죠 선택된 민족이고 또한 여호와 가 그토록 아끼시는 민족이니까요 그래서 기독교인들이 막연히 이스라엘에 대한 호감을 가지고 있는 것이라 봐요 신약에서는 어찌 보면 여호와 에 대한 배신하는 행위들을 유대인들이 하는데 사실 신약의 가치 자체도 사랑과 포용이라 유대인 혹은 이스라엘이 행위에 대해 서 그렇게 질타하거나 하지 않죠 성경을 보면 구약과 신약은 완전히 다른 가치와 방향성을 가집니다 그래서 유대인들의 그런 행위들에 대한 게 많이 희석되어 있죠님 하지만 이슬람교에선 예수와 마리아가 선지자 예언자 급 위치에 있습니다 메시아는 아니지만 메시아가 오기 전에 강림 한 파워풀한 선지자로서 존경의 대상이지요 유대교는 예수와 마리아를 완전 부정합니다 메시아도 아니고  선지자도 아닌 사기꾼이고 유대교의 메시아는 전 세계가 아닌 오직 유대인 만을 구원하는 존재입니다 왜 한국의 개신교는 이슬람은 적대하지만 유대인은 적대시 안 할까요 머리에 꽃을 님 구약을 보면 유대인들에 대해서 좋게 생각이 들 수 밖에 없죠 글쎄요 저로서는 읽을 때마다 유대인들에 대해서 좋게 생각이 들지 않았습니다 오히려 죄를 짓는 사람의 모습을 대표하는 모습이랄 까 답답하고 어리 석고 뭐 그럴 뿐이지 요 하나님이 유대인을 아끼는 이유가 그들의 행위에 따른 것이 아니라는 게 더 명확해질 뿐이었습니다로 키님 앞서 제가 설명드렸던 배경도 그 이유에 한 몫을 한다고 보고요 아예 깔끔하게 부정하는 사람 인정하는 듯 하지만 오히려 엉뚱한 정보로 미 혹시키고 심지어 자신의 종교로 끌어들이는 사람 정도로 이해하면 되지 않을까요 특히 자신 의 종교로 끌어들이는 부분에 한국의 개신교는 매우 민감할 겁니다님 유대인들이 죄를 짓기는 하지만 하나님이 이 끌어주시고 또한 구약의 궁극적인 게 이스라엘 유대인들의 구원이니까 요당연히 유대인들이 특별하고 선택 받은 민족으로 보일 수 밖에 없습니다 머리에 꽃을 님 성경을 몇 번 읽어보시면 선택 받은 민족이라는 데에는 동의 하실 수 있으시겠지만 그들이 특별해서 선택한 것은 아 니라는 걸 확실히 알 수 있으실 겁니다 하나님이 선택하셨기 때문에 언뜻 다른 사람들 눈에는 뭔가 특별해 보일 수는 있겠지만 막상 성경을 읽어보면 그들이 특별해서 선택한 것이 아니구나 라는 걸 오히려 깨닫게 된 달까요님 실제로 특별했었냐는 중요한 게 아니죠 선택을 받았기 때문에 특별한 거죠 머리에 꽃을 님 아 그런 의 미로 선택 받은 것 자체만 놓고 굳이 특별하다 라고 표현 을 하시는 건 뭐 그렇게 말할 수 있지요님 공감하는 부분입니다 선택했기 때문에 거둬준 다 컨셉이지 이뻐서 선택했고 이 뻐서 퍼준다 이런 게 절대 아니죠
한강 대학생 사건을보면 그냥 안타깝네요,그 창창한 날만 남은 죽은 어린 친구도 또 함께 있었던 친구도 죽은 분의 부모님이야 어떤 말도 할 수 있죠 자식 앞세운 부모의 한이라는 건 우리가 생각할 수도 없을 테니 근데 짜증나는 건 기레기들이 죠 어떤 합리적 추론도 없이 그저 자극적이기만 한 글들만 싸질러대는 버러지 같은 것들이 문제겠죠,기레기 새끼들 진찌 그 벌거지들 어찌 청소하죠 언론 시스템부터 뜯어 고쳐야 죠 도 매장 사 못하게 막거나 혹은 도매 기사 파는 애들 소매장사 못하게 해야 죠 전 기 레기가 이렇게 횡 횡하는 게 결국 국민 수준이 그 모양이라 그런 건가 싶기도 해요 기레기 탓할 게 못 되는 것이 당장 유투브 보시고 댓글을 보세요 정말 많은 수의 평범한 사람들이 얼마나 광기에 찼는지 여실히 보여줍 니다 책임 없는 렉카들과 그들에게 열광하는 대 중들 누군가 국민 수준에 맞는 정부를 갖는다고 했던 가요 독자 수준에 맞는 언론을 갖는 거 같습니다 그냥 대중들의 욕망에 부응하는 것 뿐이에 요음모론 떠벌리다가 아님 말고 하는 언론인들이 대중들에게 인기를 끄는데 그런 언론인 다 없어져도 아무 변화 없을 겁니다 취재도 없이 그냥 대충 카더라성 정보 주워다가 아님 말고식으 로 자극적으로 편집해서 올리는 유튜버 렉카들이 얼마나 손쉽게 돈을 버는지 보고 경악했습니다 아버지도 좀 이 상해요 자식 잃은 부모 심정을 넘어서 선을 제대로 넘고 말리는 사람 없이 여기저기서 부추기고 자식이 있다 보니 손군 아버지 심정도 친구 부모님 심정도 이 해가 갑니다
갑자기 이상한 글이 많아졌네요,모든 국민 억이상 소득 이라는 분도 있고 억 이상을 벌어도 난 너무 가난해서 우울하다는 힘들다 라는 분도 있고 저번에 벌레가 창궐한 다 라고 했다 글이 삭제되서 근데 벌레 창궐이 삭제될 말인가요 갑자기 이상한 글이 창궐하네요,전 억인 디 말이 쥬금송아지 두 있고 요님 엌 님 금도금 기타도 있다고 하셔야 죠 저는 금도금 커넥터 정도는 있습니다 억대 연봉이나 받으면서 불만 글 적 나 모르겠네요억이상 소득이 국민이면 저는 비 국민인가요 소득의 양과 소득 유형에 따른 과세도 중요하지만 세금이 나라가 삥 뜯기가 아닌 사회적 재투자라는 인식과 그를 위한 좋은 시범 케이스가 더욱 필요하다고 봅니다 봉선동백 돌 이님 법의 옳고 그름을 떠나 모든 국민 억이상 이라는 논리는 도대체 어떻게 형성되는 논리인지 진심으로 궁금합니 다 봉선동백돌이님 그런데 안 그래도 투명한 근로소득에 대한 과세에 기본적인 반감이 있는데 거기에 대해서 더 증세한다고 하면 당연히 반발이 많겠죠 자본소득은 거진 건드리지도 않고요 인생은 장기 전님 말씀하신 부분은 동감합니다 저도 세금 때문에 욱할 때가 있긴 합 니다 웃자 님 뭐 그 분들 주변에 억 넘는 분들만 계시면 그렇게 생각할 수도 있지 않을까요 물론 제 생각은 절대 아니고 웃자님이 쓰신 본문에서 모든 국민 억이상 소득이라는 분도 있고 라는 말씀에서 난 억 만져나 봤나 싶어서 쓴 것이니 혹시나 오해하실까 해명합니다 인생은 장기 전님 세금을 내면 그만큼 받을 수 있어야 하는 게 중요하다고 봅니다 아무리 자기가 많이  내도 아무 것도 못 받을수록 조세 저항이 크다고 합니 다 봉선동백돌이님 사실 고소득자는 세금 내도 못 받는다고 보면 됩니다 그리고 낸 거에 비해서 덜 받는 구조가 되는 게 맞고요 애초에 고소득자는 세금을 통해 뭘 받겠다라는 생각은 적 고 다만 그 세금이 형평성 있게 부과되는지가 더 중요하다고 봅니다 봉선동백돌이님 무슨 말씀이신지 이해하고 있습니다 해명은 요 무슨 요즘  클리앙에 워낙 다양한 분들이 많이 들어오다 보니 글쓰기가 쉽지 않은 것 같습니다 인생은 장기 전님 경험으로 보면 세금을 많이 내서 어떤 식으로 돌려받나 라는 생각보다는 어느 정도 포기하고 좋은데 쓰였으면 좋겠다 나 기부를 하는 게 절세하는 거구나 라는 긍정적 이 절세 방법을 더 생각하게 되지 않나요 당연히 말씀하신 대로 형평성 있는 부과는 매우 매우 매우 중요하다는 데 동의합니다
♊️ 화요일 러블리즈 입니다 517 단신 데뷔로부터 2380일,퐁당 파워 “배성재의 텐” 생녹방 꼰묘꼰 묘해 회 유지애 배텐 공식 파트너 채널｜코빨간 배춘기 인 방 쟤 탄절 생파 언박 싱 유지애 한국연예제작자협회 우리 하나 되어 음원 공개 베이비 소울 소울 구간 뮤지컬 태양의 노래’ 온 라인 판매 공지 김지연 상세 정보 러블리즈 트위터 업데이트 공식 메이크 스타 트위터 우리 하나 되어 소울 러블리즈 차 티켓 오픈 지 연 배텐 생녹방 지애 러블리즈 인스타그램 업데이트 코러스 김현아 님 인스타그램 김지연 모공에서 러블리즈 찾기,명근님 띵근님 근데 명근이 사진보고 깜짝 놀랬어 여 뭔가 좀 그런 사진 느낌처럼 보여서 님 색 반전 때문에 놀라셨군 요죄송합니다 그럴 의 도는 아니었는데님 엇 아네 영 무슨 죄송하실 일이님 유지애는 정말 동안 이네요 언덕나무님 동안 하면 지애 지애 하면 동안이 죠 태양의 노래 뱃지 사고 싶네요 근데 해나의 기타라고 써놓고 아래 일본어로는 한나의 기타라고 적혀 있네요  로 번역기 돌렸나 퐁당 제이윤님 저는 회 차 공연 때 다 구매하긴 했는데 그 후로 배지는 계속 품절이라는 것 같더군 요 온라인에 얼마나 풀지 모르겠지만 구하는데 그리 어렵진 않을 것 같아요님 역시 공연을 가야 하나요 레인보우님 구독료로 미개봉 집 리팩 하나 보내드릴게요 쪽지로 주소 연락처 부탁드려요님 저도 몇 장 소장 중이라 마음만 받을 게요 감사합니다 님 어억 역시  항상 감사합니다 좋은 밤 되세요 퐁당이라니 이 분은 울림엔터에서 상줘야 되는 거 아니에요 아니면 이미 직원이 실려나
아이유 구찌,아이유 구찌 화보,잘 어울려 요 브랜드와 생일에 억 쓰는 분이에 요 사진 너무 이쁘네요 다시 태어나면 꼭 이 하생략
백신과 혈전에 대한 좋은 영상이 있네요,대한민국에서 혈전환자를 제일 많이 보는 편이라고 하시는데 설명을 참 알아듣기 쉽게 잘 하시네요 듣고 나니까 모호하고 혼란스러웠던 부분도 해소 되었고 불안감도 사라졌습니다 요약 혈전이라고 다 같은 게 아니고 백신에 의한 건 혈소판 감소증이 동반된 특이 부위 혈전증으로 특정되었고 치료방법도 이미 나와 있다 그리고 동양인은 원래 혈전이 적고 해당 혈전도  여러 가지 데이터를 볼 때 서양보다 발생 확률이 적을 확률이 높다,잘 봤습니다
GS 이벤트에 대한 저의 화답,ì¶œì¶œí•˜ê¸¸ë�˜ ë§¥ì£¼ë� ê°„ë‹¨í•œ ê²ƒ ì¢€ ìƒ€ìŠµë‹ˆë‹¤,ë°±ì›�ì§œë¦¬ í™˜ë¶ˆë¶ˆê°€ ì¹œí™˜ê²½ë´‰íˆ¬êµ°ìš”ë‹˜ ë„¤ ê°�ì´‰ì�´ ë­”ê°€ ì€ë “�í•˜ë„¤ìš”ë„¤ìš”ë‹˜ ë„¤ ìš°ì°í�ˆìš”ë‹˜ ğŸ�¶ì•ˆê°€ëŠ” ê±°ì•¼ ìš°ì°ì� ìš°ì°ì� ğŸ�µìš°ì°ì�„ ë�”í•´ì„œ ğŸ�¶ì–´ë¨¸ ê¹œì§�ì�´ì• ¼ë‹˜ ì•ë§�ì�´ì�ìš” ë°¤ì� ìš°ì°í�ˆ ì¶œì¶œí–ˆê³ ìš°ì°í�ˆ ì�´ë²¤íŠ¸ê°€ ìƒ�ê°�ë‚˜ í�¸ì�˜ì�ì� ë‹¤ë€ì™”ì�„ ë¿�ì�ë‹ˆë‹¤ë‹˜ ğŸ�ğŸ�ğŸ� ì¡´ê²½í•©ë‹ˆë‹¼ãœã ããí‡´ê·¼ê¸¸ì� ë­˜ì¢€ ì‚¬ëŸ¬ ë¡œê°”ëŠ”ë�°ë¡œë°”ê ´ì�ˆë „¤ìš” ã„·ã„·ã„·ã„·ã„·ìš¸ ë�™ë„¤ëŠ” ê°€ ì˜¨ ë�™ë„¤ í�¸ì�˜ì�ì�„ ë‹¤ ë¨¹ì–´ë²„ë¸ìŠµë‹ˆë‹¤ ì§±ê°€ì§±ê°€ë‹˜ ã„· ã„· ã„·
불효자 아들 아버지 생신선물을 사드렸네요,비싼 건 못해 드리고 애플와치 알루미늄으로 사드렸는데 와 아들 덕분에 호강 하네 이 러시면서 좋아하시네요 겨우 시계 하나에 무뚝뚝한 아버지가 이런 반응이 시니 기분이 묘하네요 평소 대화도 없고 돈 독한 사이도 아니라 더 그런 거 같아 요 더 열심히 벌어서 다음엔 밴츠 뽑아 드려야겠습니다,그래도 아버님이 젊으신 가 봅니다 저는 아부지랑 이야기도 잘 안 했는 뎅 외국 살아서 돌아 가실 때도 나중에 한국에 도착해서 일장 했었습니다 작은 행복에 중독되는 거죠 다은에 벤츠가 아닌 중간에 여러 많은 효도를 해드리세요 아버지가 행복해 하시는 게 나의 행복이란 게 느끼실거에 요 저는 외국 살아서 날마다 아침 저녁으로 엄니한 테 라인으로 화상 통화 하고 있습니다 이것만으 로도 엄니가 무척이나 좋아라 하십니다 헤헤헤 얼른 한국 갈날이 왔음 좋겠습니다
미디어 오토 좋은일 하셨네요,뭐 좋은 일 한 건 칭찬해줘야 하지 않을까요 미디어 오토도 직원이 명이나 되는군요 이제,지난번엔 모닝으로 쌀 포대를 님 아 전에도 좋은 일을 하셨다더라구요 근데 모닝에 포대가 들어가나 요폭풍 후진님 그리고 그것이 실제로 일어났습니다 폭풍 후진님 모닝밴 적재량이 으로 알고 있습니다 큰 문제는 없어 보여 요 의 외로 현금 수송차로도 꽤 썼죠에 엄청 과적하던데 또 했군 요한상기 봉고 시 승기 생각나네요반 정도는 직원들 위해서 쓰시지 노숙인들에게 고마운 분이 시네요
BTS 신곡 Butter 컴백 무대 빌보드 뮤직 어워즈 official,한국시간 월 일 오전 시 는 년 빌보드 뮤직 어워즈에 톱 듀오그룹’ 톱 송 세일즈 아티스트’ 톱 소셜 아티스트’ 톱 셀링 송’ 등 개 부문에 역대 최다로 노미네이트 됨 년 연속 톱 소셜 아티스트 수상 년 탑 듀오 그룹 수상 함,꺅 애들이 잘생겨서 뭐든 어울리지만 코디는 좀 불만이예요
독자들 기만한 만화 작가jpg,번식하지 말라는 만화 그리는 와중에 자기들은 번식함,세상에 번식은 내가 할 테니 니들은 관둬라니들 번식은 내가 했으니 너네는 그만둬라 내가 해봐서 아는데 니들은 하지 마라공과 사는 구분하는 훌륭한 작가군요
피싱 메일 몰라한국 청소년 디지털 문해력’ OECD 바닥 충격’,경제협력개발기구가 지난 일 현지시각 발표한 피사 세기 독자 디지털 세상에서의 문해력 개발 보고서 사진에서 한국의 만 살 학생 중 고들은 사기성 전자우편 피싱 메일을 식별하는 역량 평가에서 경제협력개발기구 국가들 중 가장 낮은 수준을 기록했다 피싱 메일 여부 식별을 통해 정보의 신뢰성을 평가하는 테스트에서 덴마크·캐나다·일본·네덜란드·영국 학생들은 가장  높은 수준을 보인 반면 한국은 멕시코·브라질·콜롬비아·헝가리 등과 함께 최하위 집단으로 분류됐다 또한 한국 학생들은 주어진 문장에서 사실과 의견을 식별하는 능력에서도 최하위를 기록 했다 경제협력개발기구 회원국들의 평균 식별률이 인데 한국 학생들은 에 그쳐 꼴찌였다 이번 보고서는 경제협력 개발기구가 회원국 위주로 만 살 학생들을 대상으로 년마다 실시하는  년 피사 결과에서 디지털 리터 러시 관련 내용을 분석해 만들어진 자료 다 읽기 능력 평가에 중점을 두고 진행된 년 피사에서 한국은 읽기 영역 점수가 오이시 디 평균점보다 높은 점으로 상위권 개국 중 위을 기록한 것으로 나왔지만 이번 발표로 한국의 디지털 문해력과 관련한 교육이 바닥권이라는 게 드러났다 한국 학생들의 문해력은 년 피사 조사에서 점으로 조사 대상국 중  위였으나 이후 년간 조사 때마다 점수와 순위가 함께 하락하고 있는 추세 다 당신의 문해력을 제작한 김지원 프로듀서는 “디지털 기기에 길들여진 청소년들이 긴 글 읽기를 어려워하고 있으며 어 휘력이 떨어져 있는 현상이 전국적으로 광범하게 확인됐다”며 “지금 대는 미디어에 익숙하지 않아서 가 아니라 다양한 출처의 문서를 읽고 검증하는 방법을 모르는 데다 비판적  읽기를 경험한 적이 거의 없다”고 말했다 특히 사흘’ 글피’와 같은 어 휘를 모르는 세대가 성장하면 세대 간 의사소통이 어려워지는 문제가 생길 우려도 있다는 게 김 피디의 생각이 다,팝업이 뜨자마자 다음 누르는 습관땜시 애들 피씨 보면 너 저분합니다 글을 읽을 시도를 요즘 애들은 거의 안하고 시각 정보만으로 습득하고 반응하더군 요별로 문제 될 거 없다고 생각합니다 애초에 쉬운 단어가 있음에도 글 피 이런 걸 왜 써야 하는 지도 모르겠구요 학생들 어휘력 떨어진다고 징징 거리는 건 년 전에도 나왔던 기사인데 대체 어디까지 해야 꼰대들이 보기 만족 할 건 지요 교육 과정에 천자문이라도 추가하던 가요 그러고 보니 학생들 한자를 몰라 신문도 못 읽는다고 곧 나라 망 할 것처럼 호들갑 떨던 때가 엊그제 같네요 백숙님 위 내용을 잘 보시면 현재 상황은 어휘력에 국한된 것이 아닙니다 긴 글을 읽기 어렵고 이를 이해하기 어려워 하고 있습니다 이건 여러 관점에서 장기적으로 문제가 될 수 있다고 봅니다님 긴 글 읽기 어려워하고 요즘  애들 독해력 떨어진 다는 것도 디지털화가 본격적으로 시행 되면서 몇 십 년 전 부터 꾸준히 나오던 이야기 입니다 그리고 비단 우리나라에만 국한된 문제도 아니에 요긴 글 읽기 힘들어 하는 세대들이 주류가 되면 긴 글 자체가 필요가 없게 사회는 변화하게 되어 있습니다 요즘 애들이 긴 글 읽는 걸 싫어한다고 해도 현 주류 세대보다 멍청하지도 않습니다 백숙님 문해력 이야기  나오면 항상 언급되는 작년에 방송된 의 당신의 문해력이라는 프로그램이 있죠 중이 보모라는 단어를 몰라서 영어 시간에 해석을 못 하고 고가 사회 시간에 위화감 기득권이라는 단어를 모르면 학습 자체가 불가능합니다 대학 교육도 아니고 필수 교육과정에서 언급되는 것들입니다 충분히 문제 될 일이라고 보는 입장입니 다단순히 단어 한 두개 모른다는 수준이 아니라 문맥과 상황 자체 를 이해하지 못 하게 되고 개개인의 삶에서 불필요한 마찰이나 문제로 이어지면 이 또한 사회적 비용으로 돌아옵니다 한 두 사람의 경험과 인생이 아니라 거시적 관점에서의 접근이 필요한 문제라고 생각합니 다 백숙님 글피가 쉽지 않은 단어라고요 사나흘이란 말도 안 쓰고 내일 모레 글 피도 안 쓰나요 충격적인 인식이네요 관점은 다르게 가질 수 있으니 윗분들 의견도 존중 합니다 하 지만 저 문해력 어휘력 으로 요즘 애들은 문제다 라는 쓸데없는 기사들은 언제쯤이나 안 보게 될지 궁금 하네요아마 년이 되어도 없어 지진 않겠군 요 그 때도 그러겠죠 아이고 요즘 애들은 문제야 라떼는 엣헴백숙님 이런 평가는 항상 상대적입니다 말씀처럼 시대는 분명히 바뀌고 있습니다만 문해력이 상대적으로 떨어지면 이 전 세대의 자료나 문해력이 상대적으로 뛰어난  해외에서 오는 장 문의 내용들은 소화하기 어려워집니다 정보의 홍수 시대에서 글을 빠른 시간 내에 소화하고 자기 것으로 만드는 능력은 어느 분야에서도 필요합니 다 문해력이 떨어지면 단문의 글이라도 내용을 이해하는 시간이 상대적으로 더 오래 걸릴 것이라 생각합니다오독의 가능성도 높고 요특히나 요즘 문제는 문해력 저하로 인해 비문의 글이 많이 작성된다는 점입니 다이는 학생  심지어는 학생을 가르치는 선생님들에게서도 발견되고 있습니다 백숙님 요즘 애들이 문제야 라고 말하는 게 아닙니다 교육하는 우리 어른들이 문제인 거고요 그걸 바꾸기 위해 어떤 노력을 해야 하는지 고민하는 겁니다 정말 애들에게 문제가 있다고 하면 그건 기성세대 탓입니 다 백숙님 어휘력 문제는 또 쓰기와 관련되어 있습니다 당장 업무를 봐도 제안서나 보고서 외부로 나가는 간단한  이 메일 등에서도 중요한 경우 작게는 수 번 길게는 수십 번을 고쳐 쓰게 되는데 상황에 맞는 단어 선택이 중요합니다 어휘력이 부족하다고 쓰는데 문제는 없지만 반대로 풍부하면 그런 일을 하는데 그만큼 유리해집니 다 백숙님 일단 제 경험으로는 어 휘력과 별개로 문해력 떨어지면 사람과 코웍하게 되면 상대적으로 조금 더 피곤해지는 경우가 종종 있었습니다 백숙님 난데없이 천자 문은 왜 요 한글 뜻도 못 알아먹으니 하는 소린 데 지금 교육과정에 국어가 없어요 당신 말 뜻 못 알아들어서 삿대질한 국회의원이 벌써 며칠 전 얘기인지 모르세요 겁나 문제인 거에 요 지금 백숙님 오늘 내일 모레 글 피할 때의 글 피 입니다 상대적으로 덜 쓰이긴 해서 모를 수는 있죠 다 만 글피는 순 우리말인 걸로 알고 있습니다 오히려 우리말에 내일이란 말이 없어서 내일만  한자어를 쓴다고 하네요 백숙님 꼰대에 집착하지 마시고 조금 더 깊게 생각해보세요 백숙님 백숙님이 쓰신 리플이 정확하게 문해력이 떨어지는 예시 입니다 분명히 본문에 문제가 되는 부분이 사실과 의견을 식별하는 능력 저하라고 적혀 있는데 갑자기 쉬운 단어 이야기가 나오고 글 피 꼰대 천자문이 나옵니다 사실을 읽지 않고 글의 핵심을 벗어난 단편적 의견 만 읽은 예시 입니다 요즘 문해력이 심각한 수준이라는 얘기가 계속 나오긴 하던데 이렇게 보니 하네요책 읽는 게 중요하다 생각하는 이 유 중 하나입니다아 책을 읽어야 겠군 요 책을 읽읍시 다한국인의 문해력이 나쁘다는 건 오해 한국인 문해력에 관한 잘못된 인식과 통계적 진실 본문의 기사가 더 최신이 긴 하지만 암튼 반론도 있습니다님 정말 위 기사가 맞는 것이면 좋겠습니다 사실 제 가 긴 글 읽는 호흡이 떨어졌다고 느껴서 문해력 관련해서 개인적으로도 걱정을 하고 있습니다 당장 얼마 전 국회에서도 일이 벌어질 정도니까 요 미국이 상위권에 있다는 게 나름 웃음 포인트인 건가요 기사에서 제기하는 문제점에는 동의 합니다만 님 학교를 제대로 다닌다고 치면 미국이 독서에 가장 노력을 기울일 겁니다 독서 시스템과 정 및 평가가 잘 되어 있어요 부모가 관심을 좀  가지면 독서 과정은 진짜 좋습니다 망해가는 국립 학교를 못 봐서 이렇게 생각할 수도 있겠네요님 특히 중고 등 과정에서 주요 방학 숙제가 문학책 읽기 입니다 이걸로 학기 시작하면 꼭 시험도 봐요 그리고 학기 중에도 주요 문학 책 읽는 건 꼭 시킵니다 평가에도 반영되고 요님 뭐가 웃음 포인트라는 지 모르겠네요 어 지간히 교육받은 미국 사람들은 에세이의 중요성 인식이 한국과 는 차원이 다르던데요 우리나라 수능 공부하듯이 글쓰기 공부하는 나라 아니었나요 하다 못해 말 못하는 게 썩 흠이 안 되는 직군 중 하나인 개발자 집단에서도 미국 분들 테크니컬 라이팅은 레벨이 다릅니다 같은 영어권 국가 사람끼리도 한국의 경우엔 댓글이 점점 짧아지고 즉각적인 반응만 있을 뿐 로직이 없는 경우가 늘어나는 건 기 정 사실인 것 같아 요안 됩니다님 미국에서 애들 키우 니 공감합니다 유치원 때부터 일주일에 짤막한 책 한 권씩 읽는 게 숙제입니다님 요즘 미국 정책을 비판하는 글이 많아서 미국 하면 사실을 따져보기 전에 무조건 나쁜 쪽으로 이야기 하는 분위기 여서 그러신지 모르겠습니다만 현실은 저희 애들 미국 초딩 학년 때 매주 책권 이상씩 읽었습니다 동화책이 아니라 권당 페이지 이상 씩 되는 오즈의 마법사나 같은 소설 책 들이고 요 읽는 것으로 끝나는 게 아니고 매주 금요일에 각 책마다 시험을 봐서 기준점수 이상을 통과 해야 합니다 그렇게 읽지 않으면 점수 를 받지 못합니다 그리고 매 월 페이지 이상 빽빽하게 독서 감상문을 적어 내야 하는데 최종 결과물에 문법 오류가 전혀 없어야 해서 다 쓰고 나서도 며칠에 걸쳐서 퇴고를 계속 시킵니다 또한 과목을 보면 초 등 학년 때 삼권 분립 각 정부  기관 상원 하원 대법원 대법관 헌법 연방법 주법 재판 과정 등에 대해서도 상세히 배웁니다 애들 학교가 사립이라 공립학교보다 기준이 좀 높을 수는 있지만 공립학교도 사립학교와의 최소한의 형평성을 생각한다면 독서 량이 한국 학교에 비해 수 배 이상 많을 겁니다 제가 한국에서 학교 다녔던 기억에 최소한 초등 학년은 되어야 그나마 반에서 우 등생들이 읽던 책들을 미 국은 초등 학년이 읽고 있습니다 물론 제가 초등학교 다니던 시절에 비해 한국 교육열이 엄청나게 높아졌으니 지금은 그것보다 수준이 높긴 하겠지만 요한국이 수학은 미국보다 진도가 빠르고 점수가 높지만 인문 사회과학은 미국에 비해 많이 뒤진다는 게 맞다고 봅니다 수능에 나오게 되면 피싱 메일 전문 판별 학원이 인기가 될 터인데 모 문해력이 떨어지면 계약서 사기 당하 기 쉬워지고 결국은 자기 손해 죠수능 언어가 아니라 그런 듯 바로 며칠 전 금일을 금요일이라고 알았다며 교수한테 개기던 카톡 이미지가 화제였죠 주작이건 아니건 단순히 그 사람의 인성 문제이던 간에 최소 문제의 발단 자체가 언어 그리고 어 휘력이라는 건 간과해서는 안 되죠 아마티님 금일 금요일 사흘 사 일 잘못 쓰는 경우가 많더군 요 뭐 쉽게 며칠 전에 일어난 “당신”만 봐도 원 문이 이거고 조사 대상은 만 세쯤 그러니까 한국에서는 중고 정도 되겠네요 한 번 훑어 봤는데 일단 문해력은 상위권이라 걱정 안 해도 될 거 같습니다 그리고 공짜폰 준다는 피싱에 대해서는 교육이 필요하긴 한 거 같습니다 근데 사실 피싱이나 랜섬웨어는 성인이라도 접해도 구분 못할 경우가 있는데 작정하고 속이려면 성 인도 당하는 거니까 사실 그렇게까지 심각하게 생각할 필요는 없 고다만 어느 정도의 경각심은 필요하니 애들에게 피싱 랜섬웨어에 대해서 알려주고 구분법과 조심하라고 일러주는 정도 면 된다고 봅니다 추가적으로 회원국들 중 인터넷에 시간을 소비하는 게 한국이 가장 적더군 요아마 이건 한국의 교육 환경이 문제라고 봅니다 쉬운 단어가 있는데 글피를 왜 써야 하느냐는 댓글을 보고 놀랐습니다 한자어도 아니고 애초에 글 피의 더 쉬운 단어는  없습니다 하루 이틀 사흘 내일 모레 글 피이 정도가 어렵다고 하면 저 어려운 단어 대신 어떤 더 쉬운 단어를 쓰는지 궁금합니다 농담이 아니라 진짜로 “글피” 대신 “일 후”를 쓰면 된다고 생각하시나 보죠 님 위에 언급된 기사와는 별개로 글피란 말은 저도 처음 들어봤습니다 언어라는 게 항상 고정된 것이 아니고 시대적 흐름에 따라 변화 대기 때문에 특정 단어를 점점 안 쓰는 추 세로 간다면 그 단어를 모르게 되는 건 자연스러운 이치라고 봅니다 당장 요즘 글피라는 말 거의 안 쓰잖아요 다들 사흘 후 이런 식으로 쓰지님 글피라는 단어 한 번도 안 써봤네요 유카리오틱님 글피는 알지만 잘 안 쓰는데 사흘 후 라고 쓰고 일 뒤로 이해하는 사람들도 있어서 문제죠 시대적 흐름에 맞춰서 변화 된다고 사흘 후가 일 뒤가 되면 안 되는 거죠 케헤헥님 그렇긴 하죠 중 고등학교  시절 영어 시간에 영어는 어 휘력이 생명이 다며 영 단어를 많이 외우게 했었는데 국어 수업도 이런 부분이 필요하지 않나 싶어요 국어는 이런 단어 정도는 당연히 알겠지 라는 생각으로 어 휘력은 묻어두고 고전 문학 현대 문학 산문 혹은 시 외우기와 같은 방식으로 수업을 진행하니 막상 어른이 되어서도 아는 단어가 별로 없더라구요 이영도 작가님 책을 읽으며 내 어휘력이  형편 없다는 걸 깨닫게 되었고 학창 시절 영어 단어 외웠던 시간의 반 정도만 한글 단어 외우는데 투자했더라면 어땠를까 라는 생각이 들더라구 요 심각하네요 뭐 당장 여기 클리앙만 봐도 본문에 다 써놔도 읽지도 못 안 하는데요 님 맞아요 애들까지 갈 거 있나요 당장 여기만 봐도 님 이거죠 애들 보고 안타까워할 상태가 아닌데 님 뜨끔합니다 아무래도 국어가 언어다 보니 국어 단어 공부를 경시하는 풍조가 계속 있어 왔는데 요즘 보면 이 거 위험하다는 생각이 슬슬 듭니다 고 학생들 볼 일이 많은 편인데 질문 받아보면 단어를 몰라서 국어 문제를 이상하게 푸는 학생들이 많아요 요즘 안 쓰는 단 어니까 배울 필요가 없다는 논리가 있군요 이런 식이면 년 전에 쓰여진 문학 작품도 조선시대 한문책 보듯이 하겠군 요참 좋은 나라가 되겠네요님 그걸 말하는 게  아니라 언 어란 고정된 게 아니라 변하는 개념이란 걸 말하는 겁니다 이는 언어의 성질 중 하나에 요 과거와 언어가 달라졌다 해서 그걸 어떻게 “과거의 것은 공부하지 않아도 된다” 로 연결됩니까 모르면 공부하세요 유카리오틱님 저 위에서는 요즘 안 쓰는 단어는 공부하지 말자고 하시더니 지금은 모르면 공부하세요 라뇨님 위에 언급된 기사와는 별개로 글피란 말은 저도 처음 들어봤습니 다 언어라는 게 항상 고정된 것이 아니고 시대적 흐름에 따라 변화 대기 때문에 특정 단어를 점점 안 쓰는 추세로 간다면 그 단어를 모르게 되는 건 자연스러운 이치라고 봅니다 당장 요즘 글피라는 말 거의 안 쓰잖아요 다들 사흘 후 이런 식으로 쓰지 제가 위에 쓴 댓글인데요 이게 “요즘 안 쓰는 단어는 공부하지 말자” 로 읽히시나요 진심이 신가요 저는 언어의 성질 중 하나를 설명했을 뿐인데  그게 어떻게 “ 요즘 안 쓰는 단어는 공부하지 말자” 로 읽히시는지 더 나아가 “ 이런 식이면 년 전에 쓰여진 문학 작품도 조선시대 한문책 보듯이 하겠군 요참 좋은 나라가 되겠네요” 까지 가는 지 모르겠습니다 그리고 보통 그런 걸 우리는 “확증 편향” 이라고 하죠 유카리오틱님 요즘 안 쓰는 단 어니까 배울 필요가 없다는 논리가 있군 요 이 거랑 본인이 한 얘기랑 상관없 으면 무슨 문제가 있나요 저렇게 안 말했으면 본인이 굳이 시비를 걸 필요가 없지 않나 요님 누가 봐도 저격인데 이제와서 말을 바꾸시네요 님 논리 그대로 써볼게요 “과거에 비해 요즘은 제로 콜라를 많이 찾는데 이는 시대적 흐름에 따른 자연스러운 이치이다” 를 님께서는 “설탕이 들어간 콜라는 구 시대적이므로 먹지 말아야 한다” 라고 해석하셨습니다 두 문장이 같을까요 유카리오 틱님 누가 봐도 저격이 라뇨 님 아이디를 제가 언급이라도 했습니까 본인은 그렇게 말한 적이 없다면서 누가 봐도 저격이라니 앞뒤가 너무 안 맞잖아요님 저격 아니면 유카리오틱님 저 위에서는 요즘 안 쓰는 단어는 공부하지 말자고 하시더니 지금은 모르면 공부하세요 라뇨라는 댓글을 달 이유가 없지 않았을까요 앞뒤 말이 다른 건 제가 아닌 것 같은데요 유카리오틱님 모르는 게 자연스러운  이치 라면서 요 그리고 일단 모든 근거를 자신의 경험으로 드시면서 타인에게 확증 편향을 주장하시다니 좀 너무 하신 것 아닙니까 님 모르는 게 자연스러운 이치라고 주장한 건 맞고요 그게 과 거의 것을 배울 필요가 없다는 말과 동일하진 않습니다 그리고 확증 편향이란 말 하기 이전에 선빵은 제가 먼저 날리지 않았는데요 유카리오틱님 아니 제 글에 와서 “모르면 공부하라”고 시비 를 거는데 그럼 대답도 못합니까 그 대답을 가지고 선빵이라고 주장하시는 거에 요님 “유카리오틱님 저 위에서는 요즘 안 쓰는 단어는 공부하지 말자고 하시더니 지금은 모르면 공부하세요 라뇨”이 댓글 쓴 시점에서 이미 저를 공개 저격한 걸 인정하신 건데 그러면 선빵치신 거 맞지 않나요제가 주장한 적도 없는 내용을 이미 본인께서 스스로 확정지어놓곤 왜 이제와서 발뺌하세요 유카리 오틱님 애당초 제 글은 저 위의 백숙님에게 한 말인데요본인 주장인 양 시비를 걸고는 그게 본인이 한 말뜻이 아니라면서 또 저격이라고 시비를 거는 건 뭔가 요남에 대한 글에 본인이 먼저 시비 걸어 놓고 왜 분 풀이를 합니까 난데없이 성질을 내면서 모르면 공부하라고 하니 동일한 주장을 하는 사람이라고 인식할 수밖에 없지 않나요 본인 아이디도 안 적힌 글에 와서 왜  자꾸 시비를 겁니까 님 아까는 그럼 왜 “오해다 저는 백숙님을 저격한 거다” 라고 안하시고 위와 같은 댓글을 다셨는지 요 의문이네요님 댓글을 처음 본 시점에서 “내 댓글을 이렇게 자의적으로 해석하는 사람이 있구나” 라는 생각을 했고 저는 그에 대한 답변을 달았고요 이 때 “아 유카리오틱님을 저격한 게 아니었다” 라고 말씀하셨으면 저도 사과를 했겠죠 근데요 그 다음으로 님께 서 저를 공개 저격한 게 맞다는 확인 사살을 해주셨기에 논쟁이 이까지 온 건데 이제와서 “아 사실 유카리오틱님을 저격한 게 아니다” 라면 앞뒤가 맞나요 유카리오틱님 남에 관한 댓글에 자기 얘기인 양 시비를 먼저 거는데 그럼 동일한 주장을 펼친다고 생각을 안 할 수가 있습니까 난데없이 “모르면 공부하라”고 하는데 저는 말이 곱게 나가겠습니까 자기 아이디도 안 적혀 있고  자기가 한 얘기도 아니면 왜 시비를 거시는 거에 요님 아니 그쪽께서 시 비거섰다는 걸 먼저 동의를 하신 건데 왜 저보고 시 비거냐 하시면 제가 뭐라고 답을 달아야 할까요 그쪽이 먼저 광역기 쓴 거에 누군가 오인 사격을 받았다면 “저는 님 저격한 게 아니다” 라는 말을 먼저 하면 되는 거 아니에요 분쟁을 질질 끌어와 놓고 이제와서 “아 오해였다 이러면 누가 믿어주나요 유카리오틱님  본인이 오해해서 시 비 먼저 걸었던 건 생각도 안 하고 “니가 말을 잘못해서 내가 오해하게 만들었다고 대답해라”는 태도는 뭔가 요님 님이 광역기 시 전하셨고요 저는 맞대응했고요 님이 저 공개 저격한 거 인정하셨고요 그렇게 논쟁하다가 이제와서 “아 사실 님 저격한 거 아님” 이러셨어요 저는 “이제 와서” 라는 반응을 보였고요 이해가세요유카리오틱님 닌데없이 시 비 걸어 놓고 선빵 운운을 하다니 말이 안 통하네요 안녕히 주 무세요님 추가적으로 댓글 쓰신 후에 내용 바꾸는 거 계속 하시네요 앞뒤 문맥 이상하게 만드는 거 자제하셨으면 좋겠는데요 유카리오틱님 문장 추가한 것도 죕니까 누가 보면 글 내용이 완전히 달라진 줄 알겠습니다 본인 아이디도 안 적힌 글에다 시비를 걸어오는데 그럼 맞대응도 못해요 본인이 오해해 놓고 그게 제 탓이라는 겁니까  웬만큼 하세요 피해의식을 남에게 전가하지 마시구 요 문해력 관련 글에 말이 안 통하는 댓글로 시비를 거니 기분 착잡하네요 저는 여기까지만 하겠습니다 안녕히 주 무세요님 오해하게 만든 게 그쪽이었고요 그리고 그 오해가 오해가 아닌 사실이었다고 인정한 게 그쪽이었고요 뒤늦게 오해라고 말씀하셨는데 이 미 논쟁이 한창인 와중에 “오해다” 라고 하시면 그걸로 그냥 논쟁 끝 인 건가요 문장 추가뿐 아니라 내용을 아예 바꾸시던데요 바로 질전 댓글 아예 내용 바꾸셨다는 거 저 스크린샷만 봐도 알 수 있지 않나요 자꾸 본인이 피해자인 척 주장하시는데요 애시당초 그쪽께 더 이 글에 단 첫 댓글부터 가 “누군가를 저격” 하는 댓글입니다 즉 방어가 아닌 공격이에요 그 대상이 누구였든 간에 요 그런데 왜 피해자인 척을 하시는 거에요님 그리고 댓글 또 바꿔치 기하시네요 유카리오틱님 “오해하게 만든 게 그쪽”이라는 첫 문장으로 모든 게 정리되네요 본인이 오해했다는 말을 이 리 복잡하게 하시는군요 수고하셨습니다님 본인께서 저를 저격한 게 맞다고 인정하셨는데 그에 대한 발뺌은 하지 마시기 바랍니다 유카리오틱님 징하네요님 저야말로 드리고 싶은 말씀입니다 바꿔치기 계속 하시는 거 보면 그냥 말 바꾸시는 것 자체를 자주 하시는 것 같은데 제  경험상 그게 좋은 결과를 불러오진 않았습니다달 뒤 인데 남침과 북침의 의미를 반대로 알고 있는 청소년들이 그렇게 많다고 하던데요 한국의 문제는 독서보다는 반지성주의가 점점 많아지고 있다는 게 문제입니다 사람이 모든 걸 알 수는 없죠근데 모르는 게 나왔을 때 내가 모르는 건 당연하다고 얘기하는 사람이 많아지면 답이 없는 겁니다 몰랐던 거면 이 참에 알게 되는 기회가 되어야지 몰라 도 되는 게 아니거든요 전체적으로 사람들의 사실 의견 판단 능력이 낮은 게 아닌가 하는 생각은 많이 했는데 우리나라가 유독 심각한 거였군요그나저나 어휘력이 떨어진다는 문제는 좀 부차적인 문제인 것 같고 사실과 의견을 구분하는 능력이 떨어진다는 것이 매우 중요한 문제인 듯 한데 기사가 어 휘력에 포커싱해서 제목을 뽑아놔서 그런지 다들 그 부분에 집중하는 듯 하네요안 쓰는 것과 몰라도 되는 건 다른 문제 입니다 모르는 말이 나오면 알려고 하지 않고 내가 모르는 걸 상대가 쓰는 게 문제라 하는 태도가 문제인 겁니다 해당 보고서의 논제는 가장 첫 줄에 있듯이 우리가 부족한 능력이 사실과 의견을 구분하여 독해하는 능력이라고 되어 있습니다 하지만 리플들의 포커스가 단편적 기자의 의견에 집중되어 있는 것을 알 수 있습니다 내용이 무엇이든지  간에 이미 그것은 상관이 없이 자극적인 단어에 쉽게 반응한 다는 것을 느끼게 됩니다 문해력이 이 글의 핵심이고 논지인데 어 휘력으로 바뀌고 꼰대 천자문 등 주제가 완전 다른 방향으로 튀어버렸네요이 글의 반응에 따르자면 우리는 문해력이 떨어지는 게 맞는 것 같습니다
