,제목,본문,댓글
0,이루리 불쌍하네,머니게임 이루리 말구요,머니게임 이루리 말구요 아니근데 냉정하게 참가자들이 이 정도로 욕 먹어야 함거기 안에서 구라든 배신이든 뭘해도 상관없던 건데 내가 볼 땐 빵 한 거 빼고는 다 그냥 넘어갈 만한 것 같음 겜 내에서 야 비하게 할 수도 있는 건데 지금 보면 마치 드라마 악역 배우 맡은 사람한테 현실에서 욕하고 다니는 아줌마들 같음 착취 닮아서는 아니고 이름이 같음진짜 무지성 테러네디엠으로 욕하는 사람이 많나 보네 이 분 소나기 노래 좋은데 그냥 병신들임 예능 컨텐츠로 보라고 만든 유튜브에 과몰입해서 우루루 몰려다니면서 욕하는 거 보면 부모님 가슴 찢어지겟 다 사랑과 노력으로 자식 키워낫더만 기껏 하는 일이 유튜브 보고 과몰입해서 악플쓰러 다니고 자기 인생을 좀 과몰입하면서 살아가지 그러면 파이 같은 거 눈에도 안 들어오고 행복한 인생을 살고 잇을 건데다 닥다닥 구닥 본방 말고 개인방송까지 따라가서  말하는 거 하나하나 다 캡쳐해서 글 올리는 것 자체도 노이 해임 나는 항상 서 있다 머니게임 유튜브에 다가 파이 극 혐 파이 성격 병신이고 달고 그만하면 보기 불편햇다고 이 해라도 하지 사람들 다 찾아다니면서 테러하면서 지들이 정의 인척 착각하는 거 보면 그냥 지인생은 시궁창인데 먼 파이 같은 애가 월에 몇 천만 원씩 버니깐 어떻게든 나락 보내서 자기 인생처럼 볼려 고 발 악하는데 니들이 아 무리 그래도 파이는 여캠이라서 물소들 때문에 잘 먹고 잘산다 세 번째 들어왔다 낚시하지 마라 씨파 애쉬비로드 애쉬비로드당근 먹는다 욕해 정치했다 욕해 꼬깔콘 먹는다 욕해 통수친다 욕해 친목질 욕해 그냥 껀 수잡고 하나씩 찾아서 욕하기 바쁘네 사람들이 너무 과몰입했어 무섭다근데 이런 말하는 사람들 축구 보면서 선 넘는 욕 절대 안 하겠지 토마스 쓰리헬 한국인 한텐 안함코더랜 손 흥민 황희찬 욕하는 거 보면 뭐 도 긴 개긴 인 듯 토마스쓰리헬 며칠 전에 라멜라한테 박제된 사람 생각나네 이 사람 뭐 노래하러 나오는데 옷 야시 꾸리하게 입는다고 어이없게 욕 먹는데 동명이인이라고 또 시 덥잖게 욕 먹고 있네 안타깝다 신화 헐 무대 여러 개 봤는데 욕 먹을 만한 옷차림은 없던데 대체 파이 행동에 사람에 따라 욕할 수는 있는데 따라다니면서 이러는 건 정신병 수준인 거같네 그냥  일상생활하면서 그런 게 아니라 겜 속에서 한 행동이고 강령인가 보면 살인 범죄 빼놓고 다 된다고 했는데 어차피 겜 속에서 다들 치고 박고 한 건데 너무 과하다 싶어 선이란 게 있는데 머니 게임 갤러리 보니 패드 립 성드립이 난무하고 그걸 옹호하고 거리고 내가 뭘 잘못 봤나 했음 죄다 고소 때려야 한다고 봄 빨리 저 그 루리 아니에요 라는 타이틀로 노래 만들어서 불러라 위기를 기회로 과몰입 좀  그만했으면 진짜 머니 게임 그만 보고 싶다 이루리 커버곡도 좋고 본인곡도 좋음 들어보길 추천함 바이바이배드맨 베이시스트였음 아니 머니게임 자체가 원래 더럽게 해야지 자기 이득 얻는 건데 더럽게 했다고 욕 먹는 거 자체가 존 나웃 김 아으 진짜 제 발 적당히 좀 했으면 좆티즌 병신무뇌 새끼들엔 빵만 안 했어도 쯧정보 머니 게임 이루리는 본 명이 이루리가 아님 대혐 오 시대에서 좀 만 틈 주면 좆대지  방방봐를 외치던 그들이 너무나도 몰입을 해버렸다 자진 탈퇴 쇼 엔 빵 한 거까지도 룰이 허술해서라는 실드가 쳐질 거 같은데 그렇게 이기고 게임 끝난 뒤에도 정치질하고 가스 라이팅은 왜 하는 건지 소름돋음 그럼 머루리라고 불러야 되나 괜히 다른 분한테 피해가는 건 좀 머루리머 루리 이런 식의 비난이 계속되면 다음 컨텐츠에서 누가 음모를 꾸미냐 게임 재미없게 만드네 실망이 다에서 끝나야 하지만 게 임 외적으로도 십 창 낫잖시티 팝 이루리 지리는데 이분 노래 좋음 추천함 첨에 이루리 이루리 이러길래 바이바이 베드맨 이루리인 줄 알고 식겁했는데 아니었어 얘 노래 개 좋은데 배경 보니까 온스테이지 세트장 같은데 뭐지 서울 문으로 한 번 더 나가나 방송 제대로 안 본 입장에서 욕하는 새기나 욕하는 놈 욕하는 새기나 똑같아 보임 애초에 대 중 광기를 어 캐막어 박지현 너도 똑같다는 거 알지 그런 게  너는 그 중에도 좀 심한 것 같다 새가 뭐냐 이런 커뮤니티에서 왈가왈부하는 건 그렇다 쳐도 개인 에 욕박는 놈들은 뭔 생각을 하고 사는 걸까 집단 광기 개지림 무슨 엄한데 몰려가서까지 욕을 하냐 병신 과몰입 충새기들 화나는 건 이해하는데 찾아가서 욕하는 애들은 지들이 연예인 죽인 악플러들이랑 똑같다는 건 아냐 진짜 병신들 개 많다 머니게임 출연 진보다 저렇게 악플달고 다니는 새끼들 이 더 병신 같다 사람 착각하고 악플 단 새끼들 싹 다 고소해야 제 맛인데 이루리 노래 개저은 디적당히 까라 좀 이만 하면 많이 깠구만 그냥 사람을 죽이려고 달려 드네
1,한자 진짜 누가 만들었냐 ㅋㅋㅋㅋㅋㅋㅋ,수 천년 앞서 간 선조들의 지혜,수 천년 앞서 간 선조들의 지혜 개인적으로 고 대 중국인들은 동양 문명의 시 조 맞다고 생각함 훌륭하신 분들 임현대 중국인은 여러 이 민족들에게 강간당해서 생긴 불순물들이며 고대 중국인의 지성을 보존하고 있지 않다 알렉산드레 죽었을 테니 착한 중국인일 듯 중국인이 만들었겠지카노유라숏 컷 페미 중국한테 따지세요생물 남혐을 멈추기 위해 여 혐을 하는 게 아니라 그 동안 개 쳐맞고  있다 보니까 빡쳐서 이렇게 된 거임 이래 놓고 여 혐이 아니고 페미 혐오래비은 바 또 스윗 남들이랑 위장해 있던 여초들 나왔네 정작 살이 하까지의 한국 여자들 모든 세대에서 가량이 여자에게 불평등한 세상이라고 말하고 남혐시 위인 페미 시위에 여 자들 가까이가 지지한다는 등 죄다 이상은 적극적이든 암묵적이든 페미와 여성우대 여성보호와 지원에 동조하는 년들이라는 게 사실인데도 여전히 그런  여자들은 일부 다 정상적인 여자가 대부분이 다 여자들과 똑같은 괴물이 될 거냐 그냥 남자들이 져주고 참고 계속 처 맞어 너 여자 못 만나봤지 나 남잔 데 나도 남자지만 페미까 고 여혐하는 거 별로 야 이런 보빨러 스윗 남들이랑 밭갈이하는 여 초첩자들 항상 나오네 저런 말하는 스윗 남들은 정작 지들이 여 자 많이 안 만나보니까 헛 소리하는 거지 정작 여자 많이 만나봤다는 남자들일 수록 압도적인 비율로 여 혐걸려 있는데 좆도 모르면 그냥 닥치고 있어 라 좆병신 새끼야난 애초에 처음부터 어머니 세대가 페미하면 이지 이지랄한 적도 없고 전혀 찬성 안했다 어머니 할머니 세대에도 압도적으로 희생된 건 남자들 임 여성 인권이 없는 게 아니라 남성 인권도 없었다 좆병신아 꼭 병신 같은 병신 보빨러들이랑 페 미년들이 과거에는 여자들만 희생되었으니 이제는 여자가 보상받고 남 자들은 차별 받아도 된다고 주장하는데 이게 페미와 여자들이 떠드는 것들이 핵심임 이런 식으로 말하는 년들은 여 초첩자 페 미년 보빨러라고 봐야 하는 게 맞음좆병 신년 아 좆도 모르면 그냥 닥치고 있어 라 그리고 보빨러남 페미들이랑 페 미년들이 또 허구한 날 말하는 게 아프리카나 중동 인도처럼 못 사는 나라들에서는 여성 인권이 없고 여자들이 희생하고 차별 받는다는 식으로 헛 소리하는데 좆도 모르 면 걍 닥쳐라 병신 좆 같은 쓰레기 한국년 페 미년 같은 새끼야후진국이고 가난한 나라라는 중동과 아프리카에서 남자들이 여 자들보다 문맹률이 높고 학력도 낮은 경우 태반 임 남자들이 내전으로 전쟁터로 끌려가서 일찍 죽으니까 후진국 남자들은 소년병으로 여자들이 학교 다니는 동안 전쟁터에 소총을 잡고 군인으로 죽어감 약물 투여되고 전쟁터에 투입되기도 함산업화를 하는 나라들이  많기에 건설에서 수많은 건설 노동자 남자들이 벽돌에 깔려 죽고 다치고 공장에서 팔이 잘리고 다치고 죽어나 감 일하다가 다치고 죽는 것도 거의 전부 다 남자 너처럼 페미에 세뇌된 보빨러 개씹새끼들 때문에 여 자들은 후진국 여성 지원기금 이런 것들로 지원받지만 남자들은 지원 받지 못함 당장 파키스탄 같은 곳도 여자들이 여성 지원으로 교육과 직업혜택을 받고 한국도 역시 인도네시아 여 성만 대상으로 매년 억원씩 지원금을 보냈지 남자는 하소연 할 곳이 없기에 알코올과 자살로 고통을 도 피하게 되고 그 결과 알코올 중독과 노숙자 빈민층 하류층도 압도적으로 남자들 자살자도 남자가 더 많음 후진국 사회가 불안정한 나라에서는 사회가 안정된 곳보다 남자의 자살율이 여자보다 훨씬 더 높아진 다 사회가 안정되고 먹고 살 만해지면 남녀의 자살율이 비슷해지는 게  팩트 다너도 결국 페 미년들이랑 다를 바 없는 좆병신 보빨러일 뿐 이야 그저 태클 당하니까 발끈해서 페미레퍼토리 시작한 좆병신 새끼야 좆도 모르면 그냥 아 그렇구나 하고 경청이나 해라 좆 같은 페 미년처럼 발끈해서 지랄 떨지 말고 한국도 애초에 건국부터 남자들이 강제로 끌려가서 전쟁을 통해 죽 고 희생되고 산화되면서 만들어진 나라고 얼마 후 베트남이라는 타국의 전쟁터에서도 남자들은   징병되어서 한국이라는 나라를 부유하게 만들기 위해 또다시 군인으로 소모된 나라가 한국임탄광 광부라는 가장 힘들고 고통스러운 직업 중 하나인 광부로 독일에서 외 노자로 일하고 한국이라는 나라를 부유하게 만들기 위해서 희생된 것도 남자들 임지금 니가 누리는 도로 전기 현대식 건물들 수도 다리 공장에서 중공업 노동을 하다가 다치고 죽어간 남자들이런 인프라와 문명을 만 들면서 다치고 죽어간 것도 압도적으로 거의 다 남자들임아버지 할아버지 세대에서도 자살자는 남자가 훨씬 더 많음 일하다가 다치고 죽는 것도 거의 전부 남자들 알코올 중독 각종 주요 질병 사망도 압도적으로 남자가 거의 다 여자보다 많음 남자는 여자보다 일찍 죽고 평균 수명도 짧음 그런데 너 같은 한국년들 보빨러 스윗 남들 때문에 마치 어머니 할머니만 희생되고 아버지 할아버지들은  마치 꿀빨고 편하게 살았다는 식으로 선동당하고 거짓말로 남 혐이나 받고 있는 게 지금 세상 이야니가 떠드는 내용이 정확히 보빨러들 페미년들이 떠드는 내용들인데 한국 사회에서 여 혐만 있다고 착각하지 마이때까지 계속 하대 받고 차별 받아오고 남 혐을 당해 온 게 바로 남자들이 다 좆도 모르면서 후진국에는 여성만 희생되고 차별받는다느니 남자들이 꿀빨고 살았다느니 이런 페 미년 헛소리 지껄 이지 말고 꺼져라 좆 같은 년 아 가성비 네나 도 함해주라 여혐펨 남린필드 가성비 이지랄하는 거 보니 페 미년이 네 논쟁에서 할 말 없고 처발리면 괜히 그래서 좋으셨겠어요 이렇게 여유 있는 척 조롱하면 자기가 논쟁 이 긴 거라고 생각하는 게 딱 여자들 스타일 이렇게 여자는 남자와 대화 방식 사고방식 자체가 다름 이러니까 여 혐생기지 현생이 얼마나 같음 이 딴 생각으로 살 수가  있지비은 바 뭐라는 거야 병신 새끼가 년생 김지영으로 페미들이 지랄할 땐 어머니 세대가 그러면 이지 이지랄 떨어놓고 선 막상 진짜 여성 인권 없던 시절에 만들어진 한자들고와 선 역시 과거에도 이지랄하는 게 뭔 개병신 같은 소리야 개좆병신 같은 소리하고 블라튀 하네 여혐에 찌든 애미 뒤진 새끼가 그리고 씨 발 마지막 문단은 진짜 감탄을 금치 못할 맠큼 개찐 따스럽다비은 바 내가 보니까 가 첩자다 긴데 그 러네긴데 너나 저 좆병신 여 초첩자 새끼나 둘 다 여 초첩자 페 미년들이 지전형적인 여자들이 떠드는 페미소리를 지껄이는 데 병 신년들 와 이 새낀 존 나 무섭다 스윗스윗 거리지 말고 니 현생이나 달콤하게 좀 만들어 봐라 내가 스윗인 진 모르겠고 내 인생이 니보단 스윗할 듯 능지 수준 씹 한 자에다가 선조들의 지혜 이러고 있네 대가리까지 미러링 목걸이 글쓴이가 한국인일 거라고 생각하는 건  편 견 아닐까 한국도 여자들이 죄 다 완장차자마자 나라 급속도로 망함 암탉이 울면 나라가 망한다는 건 진짜 맞는 말임 조상 남자들이 그런 면에서 진짜 상남자 고 현명했던 거 임진짜 전세계적으로 역대급 천재들 현자들이라는 남자들이 왜 그렇게 여자를 혐오하거나 남자와 다른 생물이라고 말해 왔는지 알겠다 일본이 년의 적이라면 중국은 년의 적 하다가 갑자기 선 조 중국인의 지혜를  칭찬 제라드 의원실 중국 한자는 아님 수천 년 전에 착해지신 중국인이 만들었지 근데 여기서 선조가 왜 나와 글쓴이 중국인 여자를 까기 위해서라면 스스로 중국인의 후예가 되어도 상관없다는 작성자님 칭찬해 빠끄동진 실제로 후예일 수도 있지 또 스윗 남들이랑 위장해 있던 여초들 나왔네 정작 살이 하까지의 한국 여자들 모든 세대에서 가량이 여자에게 불평등한 세상이라고 말하고 남혐시 위인  페미 시위에 여 자들 가까이가 지지한다는 등 죄다 이상은 적극적이든 암묵적이든 페미와 여성우대 여성보호와 지원에 동조하는 년들이라는 게 사실인데도 여전히 그런 여자들은 일부 다 정상적인 여자가 대부분이 다 여자들과 똑같은 괴물이 될 거냐 그냥 남자들이 져주고 참고 계속 처 맞어 너 여자 못 만나봤지 나 남잔 데 나 도 남자지만 페미까 고 여혐하는 거 별로 야 이런 보빨러 스윗남 들이랑 밭갈이하는 여 초첩자들 항상 나오네 저런 말하는 스윗 남들은 정작 지들이 여 자 많이 안 만나보니까 헛 소리하는 거지 정작 여자 많이 만나봤다는 남자들일수록 압도적인 비율로 여 혐걸려 있는데 응 첩자는 너야 년 월 일긴데 이글 작성자 새끼도 월일 델타 김 좆도 모르면 그냥 닥치고 있어 라 좆병신 새끼야난 애초에 처음부터 어머니 세대가 페미하면 이지 이지랄한 적도 없고  전혀 찬성 안했다 어머니 할머니 세대에도 압도적으로 희생된 건 남자들 임 여성 인권이 없는 게 아니라 남성 인권도 없었다 좆병신아 꼭 병신 같은 병신 보빨러들이랑 페 미년들이 과거에는 여자들만 희생되었으니 이제는 여자가 보상받고 남자들은 차별 받아도 된다고 주장하는데 이게 페미와 여자들이 떠드는 것들이 핵심임 이런 식으로 말하는 년들은 여 초첩자 페 미년 보빨러라고 봐야 하는 게 맞음좆 병신년 아 좆도 모르면 그냥 닥치고 있어 라 그리고 보빨러남 페미들이랑 페 미년들이 또 허구한 날 말하는 게 아프리카나 중동 인도처럼 못 사는 나라들에서는 여성 인권이 없고 여자들이 희생하고 차별 받는다는 식으로 헛 소리하는데 좆도 모르면 걍 닥쳐라 병신 좆 같은 쓰레기 한국년 페 미년 같은 새끼야후진국이고 가난한 나라라는 중동과 아프리카에서 남자들이 여 자들보다 문맹률이 높고 학력도  낮은 경우 태반 임 남자들이 내전으로 전쟁터로 끌려가서 일찍 죽으니까 후진국 남자들은 소년병으로 여자들이 학교 다니는 동안 전쟁터에 소총을 잡고 군인으로 죽어 감 약물 투여되고 전쟁터에 투입되기도 함산업화를 하는 나라들이 많기에 건설에서 수많은 건설 노동자 남자들이 벽돌에 깔려 죽고 다치고 공장에서 팔이 잘리고 다치고 죽어나 감 일하다가 다치고 죽는 것도 거의 전부 다  남자 너처럼 페미에 세뇌된 보빨러 개씹새끼들 때문에 여 자들은 후진국 여성 지원기금 이런 것들로 지원받지만 남자들은 지원 받지 못함 당장 파키스탄 같은 곳도 여자들이 여성 지원으로 교육과 직업혜택을 받고 한국도 역시 인도네시아 여성만 대상으로 매년 억원씩 지원금을 보냈지 남자는 하소연 할 곳이 없기에 알코올과 자살로 고통을 도 피하게 되고 그 결과 알코올 중독과 노숙자 빈민 층 하류층도 압도적으로 남자들 자살자도 남자가 더 많음 후진국 사회가 불안정한 나라에서는 사회가 안정된 곳보다 남자의 자살율이 여자보다 훨씬 더 높아진 다 사회가 안정되고 먹고 살 만해지면 남녀의 자살율이 비슷해지는 게 팩트 다너도 결국 페 미년들이랑 다를 바 없는 좆병신 보빨러일 뿐 이야 그저 태클 당하니까 발끈해서 페미레퍼토리 시작한 좆병신 새끼야 좆도 모르면 그냥 아 그렇 구나 하고 경청이나 해라 좆 같은 페 미년처럼 발끈해서 지랄 떨지 말고 한국도 애초에 건국부터 남자들이 강제로 끌려가서 전쟁을 통해 죽 고 희생되고 산화되면서 만들어진 나라고 얼마 후 베트남이라는 타국의 전쟁터에서도 남자들은 징병되어서 한국이라는 나라를 부유하게 만들기 위해 또다시 군인으로 소모된 나라가 한국임탄광 광부라는 가장 힘들고 고통스러운 직업 중 하나인 광부로  독일에서 외 노자로 일하고 한국이라는 나라를 부유하게 만들기 위해서 희생된 것도 남자들 임지금 니가 누리는 도로 전기 현대식 건물들 수도 다리 공장에서 중공업 노동을 하다가 다치고 죽어간 남자들이런 인프라와 문명을 만들면서 다치고 죽어간 것도 압도적으로 거의 다 남자들임아버지 할아버지 세대에서도 자살자는 남자가 훨씬 더 많음 일하다가 다치고 죽는 것도 거의 전부 남 자들 알코올 중독 각종 주요 질병 사망도 압도적으로 남자가 거의 다 여자보다 많음 남자는 여자보다 일찍 죽고 평균 수명도 짧음 그런데 너 같은 한국년들 보빨러 스윗 남들 때문에 마치 어머니 할머니만 희생되고 아버지 할아버지들은 마치 꿀빨고 편하게 살았다는 식으로 선동당하고 거짓말로 남자들은 남 혐이나 받고 있는 게 지금 세상 이야니가 떠드는 내용이 정확히 보빨러들 페미년들이  떠드는 내용들인데 한국 사회에서 여 혐만 있다고 착각하지 마이때까지 계속 하대 받고 차별 받아오고 남 혐을 당해 온 게 바로 남자들이 다 좆도 모르면서 후진국에는 여성만 희생되고 차별받는다느니 남자들이 꿀빨고 살았다느니 이런 페 미년 헛소리 지껄이지 말고 꺼져라 좆 같은 년 아 당 떨어질 때마다 댓글 확인해서 당 보충할 게시글 분서갱 유당하신 씹페 미년들 제발 저승으로 좀 날아가 프랑스 속 담에도 암탉이 울면 집이 무너진다했음 동서양 막론하고 어 딜 가나 여자는 우매하고 저급하게 표현되어 왔음 한자는 우리 동 이족이 만든 게 확실함 진짜 몇 천년 전부터 여자 관련된 건 쭉 이어져오는구나 틀린 말 안하네 역시 사람들은 글 작성자도 첩 자네 년 월 일 가입한 글 작성자와 페미가 아닌 모든 여자 싸잡아서 욕 오지게 쳐대는 년 월 일 가입일 어휴 주작해서 반응 이렇다 올리게 긴데 눈 팅하다 머니게임 글 좀 쓰려고 가입했는데 왜 첩 자행이냐 내가 쓴 다른 글도 읽어봐 짱 개들 많네 간 사할 간 넘쳐 넘쳐 짱개들이건 좀 여 혐인 듯 보지년들 종특여자들이 뒷담화하고 질투하고 이 간질 하는 건 여자의 본 능 이라니까 그건 어 쩔 수 없는 거야와 한자 하나 바로 외웠네
2,유민상 맛녀석 하차해야 하는 거 아니냐,그냥 자 다 일어났을 뿐인데 얼굴 존 나 시 커멈누가 봐도 정상적인 얼굴색 아님 울 고모부 당뇨 합병증으로 돌아가실 때 얼굴이 딱 저랬 음 건강 상태 존 나 심각해 보임,그냥 자 다 일어났을 뿐인데 얼굴 존 나 시 커멈누가 봐도 정상적인 얼굴색 아님 울 고모부 당뇨 합병증으로 돌아가실 때 얼굴이 딱 저랬 음 건강 상태 존 나 심각해 보임 그러게 진짜 얼굴이 흙빛이 네 맛 녀석 재방송 때문에 오해하는데 일주일 한 번 촬영이라잖아 나머지 충분히 관리할 수 있는 시간은 있음 근데 저 사진 말고도 김준현이랑 유민상은 살이 너무 많이 쩠더라 보는데 부담스러워 서 저 프로 안 본 지 몇 달 됐음 몸 안 좋은 사람들 얼굴 빛 까매짐 임합성 아님 좀 걱정되긴 하네 저 사진만 봤을 때는 너무 오늘 내일 할 것 같냐 그 낭 탄 거 아니냐 팔도 저런데 그리고 나도 몸은 하얗고 얼굴은 저렇게 좀 까맘 비교적으로 화면으로 보는 거니까 확신하긴 애매함 실제로 볼 때도 탄 느낌이 아니라 얼굴색 자체가 아예 바뀐 느낌이어야 하는데 조명이나 탄 것일 수도 있는데 그 냥 그걸 떠나서 봐도 건강 존 나 안 좋긴 할 듯 공혁준도 살 한 창 쪘을 때 얼굴 완전 까맸는데 반일몰이 해놓고 스위치로 동숲 하신 분 스위치 동숲은 대체재가 없다구요 이게 왜 비추피르 미 누맘 그만큼 대깨문들 있다는 증거 피르미 누맘 팩트 유민상은 반일 몰이 한 적 없음펨지 랖 심각하긴 하네 저번에 우연히 티비봤다가 소유 살찌우는 프로그램 나간다고 고칼로리 식단 알려주는데 메뉴  하나에 천칼로리가 기본이더라근데 그걸 번은 먹는 거 같던데 어 휴 너무 과해준 아햄도 옛날 영상 보면 차이 많이 나던데 진정한 치킨 충 그분은 진정한 치킨 충 그분은 요새 우리 아버지도 얼굴 평소에 너무 검붉으셔서 병원 좀 가자니까 말 절대 안 들으심 의사들 돌팔이라고 어떻게 설득하냐 대체 아버지 세대 고 집 절대 못 꺾음 말 절대 안 들으심 답답해 죽겠음 무조건 설득해야 한다 정말 후회하게 될지 도 모른다썸넬만 보면 식물인간 인 줄 김준현도 임신 개월이던 데 발이랑 얼굴이랑 색이 똑같네 저거 간 기능저하 초기로 보인 다 섭취량도 그렇지만 혼자 살고 활동에 마땅히 챙겨받지 못해서 피로를 술로 달랬겠지 체중이 나가니 간이 소화하는 활동성을 넘었을 거다 지방간 에서 발전되는 간의 기능저하는 무엇으로도 회복이 아니되니 조심해야 함지 생명줄이랑 돈이랑 바꾸는 거지 뭐 몸뚱이는 한 번 맛 탱이가면 웬만하면 원복 안 된다는 걸 사람들은 잘 모른다 그냥 민 경장군처럼 운동시키는 거 하면 안 되나 심각해 보이는데 혈액순환이 안 되나 근데 뭐 원래 별명이 잿빛 얼굴 이라며 셋이서 만날 놀리드 만나나사와 미아 맛있는 녀석들 시작하기 전부터 그레이 색이야라고 놀림당 함예전에 뺀 적 있었는데 그때도 시멘트색이었음 팔 보면 얼굴도 탄거임 그리고 맛녀석 초기 때부터 유민상은 흙 빛 피부톤으로 유명했는데 무슨 멀쩡한 사람 말기 환자급으로 만드는 거 졸라 웃기네 원래 시멘트톤이라 구예전에 공혁준 얼굴이 저랬잖아 지금은 살 빼서 좋아 짐 조명 때문인가
3,현대자동차에 입사길이 딱 막혀버린 이 유,사무직 연구직도 공채 폐지 생산직도 모집 중단 원흉이 누구 다그건 노조라는 이름의 쇠파이프 든 빨간 조끼 폭력단입니다 저 깡패들은 예비 청년 노동자인 당신의 편이 아닙니다 당신의 꿈과 미래를 착 취하는 괴물일 뿐이지 요,사무직 연구직도 공채 폐지 생산직도 모집 중단 원흉이 누구 다그건 노조라는 이름의 쇠파이프 든 빨간 조끼 폭력단입니다 저 깡패들은 예비 청년 노동자인 당신의 편이 아닙니다 당신의 꿈과 미래를 착 취하는 괴물일 뿐이지 요 귀족노조가 병신인 거지 노조 자체는 반드시 필요한 건데 댓글들 증오에 미쳐서 눈이 돌아갔나 노조 자체를 욕하네 노조가 없이 회사가 잘 돌아가니 노조는 필요 없다고 단체로  농약이라도 빤 거임 아니면 경영자 임 어떻게 노조가 필요 없단 씹소리를 하냐 노조 없을 때의 노동자 생활상 보면 지금 귀족노조 부작용은 귀여운 수준인데 회사 생활 해보면 좆팔 육 세대들을 왜 극협하는지 알게 됨이 개새끼들은 뇌구조가 다름남 피빨아먹고 사는 걸 패시브 스킬로 알고 거기에다 피 빨려서 고생하는 애들 뒤에 다 칼 꽃는 건 이상 확률로 액티브 스킬 임대들 좆팔육 욕하는 건 진 짜 뭣도 모르고 하는 거라고 본다초중반이랑 후반이 제일 많이 당해서 얘들한테 이를 박 박가는데 같은 편 취급하고 있고 저 노조들도 지들 오래오래 해쳐 먹으려고 정년 연장하고 지들 밥그릇만 어떻게든 잘 만 드려고 남들은 안 중에도 없지 빨간 새롬 노조를 절대악이라고 볼 수는 없지만 불경기에 해고를 못 하면 호 경기에 채용도 못 한다아즈사나가사와 유럽 같이 그나마 하부 구조 나 실업자 지원이나 탄탄한 사회에서 일본식 정기 신규 공채제도가 없어지면 말이라도 안함 일본은 디플레까지 시작한 초 불황기인 잃어버린 년 동안에도 청년 구직자를 대상으로 기업 공채는 쭉 유지했다 한국은 고작 몇 년간의 불황에도 대기업 중 개사의 공채가 우수 수 폐지되는 원인이 과 연 뭘까 노조의 이미지는 현기차 귀족노조가 다 말아 먹었지 노조 없앨라고 별 지랄은 다 하는 군 노 조 없었어봐라 임금니이 뭐니 제대로 된 돈들이 입금 될 거 같냐리 판단 느그 귀족노조는 개 박살 내서 완전해고 해야지 느그들은 암 덩어리 일 뿐 임리 판단 좃소라 노조 없는데 요리판단 방산업체 일하고 있는데 노조 한 마리도 없는데 연봉 존 나 많이 받는데 연봉이랑 노조랑 뭔 상관이야 능력이 지 한심하네 한국에 정상인 노조가 있어 노조는 개 쓰레기 다걍 민노총 금속노조만 밀어도 훨씬 나아지지 대기 업 산하 중소기업 노조원들 지들 파업할 때 인력 충당한다고 빼내기나 하지 밑에 애들 일 관심 잘 안 가짐 때 깽판 짓 낸 것만 봐도 걍 한 조총만 있어도 산업 존 나 잘 굴러감 그냥 민노총 옹호하는 새끼들은 죄 다 금속노조라고 보면 됨 삼성은 이라 노조 허용한 거냐 발달린 케인 하기 싫은데 억지로 한 거 발달린 케인 문재앙 정권에서 압박 넣었잖아 제 발 뉴스 좀 보던가 저 귀족노조가 젊은사 람들 일자리 다 뺏고 지들끼리 성벽 쌓은 다음 기득권 철저하게 챙김 일부 노조가 노조의 의미를 후퇴시키고 퇴색시 킴 일부 노조가 권력화 됨 거기엔 또 똥 파리들 꼬이고 전 세계 완성치 회사들 자동화 설비 늘리고 인력 감축하는 추세인데 정년 늘리자 고 파업하려는 노조가 있다 노조를 왜 빨아 요즘 택배 노조도 빨더라 임금 더 달라고 떼쓰는 집단인데 왜 빨지 회오리 감자 사측에서 전 전년에  비해 전년에 당기순이익 매출액 등 월등한 실적이 나왔더라도 임금 인상은 커녕 삭감 등 부당한 처우 하더라도 그냥 받아들이시겠네요바 할라나 그 노조분들 회사 실적 안 좋으면 월급 자진 삭감도 하시겠지요 닉넴자작 사실 자진 삭감은 안하더라도 회사에서 명확한 근거를 들어 제시를 하면 어느 정도는 받아들여야겠지요 배짱 튕구 고 파업하고 회사 사정은 모르겠고 돈 그대로 줘라 혹은  더 줘라 거리다가는 회사 휘청해서 나자 빠져서 길거리에 나 앉겠죠 누가 봐도 부당한 처우가 있을 때에 노조의 역할에 대해서 말하고 싶었던 건데 왜 엉뚱한 소릴 하는지 모르겠네나 도 직장인이지만 내가 한 해 동안 많이 기여했고 회사의 매출 순이익 등 실적이 올랐다면 정당히 급여 인상 성과금 등을 요구할 것이고 그것이 묵 살될 때는 그 묵살의 근거를 그 정당성을 따져야 맞 을 것이고 내 딴엔 열심히 한다고 했지만 실적이 안 나왔거나 혹은 애초에 월 급 루팡짓을 하던 중에 그 한 해 동안 회사가 휘청하면 다음년도에 급여 좀 줄이자 고 하면 뭐 동의해야 죠 바 할라나 부당한 처우 사례 좀 우리나라에 독일 사 자동차 수입이 점점 많아지는 이 유 아직도 모르시겠나요 쌍용 자동차가 지금 어려운 이유가 뭘까 요회오리 감자 임원들 간 정치질에 괴롭힘 당하다 휘둘리다  희생 당해 회사 서 내쫓기는 직원 앞서 언급한 회사의 실적 성과 등이 전년에 비해 월등히 올라왔음에도 인상은 커녕 동결하거나 삭감을 통보 내부고발 후 부당해고 시간 외 근무 강요 야근 등 수당 무지급 등 많지 않나요 작년에 신성 통상도 뭐 당일 전화해 고 당했다고 뉴스 올라온 것도 있었고 당사자가 아니니 물론 실제 사실관계는 알 수 없습니다만 그리고 쌍용자동 차 망한 이 유 인터넷 검색해서 제일 위에 올라오는 웹커뮤니티 글이나 블로그 글 봐도 강성 노조로 망했다는 의견이 주가 이루는 건 아닌 것 같은데요 경영진의 방만이나 개발 의 지 없다는 둥 이런 얘기가 많은 디바 할라나 네네 님 말대로 직원 스스로가 실적이 안 나고 결과 이 하의 성과를 냈다면 월급 반환이나 자진 퇴사하면 되겠지만 그렇지 않은 분들이 상당히 많답니다 월 급 루팡러들이 그릇을 포기할 이유가 없죠 그리고 인터넷 기사에 올라온 게 전부라고 생각하시나요 기업이 수지 타산이 안 맞으니 결국 부채가 늘고 돈 때문에 망하는 거겠죠 판매 하는 것도 결국 직원들의 몫일 텐데요 판매가 잘 이루어지고 자본금에 여유가 있다면 당연히 기술 개발에 투자를 오지게 했겠죠 회오리 감자 그럼 현황 법에 따라 회사 내규에 따라 정당히 해고 통보 삭감  통보 하면 됩니다 어딘가에는 본인 가족 생각하며 혹은 세상물 정 모르며 그냥 시키는 대로 업무시간 동안 개같이 일만 하는 사람 있는 반면 회오리 감자님 말씀대로 또 어딘가에는 업무시간에 유투브나 보고 모바일 게임 따위나 하는 회사를 좀 먹는 사람도 있겠죠 일명 귀족 노조 라 불리는 이들은 분명 그 회사와 자기 자신 더 나아가서는 사회를 좀 먹을 것입니다 이런 이들이 노조라 는 이름 아래 자기 배만 불리고 회사와 사회를 갉아먹는 깽판만 놓는 것은 분명 바람직하지 않지만 또 어딘가에서는 노조가 정당하게 그 힘을 발휘하고 순 기능을 하는 어떤 고용노동자들에는 꼭 필요로 하는 부분이 다 저는 생각되는데 처음 쓰신 댓글에 노조 그 자체를 폄하하니 뭐라 할 말이 없었습니다바할라나 대기업 노조의 목표는 결국 임금 올려달라는 게 주 목적입니다  노조에게 경영상황이 이러니 너네 급여 프로 삭감 하겠다고 하면 노조들이 과 연 수긍을 할까요 그리고 결국 노조 임금 상승이 상품 가격이 오르는데 한 몫하고 상품 퀄리티는 그대로인데 가격이 오르면 소비자들은 그 상품 쳐다도 안 보겠죠 독일 사 자동차 수입이 점점 많아지는 이 유 입니다 상품 가격은 점점 비슷해지고 퀄리티는 수입이 더 나은데 굳이 국산을 셀렉 할 필 요가 없죠 경쟁력에서 밀리면 손 떼는 게 맞죠 그나마 국산차가 수리 관리비가 수입차에 비해 저렴한 것 밖에 없습니다 근데 또 벤츠나 렉서스 차량은 험하게 타지 않는 이상 오일 관리만 잘해줘도 고장이 잘 안납니다 살다 살다 현대 노조 쉴드 치는 놈도 있네 뭐 현대 노조 덕에 아래 하청도 혜택 본다고 뭔 저런 놈들이 대기업 낙수효과 얘기 나오면 입에 거품물지 그리고  노조가 걔들한테 갑질하고 있는데 뭔 박존박 현대 노조는 문제인데 노조 자체는 있어야 함어 차피 악을 없앨 수 없다면 필요악으로 냅 두는 게 나 음 전태일이 읽고 한숨 쉴 댓글들이 많네부캠 전태일은 가난한 여공들 호떡 사주러 자기 차비까지 다 떼 주고 하루 두 시간씩 집에 걸어간 사람임이 가난 한 여공들에 부합하는 사람이 지금 연봉 천받는 현대차 빨간 조끼 대겠음 아니면 하루하루  컵밥 먹고 버티는 대 미 취업자들이겠음 노조 병신집단이라 규 욕하면서 편의점 알바 돈떼여서 징징거리고 그거 오구해주는 글은 하루가 멀다 하고 올라오는 아이러니한 사이트 롤렉스 징징 거리는 게 병신이 지 노동청은 뻘로 있냐 롤렉스 그 거랑 뭔 상관 롤렉스 갑자기 이 딴 되도 않은 물타기를 하네 롤 렉스 월급 올려달라고 징징대는 집단에 편의점 알바를 비유하네 롤 렉스 님 등신 임손날 칼국수 맞음펠리세이드 생산 중단 이런 거만 봐도 뭐 보스턴 다이나믹스 인수는 아마 생산 자동화를 노리고 있는 것일 수도 있음 그러니까 단 자동화가 본격적으로 청년실업을 저해하는 팩터로 작용하는 건 조금 앞의 미래의 시점이라고 봐야지 민주주의의 승리답은 고용 유연화 다노조는 필요함단 현대 저 노조는 불필요함 진짜 고용이 너무 철밥통 되버리니 이런 결과 다들 예상했잖아닉넴자작 공무 원 공기업 대기업 전부 정규직 말고 계약직으로 돌릴 필요가 있다고 생각함 단 특수 부서는 빼고 회오리 감자 고 인물되서 비리 생길까봐 년마다 업무 갈아 재낄거면 계약직을 쓰는 게 맞지 병신 한국 황제 아닌가 노조는 필요한데 노동자 권리가 너무 남발된 나라임 여기는 회사에서 폐급 월 급 루팡 암덩이들 자를 수도 없는 나라라서 억지로 책상 빼고 자진 퇴사 겨우 유도하는 방법 밖에 없는데 이게 말이 되냐 우리나라 노조법은 오히려 규제가 존 나 많은 편임 프랑스가 봐라 소방관이랑 경찰들도 파업하는 나라 임디재스터 우리나라는 공무원은 거의 공노 비 취급하는 거고 대기업 정규직은 걍 개철밥통 임황제 노조 까도 극우주의자 홍준표 지지자로 몰아넣던 펨코에서 이런 글이 나오다 닛머리카락이 없다 그 새끼들 대부분 클베 근근웹으로 이 주함머리카락이 없다 개소리 물타 기 꺼지시고 펨코 초기부터 지금까지 현 차병 신귀족 노조들 개까는 게 기조였는 디 니가 별 뻘 소리를 붙여서 까였었겠지 화이트보드 뭔 소리 현기차 노조 까대면 왜 노조를 까냐면서 지랄하던 게 여 긴데 노조는 필요하다 다 만 노조라던가 페미라던가 헬조선에만 들어오면 이상하게 변질되서 문제지 아 씨바 나도 현 차 들어가고 싶다 노조는 필요한데 민노총은 없어져야 함저 귀족노조에 들어간 놈들 은 자식 새끼들도 꽂아줄 텐데 못 들어간 사람들은 할 텐데 일단 들어가면 지는 꿀이라도 빨 자너 똑같은 놈이 지 등신들 공공기관 죄 다 정규직 전환시켜 노조는 철밥통되서 사기업도 고용 못해 진짜 지금 대고 대들은 어디 취직할 래노조 개 풀 뜯어먹는 소리하고 있네 니들이 이 제 갈 곳은 노조가 없어요 노조 없었으면 아직도 편의점에서 시 간당 원 받고 일하고 있었을 듯 양대 재앙 최저임금 이 오른다고 무조건 좋은 것도 아닌데 빡대가 리임 양대 재앙 그냥 최저임금 억씩하자 그러지닉 넴자작 노동자는 올리고 싶고 경영인은 내리고 싶으니까 사회적 합의로 맞춰가는 거지 경영인이 보통은 갑이니까 노조라는 걸 만들어서 대항하는 거고 뭔 최저임금 억 같은 말 같잖은 소리 양대 재앙 이 해가 안 되네요 뭐라는 거죠 닉넴자작 병 신임 닭대가리라 단순히 지 주머니 상황만 생각함  최저시급 오르면 물가가 오르는데 양 대 재앙 닉값하네 최저임금 오르면 니 주머니만 오르냐 시급 원 시절엔 지금 보다 물가가 낮았겠지 진짜 개 빡대가리들 많아서 문제다 너 같은 애들 상대로 시급 만원으로 올려주는 공략 세우면 표 존 나 얻긴 할 듯 회오리 감자 실제로 최저임금 오른다고 좋아하던 애들 지금 병신됭닉 넴자작 걔네는 아직도 문제가 뭔지 모름 치킨값 왜 올라 더이 상 서민 음식이 아니야 하겠지
4,AV배우 하는 걸 알게 된 부모님 반응jpg,미카미 유아수개월 동안 연락 끊음 지금도 받아들이긴 힘들지만 미카미 유아가 행복하면 그걸로 됐다고 하심 아이자와 미나미 친했던 친구가 부모님께 전화해서 들 킴 처음엔 엄마한테 많이 혼났고 아빠는 별다른 말이 없었는데 그래도 이후에 자기가 선택해서 하는 일이니 열심히 하라고 응원하겠다고 했다고 함 시 미켄 본명은 쓰지 말라고 혼 남,미카미 유아 수개월 동안 연락 끊음 지금도 받아들이긴 힘들지만 미카미 유아가 행복하면 그걸로 됐다고 하심 아이자와 미나미 친했던 친구가 부모님께 전화해서 들 킴 처음엔 엄마한테 많이 혼났고 아빠는 별다른 말이 없었는데 그래도 이후에 자기가 선택해서 하는 일이니 열심히 하라고 응원하겠다고 했다고 함 시 미켄 본명은 쓰지 말라고 혼 남 시 미켄 아버지 야동에서 자기 아들 보 면 무슨 생각할까 자랑스럽다 내 아들 하얀색 설탕 인생은 시 미켄처럼 근데 진짜 억장 무너질 거 같은데 여자 배우들 다 합치면 몇 천 명 되는 거 같던데 다 저런 마인든가 행복하면 됐어 ☺️☺️ 전혀 이해할 수 없군 일본은 인식에 비해 시장은 잘 돌아가는 거 같음 막짤 표정 봐
5,충격 현역 군인이 전하는 계룡 대 아침 부실 배식 클라스,출처 다른 곳도 아니고 계룡대에서 이 정도로 밥을 주면 다른 곳은 얼마나 못 먹는 거야 언플이 아니라 진짜 군 대 비리 미친 거 같네,출처 다른 곳도 아니고 계룡대에서 이 정도로 밥을 주면 다른 곳은 얼마나 못 먹는 거야 언플이 아니라 진짜 군 대 비리 미친 거 같네 군인 식비의 는 간부품 위 유지비로 소진된다고 확신한다는 골프장 유지비 그런 거겠지 계룡 출신 애들 아빠 직업물어보면 다군인이였는데 계룡대가 저러면 다른 데는 더 심각하겠네 일상생활 가능 양심이 있으면 후회하면 안 되지 간부들 서로 잘잘못 따지는 거 아 니면 핸드폰은 개씹 남 탓이 다 안 그래도 맛대가 리 없던 곳이긴 했는데 시 바 너무 한 거 아니냐 시발 집에서도 저렇게 먹으라고 하면 쌍욕함 내일군대가는데 계룡 대 헌병으로 근무한 테크인데 질문받음말이 되냐 다들 미필인지는 모르겠지만 맛은 그냥 그래도 저 정도는 아님 아마 급 양병이 뭔가 존 나게 착각하고 음식 수량 망쳤거나 반찬 통 들 고 넘어짐 계룡대에서 저렇게 나오면 다른 덴 어 떤 거지 계룡대에서 짬밥 탓하는 거 처음 본다 쟤 네 영내에서 자유롭게 치킨 피자 시켜 먹던 가 영내 편의점도 많아서 짬밥 쳐다도 안 보던 애들이라 평소에 짬밥 자체에 그닥 신경을 안 씀 그래서 저런 일 생기나 보다 털 영내에서 민간업체들이 운영하는 치킨 피자 세븐에 분식점에 삼겹살 집 뭐 별 게 다 있어서 짬밥 아무도 신경 안 씀 어차피 안 먹거든 근데 그걸 먹는 격리자들이 생기니  갑자기 문제가 되기 시작하네 털 저게 격리자 식단이라 짬밥 탓하기 시작한 거지 이건욱의 제구교실 아무도 안 먹던 밥을 먹는 사람이 생기기 시작하니 문제가 생기는 재밌는 현상 군대가 아니라 저건 합법 카르텔 수준이 네 나라 망했냐 씨 발 밥이 저게 뭐야 아프리카 반군 새끼들도 저거보단 잘 쳐먹는다 그냥 러시아처럼 뒤짚어 엎으면 안 되나 러시아도 남자들이 뒤짚어까니깐 모병제 전환  됬는데 집에서 기르는 애완견들도 집에서 저걸 밥이라고 주면 밥상 뒤엎는 다 예전보다 더 못함 국방예산 늘었다 들은 거 같은데 다 어디로 가는 겨간 부들 직무유기 임 걍 배식 똑바로 하는 지 확인 감독해야 하는데 그걸 안하니깐 먼저 온 병사들이 많이 먹는 거 조미김 은 박에 나오네 저거 투명 비닐에 나오면 검은색 종이라고 막 그랬는데 핸드폰 보급 처음에는 반대였는데 순 기능이 엄청나 네얼마 전에 보여주기식 스테이크 쳐 굽더니 벌써 약발 떨어졌냐 진짜 애미가 반으로 갈라져 뒤졌나 씨 발 지금 계속 말 나오는데 아직도 안고쳐 독하다 씨 발 국방부 랑 재앙이 미 전쟁났나 생계형 비리 도둑놈들 좀 안 족치나 진짜 저거 소스 임 우리 아버지가 지휘관 제외하고는 쭉 계룡대에서 소령 중령 대령 보냈는데 아직 현역이 심 욕 엄청하시는 중장병 하루 급식비가 원이 네 끼당 채 천원 이 안 되네 커피 콜라 일반 식당에는 임대료 인건비 기타가 포함된 가격 임너만 보는 달 초등학생이랑 비교해도 식재료비 단가 더 적음커피 콜라 한 끼 원재료 값 원이면 식당 판매가 원 수준 임식비가 모자란 것도 아니고 횡령을 하는 것도 아니야 우리나라가 군대 식비를 맘대로 횡령할 수 있을 정도로 행정력이 병신 주먹구구식인 나라가 아님 저건 그냥 급 양관이 아침을 대충 준 거야 재 고관리를 잘못했던 점심 만드느라 아침을 못 만들었던 이러다 여성 징병이라도 하면 여성들만의 별 기군 생기고 세기 임오군란 터지는 거 아니냐 계룡대가 저 정도면 심각한데 북한 군인 마냥 근무설 때 편의점 가서 뭐라도 사 먹고 와도 눈감아줘야 될 수준이 네 영내에 편의점 많음 털 오 근데 왜 강제로 징용해 갔는데 밥은 왜 저러냐 문재앙 적폐 새끼 근데 저 정도면 딱 평타 아님 라떼는 식판에  비닐봉지 끼워서 먹엇는데 도시락이라니 밥도 똑바로 못 주는 간부 병신 새끼들은 강제 퇴 역시킨던가 이 적 행위로 사형시키는 데 나라를 위한 일 아닐까 집에서도 저렇게는 안 먹음 진짜 현역 간부지만 식사 문제 있다 오죽하면 애들이랑 얘기할 때 차라리 식단 값으로 한 끼마다 봉구스 밥버거에 음료수 캔 사오는 게 낫다고 한 다 부정하는 사람이 없어 말단 간부들은 뭐 때 먹는 거에 대해 들은  것도 본 것도 없는데 대체 어디서 새는 걸까 군대는 뺄 수 있음 빼는 게 최고 다 저따위로 하는데 누가 가고 싶겠냐 필요할 때만 내 아들 다치면 니아들 애국심 까나 현역 때 군수과장이랑 급 양관 둘 다 진짜 멋진 군인들이여서 밥은 개 잘 나왔는데 딴 간부들도 밥은 우리 부대 식당에서 먹었음 망할 놈들 돈 지원이 적어서 저렇게 배식되도 화 날꺼 같은데 누가 봐도 다른 놈 뒷주머니로 돈 빠져나가고 있을 꺼 같으니까 더 빡치네 아니 진짜 저렇게 밥 주는데가 있음이 해가 안 가네 훈련할 때 비닐 밥 먹어도 저정돈 아닌데 올해가 마지막인가 유독 이번에 아무것도 안하네 그 잘하던 보여주기도 아니면 병사들한테 폰 주니깐 덮는 걸 못 하는 건 가 주 격리 동안 하루 이틀 정도는 저 정도로 나옴 저 씨 발 민주당 애들 쉴드치던 거 보니 위안부 할머니 앵벌이 시켜서 만든 돈도 좌파 쪽에 흘러간 것 같 던데 국방 쪽 생계형 비리 호소인들 돈도 조사해봐야 되는 거 아님 계롱대가 저러면 끝난 건데 진짜 왜 저러지 나는 훈련 때도 저런 적은 없었는데 군대에서 밥 안 먹이면 큰일 난다고 호들갑이라 왜 군대 글만 보면 밑에 대령 육군 사진 광고 왜 뜨냐 강원도 모 부대에서 복무 중인데 격리 밥 개 잘나 옴격리 인원들한테 너무 잘해줘서 역차별이라고 마 편도 나왔는데 년대에는 뚜드러 패긴 했어도 밥은  존 나 잘 줬지 전시 때보다 밥을 막주네 해먹는 다 라는 개좆 같은 소리 좀 그만해라 빡대 갈 새끼들 알지도 못하면서 해 먹는다는 소리부터 나오네 계룡대 개꿀부대 아니냐 계룡대 썰 계룡대 소방부대 나왔는데 불나면 비상벨울리고 소대원들 비상외치고 출동 준비 빡새게 하는데 이등병 때 항상 긴장한 상태라 새벽에 자다가 꿈에서 비상나서 혼자 비상외치면서 깨버리는 바람에 소대원들 전부 출동 준비  시킨 거 생각나 네그때 진짜 개털렸는데 이 정도면 급 양관 직무유기 아님 잉 저건 저 때만 뭔가 실수가 있거나 문제가 있었거나 했던 게 아닐까 매번 저지랄 하진 않을 거 아니야 나도 부 실 급식 사진 개 많은데 올리면 불이익 올까봐 참는 다 나 계 근단 나왔는데 저게 뭐냐 계룡대가 저 모양이면 야 근데 왜 요즘 다 밥 저런 플라스틱 통에 먹냐 식판 안 씀트래비스 스캇 자가 격리자한테 도 시락 넣어주는 거라서 그럼 선동 좀 그만하자 그냥 육군 전군 일률적으로 식단표가 미리 짜여져 나오는데 뭐 보면 맨날 급양 관리관이나 코로나 인원 식사 추진하는 군수계원이 멍청하게 일 한 걸 무슨 군대 시스템이 썩었니 이런 소리를 하고 있음 죄다 사람 잘못이지 엄준식 돌아와 그게 시스템 문제입니다 위에 선 제대로 조치해도 밑에 있는 급 양 관리관이나 군수계원이 제대로 못하면 저 모양 나 는 게 군대 시스템 문제가 아니면 뭔가요 김혜리지은 무슨 잘못만 일어나면 싹 다 시스템이 문제인 거면 휴가 제한 영창 징계받는 애들도 시스템 문제 때문에 일어나는 일임 걍 개인의 문제지 개인이 무책임하게 일하는 걸 시스템적으로 어 케 막음 엄준식 돌아와 년 전에 군인 인당 식비 원으로 책정하고 거기서도 위에서 해 먹어서 밥 쓰레기 같이 나와도 반찬 개는 나왔어 너가 보기엔 저거 도시 락 하나당 원가 얼마 될 거 같냐 나는 아무리 봐도 원 위로는 죽어도 안 보인 다 군 대안 가봤냐 저 식사를 취사병이 병사 식단이랑 별개로 따로 만들겠음 배식대에서 군수과 병사가 용기에 담아서 가는 거겠지 병사가 멍청하게 일해서 반찬을 빠뜨린 걸 무슨 도시락 원가 타령을 함저렇게 줄 리가 없을 것 같은데 뭐지 전시 상황이 네 아침이 저 정도면 아니냐 난 부러운데 똥별들 이 등병 전역 제도 부활 시켜라 십 새들아 계룡대 예하 부대면 자운대 아니야 아니 빨간 거 제육인 줄 알았는데 볶음김치였어 근데 침대 까는 게 공군인데 공군이 찔럿네 댓글 중간에 뼛 속까지 노예 근성 배어 있는 애 있네 배식 게 이야 휴대폰 도입하니까 아주 숨겨져 있던 게 다 튀어나오네 간부쉑들 마인드 아직도 숨기면 그만이 다 이러고 있겠지 아무리 생각해도 국방부 장관은 미국처럼 비군인이 하는 게 맞는 거 같음 군 내부에서 발생하는 문제에 대응을 안함 근데 솔직히 현역들은 알지 않나 뭔가 문제가 있는 거 같은데 짬통 엎었다거나 고순조 같은 거라 안 받았다거나 골프장부터 처 없애고 애들 밥이나 좀 잘 챙겨줘라 무슨 경찰 군대 같은 조직에서 전용 골프장이 필요한 건지 모르겠음 전쟁 포로 체험이냐 개쌉밥도둑인데 아니 씨 발 밥이라도 잘 주라고 고순조 같은 걸 주는 한이 있더라도 포 만감이랑 영양은 보장해줘야 될 거 아냐 북한군이냐 씨 발
6,니가 100살인데 91살이 말 놓으면 어때,으디 나이 두 자리인 새파란 놈들이,으디 나이 두 자리인 새파란 놈들이 시골 경로당 가면 그런 거 없다 자식 잘 키운 놈이 최고 다 잘 살고 직업 좋고 자식이 자주 온다 경로당 대장이 다 싸우면 바로 자식 농사 잘못 지어서 오지도 않는 이 이럼 가슴 매니아 아직 피가 도나 베 어 휴 요양원 가면 할매들끼리 치열함 기 세신 대 정정하신 대 아닐 껄 전에 지하철에서 할아버지들 민증까라면서 싸우던데 진짜 노인 분들 기 싸움  어마어마함 우리 외할머니 동 대표 맡으셨다가 정치질 휘말리는 거 보고 기 겁함 아 물론 우리 외할머니가 일방적인 피해자는 아님 행복한 곰 오우야 파가 있나보내저 나이드시면 서로 존중하지 않을까 경로당 가면 할머니들만 엄청 많은데 거기서도 파가 나눠져 있어서 서로 말도 안거는 거 봤음 밥도 따로 먹고 봉사하러 갔다가 본 적 있음 살아보면 알지 나이는 별 상관없다는 걸 군대만 가 도 알자나렙찍으면 무슨 기분일 까쫄깃 이제 겜 접어야겠다 싶겠죠 박수쳐 짝짝짝박스 치우라고 새캬 추천 이니까 건들 지 말아야지 그루트 지금 보니까 추천 이네 틀니 안 끼고 말하면 다행 민증에 잉크 다 지워졌겠다 우리 할머니 살일 때 살한테 버릇 없다고 함살 할배가 겨우 살 차이 난다고 그러냐고 대듬군대에서 동기들이랑 지내보면서 느낀 건데 나이 차이 별 의미 없는 거 같다 킥 복 싱 게이 거기는   분위기가 그렇잖아 킥복 싱 게이 거긴 상명하복이 필수잖아 병사들끼린 거의 없다지만 외국 살다 보니 나 댄 데 슴한 살짜리 양키가 요맨 와 썹 해도 그러려니 해짐 근데 한국 사람이 그러면 디 짐 에 이요와 썹이십니까 형님 얼굴도 팽팽한 것이 하고 한 마디 할 듯 울 할머니 세 신데 옆에 계셔서 물어봤음 할머니 쯤 먹은 할매가 반 말하면 기분이 어 떨거 같아요할매 미 친년이지 뭘 아니 존 나 웃기 네 살인데 살이 말 놓고 친구하면 고맙지 않으려나 내 친구들은 다 죽었거나 아파서 외로울 텐데
7,서양에서 남편성을 따라가는 이 유 jpg,성을 하나로 통일해서 한 가족으로 인정받고 유대감 형성을 위해 남편성으로 바꾼다고 함,성을 하나로 통일해서 한 가족으로 인정받고 유대감 형성을 위해 남편성으로 바꾼다고 함 일단 근본적으로는 아이의 어머니가 누구인지는 출산이라는 행위를 통해 명확해 지지만 아버지의 경우는 친부가 누구인지를 확인할 길이 없었기 때문 임 이를 부계 불확실성이라고 하는데 이 때문에 동서고금을 막론하고 자녀가 아버지의 성을 따른다는 건 자녀에게 성을 물려준 남자가 아버지이 며 그에 대한 책임을 어머니와 분담한다는 의미를 가 짐바른 말 사용자 자식 농사 좆망 부모 김 아빠 박 엄마 자녀 김펨붕 김펨순 생각해보니 엄마만 소외되는 것 같네 남편 성을 물려주면서 이 제 당신 아이니까 책임지고 키우라는 일종의 족쇄인데 이걸 남자의 권리로 받아들이는 거임 페미들은 서양 여자들이 현명한 거지 가족 유대감 남자의 책임감 부과 재들이 바보라서 남자성을   따라가는 게 아냐 생각 좀 하고 공차 패미은경 패미 민준 패미지혜 패미지훈 패 미리수둑 패미일리 생각 좀 하고 공차 돈키호테 패미일리 한국에선 땡깡부리는 레디컬 페미가 주류여서 그렇지 외국에선 온건적인 페미니즘을 지향하는 경우도 많아서 러시아는 심지어 예의 차려서 미들네임까지 부를 땐 아빠 이름 임 내 이름 아빠 이름 아빠성이 혼하면 다시 원래 성으로 돌아가 나 난 이건 한국식 문화가  맞는 거 같음 걍 재산 많은 쪽 성 따라가자 외가가 많으면 엄마 성 친가가 많으면 아빠성 재산 많은 쪽이 오래 가야지오함마 일본 전 총리 고이즈미도 아내성으로 바꿨으니 오함마 허참 선생님들 바쁘겟네 애나올 때마다 재산 몇 대 몇 해서 성 붙여야 하니깐 가문에 합류한다는 개념도 옛날 문화라고 생각하긴 함 요새는 그런 가 문 개념도 희박하고 댓글 하나 더 써봄 임신 출산 개념이 여성의 것 이라면 가 문성 씨는 남자의 것이지 잠깐 여자 성을 따르는 경우는 임시방편일 뿐 가족 구성에 있어 여자는 성이 필요가 없음 내가 낳았으니 성이 필요한 건 남자이걸 알면 페미들의 가족 해체 개념을 이해하기 쉽다근데 요즘같이 이혼이 허다한 세상에서는 한국식이 맞는 듯이혼하고 성씨 또 바꿔야 하잖아 겜에서도 길드 가입하면 닉넴 앞에 다 길드 명 붙이거나 닉 넴명 수정하는 거 생각 하면 서양 방식 이해 못할 거도 아님 스윗펨 남 너지존길마냐 길 원 관리 좀 잘해라걍 결혼하면 남녀 둘이 합의해서 둘 다 새로운 성으로 바꿨으면 좋겠다 그럼 여자성 따를 테니 니가 일해서 남자 먹여 살리던가 모든 권리에는 책임이 따른 다 아내와 아이들이 남편의 성을 따른다는 것은 남편이 가족에서 더 권리를 가진다는 의 미지만 그만큼 더 많은 책임을 져야 한다는 거 임 그냥 결혼하면 성 을 새로 만들자 비정상회담 저거 몇 화임 오존 나 그럴싸해 패밀리네임 가족의 성이 하나로 모두 통일되어야만 진정한 또는 더욱 가족으로서 인식된다는 것은 단순히 관점과 문화의 차이라고 볼 수도 있지만 이와 별개로 타일러가 말하고 있는 바는 자녀들이 남편 성을 따르는 게 당연하다는 전제 하에서만 성립 가능함 자녀들이 남편 성을 따르는 게 당연하지 않으면 부인만 성이  다를 일도 발생하지 않고 그러면 하나 되는 가족이라는 명목 하에 부인이 나머지 가족들에 맞춰 본인의 본래 성을 바꿔야 할 필요도 없게 됨 즉 가족은 남성을 중심 또는 기준으로 하여 성립 및 존재한다는 개념이 의식적 무의식적으로 자리잡고 있는 것이 고 결과적으로 타일러의 말은 핑계 또는 허울 좋은 말에 불과 함 본디 이래도 되고 저래도 되는 때에 그냥 별 생각 없 이 남성 쪽을 선택했던 것이 어느새 관습으로 굳어져 현재까지 이어져 내려오고 있다고 보기에는 딱히 그리 볼 만한 근거도 없거니와 현실적으로 설득력이 떨어짐 댓글이 수정되었습니다 이 혼하면 성을 다시 바꾸는 건가 미라미라 실제로 그러지 않아 베복 해외 안 살아서 잘 몰라 미라미라 네 우리나라도 아내가 남편 성 따라가게 했음 좋겠는데 우리나라 성가지고 하는 거 도 의미 없음 거의 다 김 이 박 조 이런 건데 일본 미국 러시아처럼 성씨 다양해야지지들이 상관없다는데 가 부장적 피곤해서 어 케 삼근데 진짜 내 성씨 아니라면 자식이라는 생각이 좀 희미해질 수도 있겠다 싶기도 하네 책임이나 의무를 온전히 다 하지 않게 될 거 같은 느낌이야 이제 한국 페미여가부가 주장하는 대로 애미성 붙인다든가 해봐라 남편이 할 명분이나 정도 안 붙어서 이 혼률 급증할 듯 우리나라는 성도 안 바꾸게 해주고 얼마나 좋냐 생각해보니까 혼자 다른 성이구나 서양뿐만 아니라 일본도 그러고 오히려 우리나라가 마이너 한 건 대짱구 극장판 일본어 버전 보면 노하라 짱구네 성 일가 출동 이라면서 가족의 단합된 모습 보여줌 서양 애들은 패밀리라는 관점에서 성 씨를 보는데 오히려 페 미년들이 지극히 이기 적임예전에 한국계 미국 사람이랑 썸탔는데 그 사람은 만 약 나랑 결혼하 면 내 성으로 바꾸고 싶다고 해서 좀 놀란 적이 있었음 애초에 그 사람도 한국성씨인데 굳이 그걸 내 성씨로 바꾸려고 하는 게 물어보니까 자기 주변의 한국계 미국 사람들도 한국 남자랑 결혼하면 남편성 따르는 사람도 있다고 해서 별로 특별한 생각은 아니라 고 하더라 난 이런 거 그냥 문화 차이라고 생각하는데 이걸 왜 저런 식으로 생각하는 건지 모르겠음 그렇구 만 성 하나로 통일 하면 펨 붕 패밀리가 되는데 우리나라는 김씨네 가족해도 엄마는 김씨가 아니니까 그냥 여자들 특별구역 만들어서 그 안에서 안전하고 여자들만의 삶을 살게 하고 뭐 한 달에 한 번 정도 임신 데이 같은 거 만들어서 중립 구역에서 남자들이랑 만나서 잉태하게 해주는 거지 그러고 애 낳으면 자기성 물려주고 남자애는 구역 밖으로 내 보내고 귀하신 몸들 특별관리 하는 거지 그 안에서 여성 대통령 여성당 대표 여성경찰관 알아서들 뽑아 살고
8,다시 봐도 레전드인 불매운동jpg,정부가 직접 국민들에게 선택적 이 아닌 강제적으로 반일 감정 주입하고 외교적 무능함을 노재팬 해 줘’ 로 시 전세기 민주국가에서 일어난 일이라 유머,정부가 직접 국민들에게 선택적 이 아닌 강제적으로 반일 감정 주입하고 외교적 무능함을 노재팬 해 줘’ 로 시 전세기 민주국가에서 일어난 일이라 유머 저러고 민주당 대표는 사케 마시다 걸림 존 나 국민 수준 개병신이니 통하지 저거 깃발 달아놓은 거 병신 같다 한국 좋아서 왔다가 저거 본 일본인들은 뭔 생각 했을까 바른 어린이 정부랑 지자체가 공문 내려 보내서 공공기관마다  저거 설치하라함 휴 이 게 나라다 저 시기 때 유니클로 가면 진짜 눈치 보였음 지들이 외교 조지 고 불매 해줘 굳이 불매 운동을 국가적으로 강조해야 되나 공산당에서 할 짓을 다 했네 북한이 젊은 사람들 시골로 보내면서 선전하는 거랑 뭐가 달라 무지성 국민들 선동하기 개쉬움큼직 큼직한 거만 아직 안 삼 사실 돈도 없고 펨코도 많이 바뀌었네노노재팬은 자기 의지로 한 거라고 성역 화 하 고 했었는데 나치 독일 시민들도 자기 의지였던 거 맞음하지만 그분 공적인 자리에서 미쓰비시 제트스트림 썼쥬 는 안 하나 중국이 고 일본이 고 북한이 고 싫어할 수 있는데 저 중에서 광기적으로 일본만 노노재팬 한 거 보면 절대 자발적 시민운동은 아니지 뭐 이걸 부정하면 더 이상 할 말은 없지만 소위 킹 민단체 정치권 커넥션들은 알고 하는 소리길 바란다 괜히 킹 민단체 높은 사람 들 국회의원 공천 주는 게 아님 윤미향 같은 사람들 못 쫓아내는 거 보면 정의 연 같은 단체가 얼마나 큰 영향력을 끼치는지 알 수 있고 반일 운동 앞장서는 인물이 뒤에서 할매들 삥 뜯다가 걸리니 대깨들이랑 치매 노인으로 몰잖아 걍 맘에도 없는 운동인데 지지율 얻겠다고 저지랄하는 거임 거기에 선동되는 새끼들이 븅신마냥 한심한 거고 중국 식민지 화 착착 진행 중 개인 의사로 불매하는 거는  별 생각 없는데 안하는 사람한테 오지랖 심하거나 저렇게 국가가 나서는 건 이상하긴 하지 백번 양보해서 불매운동이 맞다고 치더라도 민간에서 주도 해야지 국가가 주도 한 다 미친 새끼들이 지 그냥 근데 여기도 이렇게까지 하는데 일본 가 주면 개돼지 아니냐 이런 거 존 나 많이 보였고 음여 갤에서 일식 먹은 거 올라오면 눈치 없냐면서 댓글 창 전쟁터됐는데 유저 물갈이가 싹된 거임 광우 뻥이나 저거나 울 나라 사람들 참 이성적이지 못함 감성에 너무 휘둘림 좌파들이 감성팔이나 짜집기 선동 잘하는 것도 크고 정치력 자체가 능력보다는 선전 선동에만 능한 인간들이라 대놓고 동북공정하는 중국부터 좀 어 케 하지 중국이 한복 지들 꺼라고 우기는데 입 닫고 있었으면서 드리미잉 중국 몽 훠훠훠노 차이나 한 번 안 하나근데 노 차이나 하면 쓸 게 남지 않을 듯 드리미잉 가만히 있지는 않고 한 소리  하긴 했는데 그게 끝임 근데 일본에서 그 했으면 난리났지족 같은 게 저걸로 반일한다고 하는데 그냥 원래 계속 반일이었엉 국평칠저거 지자체가 한 거 아님 불매 하던 말던 상관없는데 저건 진짜 개 쪽 팔리더라 북 괴중국에게 당한 역사는 관심도 없고 기억하고 싶지도 않지만 일본에게 당한 역사는 스포츠 경기에도 끌고 오고 오직 일본에게만 반응하는 개돼지들 민주당은 아직 이전 정부 탓  무지성 반일 유도가 먹히는 줄 아나봐 먹혀서 석을 물주 전자당번 그때까진 먹혔지 지금은 좀 돌아선 편이 고 민간 주도라고 좆지랄 했지만 에서 일제 다 빼버렸쥬 근데 정부에서 지랄 안 해도 펨코에서도 일 제품 사면 개지랄 함 애초에 저거 주도한 민주당 근본이 친일 지주 주사파 운동권인 것도 유머지 지금 반일정서 쏙 들어가긴 했음 반일보다 반 중이 더 심하지 않음 그만 좀 속 자 개 돼지들 아저게 일본 사람들 많이 오는 명동 한복판이라는 게 골 때림 중구청에서 명동 일본 손님 많이 돌아다니는데 설치함 명동 상가들은 주 고객이 일본인 비롯 외국인인데 세금 받아먹는 중구청에서 장사 방해 트롤 짓함 저거 틀니앙에도 욕 먹었잖 하루 만에 철거햇을 껄 욕 듸지게 먹고 중구청이 했다가 민간이 하는 불매운동에 공공이 개입하지 말라고 어느 쪽에서든 욕 개쳐 먹고 하루 만에  내렸던 걸로 기억나네 그냥 내가 보고 옳다 생각하는 불매하는 게 답이 지 저건 뭐 세뇌하는 것도 아니고 걍 개돼지 인증하는 거지 유사 짱깨 실제로는 독도 위안부 관심도 없는 정치인 새끼들이 그저 지지율이랑 표 빨아먹을려고 필요할 때만 반일 울부짖는 게 속 보여서 존 나 븅신 같음지구와 인류를 위해서라도 쪽 바리 짱개는 학살하는 게 맞긴 함 일뽕이나 대깨문이나 포도팔이하는 건 똑같네  병신들 그리고 국민 수준하는 병신들 지가 그 수준이니 다른 사람들도 다 그런 줄 알지반일 시위 선동해서 지지율 올리려 한 게 팩트 야 물론 이 전 대통령도 어느 정도는 쓴 수법이지만 멍청하게 해서 국내 산업 타격준 건 문재인이 최초 임 일본에서나 한국에서나 정치권에서 서로 죤나 요긴하게 써먹음 중구청장이 독단적으로 했다가 금방 철거했을 걸 이거 유니클로 앞에서 사진 찍어서  올리던 애들 다 조선족 아닌가 싶음년도 코로나도 아니었던 관광객 많은 서울에서 저 지랄 함 일본 갔는데 국가에서 혐한 질 해 놨으면 반일충들 반응이 궁금함이 거는 진짜 나라 개망신이었음 중구청장이 이랫지 공공기관에서 대 놓고 저지랄 외교 개판 훠훠훠 따쟈하오저 때 반일 하자는 새끼 면전에 다가 병신 새끼라고 욕하고 다닐 때 네 국민 퍼는 아직도 저지랄인데 나라 미래가 있긴 하냐 좌빨 선동에 놀아난 국민 저거 좋게 안 보이긴 하는데 일본이 수출 금지에 대해 대한민국 정부 탓하는 펨코보다 야 낫다고 봄 핑크 플로이드 왜 알 등이에 글도 없냐 핑크 플로이드 훠훠훠 루리웹으로 도쿄에 집 있는 박영 써니가 서울시장 나오는 민주당 이번 정부 민주주의 정부 아님 시장 나오신 분 일본에 집 있지 그것도 도쿄 노른자에 우리 회사 화장실에 덕지덕지 붙어 있던데 물리학 타 강사 일반 사기업 저러면서 중 북엔 간 쓸개 다 내 줌 놈들 펨코 존 나 바뀌었네 저 때 유니클로 옷 사면 사람 취급 안 하던데 일본이 저거보고 뭔 생각했을까 일본이 소부장 수출 금지 빡세게 해서 나라 좆돼봐야 하는 건데 하 소신 발언 광우병 때 더 레전드였다 년 만에 사그라들고 미국 소 잘 팔리는 것도 레전드 이제 짱 깨 벗어나기는 글렀음 투표권 받아서 계속 들어올 거임 무신사까던  펨코 오늘은 무텐 다드 너무 이 뻐요 진짜 광기 진짜 빡대 갈 저거 하던 새끼들도 지능 수준 나옴 민주당 새끼들 수준이나 민주당이 하는 개소리에 홀려서 노재팬 하는 새끼들이나 존 나 쪽 팔린다 내년 대선 때 다시 볼에 정왜 초창기엔 펨코에서도 꽤나 지지했는데 뜨끔하는 애들 많을 걸 저 때 군대에서 전문 하사한테 저 말하니 왜 안 따라하냐고 하더라 씹 좋긴 하다 만 북한도 좀 적극적으로 해주 지
9,파이가 나보다 더 심한 악마들이 있다고 한 이 유,이제와서 파이가 왜 이런 이야기를 했는지 대충 이해가 간 다 파이의 생각은 가 오가 이 보내서 확실히 여자 그룹 우승각 만들어 놓고 자기는 자진 퇴소해서 편하게 쉬었다가 상금 챙기는 것으로 보인 다빵 약속했으니까 자진 퇴소해도 돈 받을 수 있고 또 이미 자기 포함 명 퇴소니 더 이상 퇴소가 불가능해지고 남은 악역은 니갸르 이루리가 맡게 되는 것이 다니갸르도 이를 눈치 채 서 다음과 같이 말한다 처음 봤을 땐 이게 뭔 소린가 의아했다 아니 어쨌든 한 명 자진 퇴소하니까 상금 늘어나니 좋은 거 아닌가 왜 저런 이야기를 하지 라고 생각했는데 결국 빵의 진실을 알게 되니 파이가 남은 악역을 니갸르 이 루리에게 맡긴 것일 뿐 이라는 걸 깨닫게 되었다 파이가 그린 그림은 니갸르 이 루리가 끝까지 남아 악마역을 맡고 자신은 죄책감을 못 이겨 자진 퇴소한 비 련의 여주인공이 되고 대신 상금은 똑같이 나눠가지는 그림이었을 것이 다 파이는 빵이 절 때 밝혀지지 않을 것이라고 생각 했다 왜냐면 그게 밝혀지는 순간 여자 참가자들 다 나락으로 가는 거니 하지만 결국 니갸르 이 루리에 의해 다 밝혀지고 말았다,이제 와서 파이가 왜 이런 이야기를 했는지 대충 이해가 간 다 파이의 생각은 가 오가 이 보내서 확실히 여자 그룹 우승각 만들어 놓고 자기는 자진 퇴소해서 편하게 쉬었다가 상금 챙기는 것으로 보인 다빵 약속했으니까 자진 퇴소해도 돈 받을 수 있고 또 이미 자기 포함 명 퇴소니 더 이상 퇴소가 불가능해지고 남은 악역은 니갸르 이루리가 맡게 되는 것이 다니갸르도 이를 눈치 채서 다음 과 같이 말한다 처음 봤을 땐 이게 뭔 소린가 의아했다 아니 어쨌든 한 명 자진 퇴소하니까 상금 늘어나니 좋은 거 아닌가 왜 저런 이야기를 하지 라고 생각했는데 결국 빵의 진실을 알게 되니 파이가 남은 악역을 니갸르 이 루리에게 맡긴 것일 뿐 이라는 걸 깨닫게 되었다 파이가 그린 그림은 니갸르 이 루리가 끝까지 남아 악마역을 맡고 자신은 죄책감을 못 이겨 자진 퇴소한 비련의 여주 인공이 되고 대신 상금은 똑같이 나눠가지는 그림이었을 것이 다 파이는 빵이 절 때 밝혀지지 않을 것이라고 생각 했다 왜냐면 그게 밝혀지는 순간 여자 참가자들 다 나락으로 가는 거니 하지만 결국 니갸르 이 루리에 의해 다 밝혀지고 말았다 악마의 편집악마를 편집 여기서 누구보다 이미지를 챙기고 싶었을 듯 아프리카로 돈은 어느 정도 벌기도 했고 이걸 넘어서 더 벌려면 유튜브까지 떡상 하면 되는데 유튜브는 거의 민심에 영향이 꽤 크니까 여기 나와서 호감이미지만 얻어갈 수 있으면 되겠다 싶은 거였지 물론 상금도 챙길 수 있으면 챙기고 정보 많지 않았다 킹쥬지 오히려 마왕까지 안 되게 막아준 거 같음 근데 이 정도로 파급 쎄고 욕먹으면 밖엔 어떻게 돌아다니냐 다 알아볼 텐데 파이 팬들은 떠나지 않을 듯 대가리 뒤에 저닭 트레기 머시 여 대체질질 짜고 자진 퇴소하면 이미지 챙길 줄  알았나 봄
10,머니게임 한 번도 안 본 펨붕이 있으면 개추 ㅋㅋ,일단 나,일단 나 일주일 내내 욕해줘’ 하는 것 보면 광기정병들 보는 것 같음포빨이련포 텐글 누르지 말라는 새끼들 땜시 머니게임 글 안 누르고 휙휙 넘어갔더니 모바일로 페이지까지 넘어가 있더라 울릅신은 우승을 위해 돈 욕심도 버리셨는데 좀 보고 배우 길 쫑삼이 너 안 봤지 무도 같은 경우엔 아무도 참가자끼리 불편해하는 게 없어 근데 머니게임은 참가자인 니갸르부터가 다른 참가자들  역겹다고 내가 죽든 다른 사람이 죽든 폭로하겠다면서 과몰입하는데 시청자들이 어떻게 과몰입을 안해 니가 말하는 인방에 과몰입하지 않는 게 일반상식이라는 논리가 참가자들끼리도 불편한 관계 하나 없이 방송은 방송으로 생각하면서 잘 지냄과 동시에 시청자분들 방송은 방송으로 봐주세요 이렇게 말하는 거면 맞아 근데 참가자들끼리부터 가 서로 폭로하면서 시청자분들 이  새끼가 사실 이런 새끼에 요 제 발 누가 개새낀 지 제발 알아주세요 이러는데 어떻게 시청자가 과몰입을 안해로망알레산드리니 어떻게 과몰입을 안해라는 말이 나오는 게 신기하네 개 씹 저능아 새끼 쫑삼이 반박 못하니까 무지성으로 저능아거리네 개좆버러지련 쫑삼이 뇌세포가 죽었냐 너는 개씹창년아혐오로 포텐 도배를 혐오하는 대 혐오의 시대 진짜 너무 많이 올라와서 힘들음애들이나  보는 거지 머니 게임이 뭔지도 몰랐는데 에서 난리도 난리도 아니라 안 봄 뭐든 유튜버들 모여서 컨텐츠 찍는 건 사람 몰려서 시 끄러움 초도 본 적 없는데 펨코 포텐글 때문에 알게 됨개 추초 창기에 머니 게임 파이라고 하길래 뭐 스케일 영향력 이런 얘기하는 줄 알았음 미친 새끼들이 너무 많아
11,요새 TV 예능이 재미없는 이 유,주말 프라임타임 예능 프로그램 고정이면 애초에 급 연예인들인데 호텔에서 삼시 세끼 먹어도 되는 양반들이 박 일에서는 꼴랑 라면 하나 먹겠다고 흙탕물에 뒹굴고 자기들이 나서서 게임 만들고 벌칙 세워서 입수하고 안에서 자보겠다고 한 여름에도 뛰어 다니고 아득 바득 이기려고 애씀프로그램 하나 행사 하나만 뛰면 나오는 몇 백만 원 얻자 고대들이 한 강물 뛰어들고 시멘트  바닥에서 몸 내던 짐 거기에 시간 씩 프로그램 녹화하고 스케쥴 뛰고 집에 안 가 고 휴일 잠 줄여가면서 장기 프로젝트 준비함 근데 요즘 예능 애초에 촬영 집에서 하고 그냥 휴일 일상 찍어 놓으면 출연료 달달함 전성기 무한도전 박일을 그리워하는 이유가 있음,주말 프라임타임 예능 프로그램 고정이면 애초에 급 연예인들인데 호텔에서 삼시 세끼 먹어도 되는 양반들이 박 일에서는 꼴랑 라면 하나 먹겠다고 흙탕물에 뒹굴고 자기들이 나서서 게임 만들고 벌칙 세워서 입수하고 안에서 자보겠다고 한 여름에도 뛰어 다니고 아득 바득 이기려고 애씀프로그램 하나 행사 하나만 뛰면 나오는 몇 백만 원 얻자 고대들이 한 강물 뛰어들고 시멘트 바닥에서  몸 내던 짐 거기에 시간 씩 프로그램 녹화하고 스케쥴 뛰고 집에 안 가 고 휴일 잠 줄여가면서 장기 프로젝트 준비함 근데 요즘 예능 애초에 촬영 집에서 하고 그냥 휴일 일상 찍어 놓으면 출연료 달달함 전성기 무한도전 박일을 그리워하는 이유가 있음 진짜 강호동 유재석이 보면서 라떼 시 전해도 무죄나 존 나 잘산 다 보여주면 출연료 들어오자 너박일 전성기 때 시청률 까지 찍었는데  취직하고 싶다 아아 니즈가 있긴 한데 그것도 옛날이지 지금은 쌉 뇌 절임 정보 박일 아직도 한다 내가 옛날엔 무도 빠라 박은 대충 보고 말았어서 요즘에 박 일 시즌 다시보고 있는데 얘네 멤버가 사기적인 구성이었음 피디가 대충 던져놔도 지네들이 이 상한 게임 만들거나 티키타카해서 레전드 만들어내는 거 오지게 많더라 트렌드 따라가는 거지 언제까지 힘쓰고 몸 써서 하는 예능 빨건데 그냥  추억 보정 임 둘 다 망한 건 시청률이 떨어졌기 때문이지 인기 계속 갔으면 계속 했음 저때가 개그 프로에서 예능으로 넘어가는 단계여서 실험적인 게 굉장히 많이 나왔던 때 임 그 컴티비엿나 거기서 나오는 실험 맨도 그렇고 패션도 그렇고 화장이나 심지어 일 상생활도 시간이 지나면서 바뀌기 마련인데 이 땐 이랬지 이게 좋지 하는 건 너무 틀 딱스럽지 않나 브릭 진지 빨고 물어보 는데 관찰 예능 재밋음 브릭 근데 이런 글 자꾸 올라오는 것도 사람들이 점점 이런 관찰 예능에 지치고 질리기 시작했다는 거 아님 이런 반응 모여가지고 새로 트렌드 만들어지고 그런 거지 뭐 유행이야 돌고 도는 거니까 고점으로 치면 박 일 시즌이 넘사긴 해요즘 박 일도 그냥 박 일 동안 촬영하는 예능 프로그램 옛날 그 리얼 야생 버라이어티 박 일 느낌이 아니더라 옛날에 재미없던 애들이 지금  다시보기 하면 요즘 애들보다 재밌음 박일 다시 보면 강호동이 진짜 대단한 게 진행도 하고 딜하다가 탱킹 해야 되는 타이밍 오면 오지게 탱킹해줘서 상황 꿀잼으로 만 듬 밥 먹을 때 유튜브로 박일레전드 편 보면 개꿀잼 임 관찰 예능 좆 노잼 인건 둘째치고 패널들이 억지 리액션 하는 게 버티기 힘들더라 트위치에서 영상 도네 보면서 억지 반응하는 스트리머 보는 느낌 걍 쉽고 편하게 때려 박으려고 하다 보니까 관찰 예능 하는 거지 박 복 불복 마라톤 진짜 최고였는데 저걸 저렇게 찍는 사람도 문제지만 꾸역꾸역 처 챙겨보면서 시청률 채워놓는 사람들도 문제 좆 노잼인데 기어코 챙겨 봄 박일이 진짜 재밌었는데 그립네 그때가 좆 노잼이 긴 함 그냥 웃긴 걸 보고 싶은데 지 잘 사는 거 봐서머함 존 나 하는 관종 새끼들이나 남인생에 관심 많지 대부분은 노 관심 옛날 예능은 출연자들이 재미 를 위해 자신들을 몰아 넣는 모습들이 멋 있었음 관찰 예능 좆 노잼이고 그래서 강철 부대만 봄관찰 예능 부자들의 삶 육아예능 부자들의 삶 전혀 공감도 없고 걍 딴 나라 이 세계 물 임 관찰 예능이 티비 예능 다 망침갑자기 관찰 예능 나오면서 집 구석 구석 보여준 다 얼마 후 집 매매 완료 관찰 예능이 언제부터 떴지 후 아빠 어디가 때 부터인가
12,남고 재직 중인 교사,장작을 주네,장작을 주네 페미교육 증거자료한국도 미국 일본처럼 학부모회 권한 확대할 필요성이 좀 있다고 생각함 뻘 짓거리 하는 교사들은 바로 모가지 날려야지자비도 아니고 학교 비품비 저렇게 막 써도 감사에 안 걸림 책 하단에 띠 두른 거 보니깐 교내 도서관 용 인 거 같은데 같은 책을 그것도 수십 권이나 다른 학교 같았으면 말도 안됨 저 책 말고도 읽고 싶은 책이 많을 텐데 보 통 분기별로 학생들에게 신청해서 받는데 예산은 한정적이라 그 중에서 탈락되는 책도 있음 참고로 저런 예산은 교육부에서 학교별로 학생들 독서율을 위해서 배당되는 우리 세금이 다 보통 인기 있는 책은 권씩 중복 구매하는 경우도 왕왕 있지만 저렇게 많이 구매하는 경우는 처음 본다완장질 교사도 공무원과 비슷한 서비스업의 하나 일 뿐인데 한국 교사들은 지들이 상전인 것처럼  갑질을 하는 게 문제 임컵라면 열기 보존용 미친 새끼 남고에서 저지랄하고 안 맞아 죽은 게 다행남 페미남 고면 어차피 애들은 들은 척도 안함 앞에서 대 놓고 꼽 안 주면 다행나무한테 미안해야 할 책남고에서 하면 씹털릴 거 같은데 남고는 뭔짓을 해도 안 넘어 감 어차피 저런 거 해봤자 애들 더 빡치지이기심 시 발심이 다 요즘이면 난리날 거 같은데 이기심 때문에 수능 공부 하는 애들 한테 페미 주입  대단한 선생님이 네고애들 절대 안 읽음남고 애들 똑똑해서 야 저 선생 페미야 하고 소문나기 시작하면 먹힐 텐데 지돈 주고 산책도 아니네 잠자기 받침대용으로 알아서 추가해주네 높이가 높을수록 편안하지 남고에 저게 통할라나
13,야근하다 울먹이는 20대 직원,소설 쓰네,소설 쓰네 이것만 하고 가면 안 되나요 지금 못하면 내일 좆 되게 생겼습니다 울먹울먹일 단 임원인 니가 야근을 하다 발견했다는 거부터 수상하다 근데 스스로 커리어를 키우고 싶거나 애사심이 있는 사람이 종종 있음 나도 그래서 야근하는 거 오히려 즐긴 적도 있었고 아니 저게 문제가 아니지 포괄임금제 하면서 추가 근무 수당 휴일근로수당 안 챙겨준다니까 주 시간제도로 바꿔 역 시 경총 어용신문 한경 어메이징하네 한경 매경 이 병신들은 색 안경 끼고 봐야됨이 게 주시간 했으면 관리자급에서 채용을 더 할 생각을 하고 인력을 교대로 돌릴 생각을 해야 하는데 그냥 주시간 핑계만 대고 있고 뽑은 애들이랑 잘 쇼부봐서 주시간 어기고 야매로 운영할 생각만 함 참고로 그냥 아무나 와서 하루 이틀 교육시키면 인분하는 단순 업무들임 강화 유배 중 경제 기 본원리를 무시하는 발언이 네 경제정책을 정할 때 그런 것 까지 고려해야 하는 거임 최저시급 올리면 월급 올라간다 생각하는 게 빡대가리인거처럼 최저시급 올리면 알바 자리가 줄어들고 월급은 그대로 일거 까지 생각해서 최저시급을 올리기 때문에 급격히 안 올리려는 거야 팩트 체크 전 재산 빵 걸 고 뜨고 싶네 회사가 직원에게 확실한 커리어와 비전을 제시하면 저럴 수도 있지 근데 그런 경우가 거의 있을까  대부분 월급을 열정과 노력으로 떼 우려는 곳일 텐데 읽박 그런 회사는 아까운 야근수당 까먹지 말고 내 일 하라그럼 개새끼 좆 빠는 소리 하고 있노 무늬만 대기업 다니는데 우리는 시 지나면 컴퓨터가 꺼짐 근데 업무량은 예전에 야근할 때 랑 똑같음 그래서 연장근로 신청하거나 피씨 오프 지우면서 버티는 중시간 제도가 무조건 좋은 줄 아나본 데 돈 짜게 주고 사람 소수로 굴리는 좆소 같은 데서야 싫겟지근 데 사람들 중에는 더 오래 일해서라도 돈 더 벌고 싶은 사람들도 있고 가정이 있다던지해서 직장이란 게 소수에이스잡일 하는 사람들도 굴러가는데 소수에 이스가 없으면 잡일하는 사람들 명 명 있어도 아무 짝에도 쓸모없음제 미니 나도 어느 정도 이 해는 하는데 문제는 한국 사회가 그렇게 제대로 돌아가고 있지 않다는 거예를 들어 시간 없으면 님이 말하는 그 사례보다 훨씬 많은 부작용들 열 거할 수 있음 판단에 따라 나뉘는 거 임신입이던 경력 좀 쌓였든 스스로 야근하는 경우는 스케쥴이 빠듯해서 기한을 맞춰 야 하는 경우 뿐이다 근데 나도 저러는데 우리 일은 플젝단위라 하나 잘 해놓으면 플젝써놓으면 업계 사람들이 아니까 지금 하는 플젝 잘 끝내놓으면 유 무형의 피드백이 그대로 들어오기 때문에 자발적 야근 함영상으로 올려 아버지 회사 경비원 하시는데 밤 시에 나가라고  직원들 쫓아내는 게 제일 힘들다 하셨던 거 들은 적이 있음 무야자키 하야호 달리 말하면 시까지 근무하고자 빠진다는 거네 글치 잔업해야 할 거 있다고 좀 만 봐달라는 데 쫓아내는 거도 참 아이러니함이 건 좀 일을 시 발 야근해도 다 못할 정도로 존 나 쳐주는데 시간 초과하지는 말래 좆 같은 회사 사람을 더 뽑든 가지랄하넼난 실제로 펀치아웃 찍고 다시 들어와서 혼자 일한 적 꽤 있는데 물론  일을 못 끝내서 욕처 먹을까 봐 이런 거 보고도 덮어 노고 노조 욕만 하나 팸창들 다 경영자 임대기업도 아니고 중견에서 저런다고 야근을 해야 와이프 얼굴을 안보에 명은 그럴 수 있지 대부분은 아니야 컨셉에 잡아 먹힌
14,신남성연대 근황,정부에서 삭제 요청 들어와서 채널 일주일 정지 수익 정지당했다고 함,정부에서 삭제 요청 들어와서 채널 일주일 정지 수익 정지당했다고 함 나도 과거 보면 저 사람들 별로 긴 한데 이 번 꺼는 내용에만 집중했으면 좋겠음이 거는 언론 탄압 독재 아니냐 국가보안법 폐지하고 모욕죄 사실적 시 같은 거는 유지함 정부에서 자신들의 입맛대로 페미는 옹호 반 페미는 적폐 취급하고 있는 게 역겹긴 함아니 뭐 페미니스트 신고 폭격인 줄 알았는데 정부가 삭제 요청 만약 진짜  그런 거라면 이것이 민주화식 표현의 자유인가 요세르히오라구스 사유가 될 수 있긴 한데 요청을 정부가 하는 게 킬링 포인트 지 정부가 자기 입맛에 안 맞는 목소리를 삭제 요청했다고 이것은 중국 몽의 일부일 뿐 이런 글을 보고 만 명 중에 명만 빨갱이 독재정부 신 남성연대에 돈 후원해야지 라고 생각하고 명 중 명만 돈 후원해도 성공임 진정한 애국보수펨코인이라면 저분들 계좌 후원해야 한 다 다 같이 동참하자 재들을 후원하자고 뻑 가랑 가세연은 왜 아직 잘 살아있는 거냐 언론 탄압이잖아 씹병신 새끼들 하우스 증거는 없고 자기들 주장만 있는데 선동 잘 당하네 문제가 있어도 왜 그걸 정부가 개입을 하지 구글 유툽이 정부가 정지하라고 해서 정지 시켜줌 지금 저게 말이 되는 거 맞음 모나코 미국에서도 네오나치나 혐오 선동에 대해선 채널 삭제 하기도 함국 내에 알려진 것 중 아 하나가 미국에서 음모론 가지고 보수우파 코인 빨던 여자분 있었는데 그분 채널 날라갔는지 요즘 안 보이던 데모나 코 정부가 압도적 비율로 삭제 요청 이게 무슨 말이 지 신 남성연대 채널 보나까 페미랑 수준이 똑같던데 진짜 페미랑 싸울려면 정상적인 놈들을 조직해야지 페미랑 대응한다고 남 패미 같은 애들을 데려오니 쯧쯧 여기 펨코도 사실 페미 수준이 딱 맞음 모나코 팩트시켜줌 퍼 는 안 받아주고 퍼는 받아 줫다함 모나코 얼마 전에 기사 나왔자 나 한국이 컨텐츠 삭제 위인가 그랬는데 정부에서 많이 요청한다고 구글인데 유투브도 포함되려나 모나코 기사 떴는데 이 전 정부가 문제가 아니라 전 세계 미국 등 외국 포함해도 문재인 정부 요청 건수가 압도적이라고 얘네 잘못 끄집어내던 페미들 잠입해 있던 데 결국 까는 여론 생기니까 채널 삭제 일주일 정지 근데 좀스러운 게  사실이라 저것도 혹시 모름 국민이 욕햇다고 고소하는 놈인데 통제가 중국급이 네 정부 요청 증거증빙하자 궁금한 게 있는데 정부 사람들은 젊었을 때도 저 모양이었으려나 만약 그렇다면 예전에 민주화 운동하던 사람들의 실태가 저거호호이 정부 사람들 젊었을 때 실제 간첩이 한국에 넘어와서 여기저기 테러하고 다니던 시절 공산주의 공부하고 북한 찬양하던 대학생들 간첩으로 의심 받을 행동 해서 체포되고 수사받는 건데 정부가 표현의 자유를 억압한다며 실제 억압한 건 맞고 당시 정부를 옹호하는 거 아님 지랄 염병하고 그때 구속된 전과를 자랑스럽게 떠들고 다님 진짜 민주화 운동 하던 당시 대학생들 특히 광주 은 지금 사회 속에 들어와 묵 묵히 자기 일 해왔는데 정작 공산주의 공부하던 애들이 민주화 투사인양 설치며 정부 요직에 앉은 걸 보면  웃음만 나온 다 정부가 정부가 요청을 했다면 이건 다른 차원의 문제지 시 발몰라 지한테 좀 거슬리는 말했다고 지지층 고소한다는 사람한테 뭐 해주기 싫음 정부가 요청 왜 정부가 직접 나섬 재앙이 조리돌림하는 극우 유튜브도 신고안당하는데 사실인지 아닌지 인증해봐야 아는 거 아닌가 좀스럽고 민망한 정부군 요 훠훠 진짜 이명박근혜 시절보다 탄압 더 심한 게 이번 정부 임 국민을 시 발 고소존 나 좀스러운 보 빨정권 지금 이 어느 땐 데 저렇게 검열을 하냐 대단하네 개 역겹 네 저 입에서 나오는 소리 곧이 곧대로 믿지 마라언젠가는 아메리칸 구라라는 생각은 도 안 하는 듯 윾 튜브도 정부 압박으로 정지됐다는 찌라시도 있음 뭐 정부가 제재했다는 건 역한데 쟤 네 하는 짓거리도 딱히 공감 안 되서 걍 쟤네는 접었으면 좋겠음 성재기 때도 맞말 퍼에 개도 안 되는 어 그로 퍼 스까놓아서 지지 못 받지 않았냐  신 남성연대 얘넨 그때보다 더함 조두순 관련 난동부 린걸 가지고 어거지로 미화하는 거 보고 진짜 그놈의 남성이라고 쓴 건 쳐뺐으면 했음 자꾸 이 준석 페이스북에 기웃대고 글 쓰는 것도 괜히 그러다가 얘네 똥이 이 준석한테 묻을까봐 걱정되더라 쟤 네가 좋은 방식이 아닌 건 아는데 정부에서 왜 그걸 검열함 메갈리아 워 마드 메갈 유튜버 나댈 때는 왜 검열 안 하고 저게 사실이면 진짜  독재 못해서 안달이었다는 얘기 아니냐 씨발 공무원들 할 거 없어서 저딴거만 요청하냐 미친 샘기들 대한민국 언제부터 북한 화 됐음 민주주의 국가라면서 표현에 자유는 어디 갔길래 이런 사소한 거까지 정부가 나서서 하는지 모르겠네 내년 대통령 민주당에서 한 번 더 나오면 나라 짱 개화 육아 출생 퍼로 진입할 듯이러니 독재정권이라고 하지 이게 말이 안 되는 게 삭제하고 억압하려고  했으면 신의 한 수 가세연 전광훈 목 채널 등 등 그런 것들도 정부가 어쩌지 못하는 판국에 무슨 신 남성연대 유툽을 정부가 막았다고 하는 거지 있으면 증거를 빨리 보여주는 게 제일 좋음 삭제 요청은 할 수 있는데 어차피 유툽 측에서 판단 하에 하는 거 임 각종 태극기 유튜버나 음모론자 유튜버들 재들보다 영향력 차고 넘치는 애들도 정부가 정지를 안 넣는 마당에 심지어 정치인 출신들도 있고  정부가 압박 넣었단 증거를 보이기 전까진 영 그럼 지 모욕했다고 국민 고소하는 꼬라지 보면 그러고도 남을 거 같긴 한데 그거랑 사실적시를 위한 증거는 다른 부류라 저게 가능했다는 게 이해가 잘 안 가는데 이건 좀 자세한 전말을 봐야 할 듯 나라가 이미 사회주의 체계로 변화하는 중 민주주의 사회에서 목소리도 못 내게 된 지 오래 연예인 죽으면 댓글 다 막고 할튼 뭐만 있으면 다 단 속하고 못하게 하는 거 이 거 진심 사회주의임이러니까 배충이들이 폭동 폭동 거리지 당시 시대적으로 민주화 운동 한 정신을 다시 좀 되새겨봐라 틀 딱 새끼들아 포무새 요즘 정부 하는 짓 보면 정부 욕하는 게 당연한데 그런다고 폭동 거리는 게 사람 들임 니가 예시를 딴걸 들었다면 그러려니 하는데 폭동 거리지 이 소리한 순간 니 혼자 배충이 버러 지 인증하는 걸로 밖에  안보임븅신채널 알아서 신고 먹고 폭파당할 건데 정부가 삭제 요청한 거면 얘기가 또 달라지 지 정부가 요청했다는 주장을 뒷받침하는 근거가 내용에 같이 있었으면 좋았을 거 같은데 독재고 나 발이고 간에 증거를 보여줘야 믿지 증거가 글자 줄임이 새끼는 믿을 만 해야 저 내용도 믿지 그냥 지 혼자 주장하는 내용일지 어떻게 알아걍 내가 봤어요급인데 캬 시 발 지들 불리한 거는 무조건 주작이면 서 이런 거는 그냥 쳐 믿네 에 라이 븅신 새끼들아 사람은 믿고 싶은 건 믿는 성향이 있으니깐 저게 말이 되냐 뭔 듣보잡 채널 없애달라고 정부가 요청을 한다고 압도적 비율의 삭제 요청은 또 뭔 소리 야 유머 글에는 주작주작거리면서 이 악물더니 증거 하나 없는 이런 글은 의 의 심도 없이 믿어주 네 증거 없으면 주작이라고 하던 애들 맞냐 저 사람들이 정부에서 삭제 요청했다는 확실한 증 거 보여주면 그때 이야기해도 안 늦을 텐데 일단 이거 듣고 중립 박긴 해야지 증거가 없자 너 주작인지 아닌지 신고 존 나 쳐먹어서 아니든 원베 새끼들이 남성 인권이니 쳐 씨 부리고 있네 렉카 원 베 아웃 민주 없는 민주당 흠 이 말에 대한 증거도 필요하고 맞다면 외신으로 나가야 할 급의 언론 통제와 인권 탄압 참고로 일주일 정도 전에 북한 방송 송출 풀려고 했던 거 기각됨 펙트만 제시하면  정부가 삭제하는 건 맞다 관련 가짜 뉴스 등 근데 삭제 안 되는 애들도 많다 근데 재만 그리 삭제 됬 다 언급한 다 저 대표 연대 대표라는 작자는 비하한 적 있는 왕자라는 원 베다
15,한강 사망사건 집회 근황,두 시부터 집회 시작 근데 주최자들 런 해서 누가 주최자인지도 모르는 상황자기네들 편이라 생각했던 그 알은 피디와 서 저거 실시간 방송하는 유튜버한테 후원금 얼마 받았냐고 해서 담주 방송 방향 바로 보이기 시작,두 시부터 집회 시작 근데 주최자들 런 해서 누가 주최자인지도 모르는 상황자기네들 편이라 생각했던 그 알은 피디와 서 저거 실시간 방송하는 유튜버한테 후원금 얼마 받았냐고 해서 담주 방송 방향 바로 보이기 시작 년 넘게 코로나로 나라에 이벤트가 없으니까 저런 사건이나 머니 게임이나 그냥 사람들 욕구 배출구로 잘 이용되고 있네 강원 지금 저거 중계해주는 유튜버 새 끼 부터 가 대놓고 후원금 계좌 적어놓음 우나 기 군 불법집회 주최자가 신고도안함 응 펨창은 집에만 있오진짜 개돼지 같다슬픈 사건이고 안타까운 사건이지만 집회를 하는 이유는 뭐야수사 빨리 하라고 집회하는 거 왼손은 신의 손 친구가 범인인데 왜 안 밝히냐고 집회 중 정민이는 타살이 다 이런 팻말 들고 하는 중 꾸애애 애액 선 넘는 집회 네 수사 결과는 우리가 정하는 게 아닌 대왼손은  신의 손 실시간으로 보는 사람들 얘기론 친구 실명까면서 제대로 수사하라고 욕박 고 있다네병신들 비오는데 왜 저런데 가는 거야 네이버 한 강사건 기사 댓글 최다 비율 세대 성별 대 여성 끝룰루라라라 걔 네 된장녀 세대 아님 룰루라라라 광우병 세대 알아줘야 함 여깃는 애들 거의 절반은 행동력 없는 저분들 수준인 건데 뭔 유체이탈 화법들을 하고 계세요 지금은 구속 수사 외치네 키키크 크로  개 웃기네 정민이 아버지도 나왔냐 손절 타임 안나옴시 발 집에 겨 들어가 네이버 댓글 보면 대 비율 압도적이던데 광우병 세대라 불리는 이유를 알거 같음 그냥 집단 광기 마냥 대놓고 살인범 취급하더라 여기 댓글도 좀 중립기어 몇 개 벗어난 다 생각했는데 네이버 댓글엔 상대도 안됨 코난빙의 했던 펨 코랑 다를 게 없어 보이는데 할 짓거리 되게 없네비도 겁나 오는데 쓸데없는 병신 짓에 이렇 게나 열심인 인간들이 있다니 어 지간히 시간 남아도는 갑네 치킨시키고 방구석에서 펨코나 하자즈 그들 인생은 안 챙기고 남 인생에 과몰입하는 거 한심하네 집회까지 할 정도냐고 인 아버지가 선동 한 결과 지 실종 다 다음날 실종 장소에 친구 부모만 나오고 친구는 안 나왔다고 협조 안 한다고 난리 쳤는데 그날 친구는 경찰에 가서 최면 수사 받은 날이었다 함 고인 아버지가 묘하게  정보를 선택적으로 흘리고 있어 평택항은 이슈도 별로 안대든 데 언론이 좀 자극적이다 싶으니깐 다 절로 모이네 쓰레기 같네
16,이쯤 되면 이 삼인 방 재평가 시급한 거 아님,파이합방 몇 시간 도 안 되서 파이 나락 행원래 나락이었지만 이루리 합방 몇 시간 뒤 니갸르 폭로전 발발 세탁기인 줄 알았는데 사실 믹서기 인 방출처머니게임 갤러리,파이 합방 몇 시간 도 안 되서 파이 나락 행원래 나락이었지만 이루리 합방 몇 시간 뒤 니갸르 폭로전 발발 세탁기인 줄 알았는데 사실 믹서기 인 방출처머니게임 갤러리 재인인가 펨코 논객 가오가이 퇴출당하고 둘이서 존 나 놀렸대 그후로 친해졌다고 빨볼 간 김배덕 죄인 오타임 펨코 논객 그 거 공전 처음 합방 때 얘기했을 거임 누구나 오는 지 기다려보자 했는데 가 오가이가 나와서 형 알아서 한 다매요  이러면서 존 나 놀리고 소주까 고 친해졌대가 오가이는 개 웃기던데 세탁 잘된 듯 물소가 이지만 유쾌해서 에프엠골이 아 실실 웃으면서 전공 듀오랑 믹서기로 갈아 버림 내가 알기론 믹서기 날도 개인데 이건 우연이 아니다 가이가 이야호 미즈를 뛰어 넘는 주호 민즈가 오가이가 저기서 또 배신할 수도 그 와중에 파이 예쁘 노 축구 좀 보냐 🐃 파이 허벅지만 너무 눈에 들어온다 어째 이상하다 했더니  돌아가는 게 세탁기가 아니였네 이루리 내내 표정 개 같던데 파탄 가이즈 근데 가오가이가 누구 세탁해줄 처진 가 서 윗은 좀 빠지지 가 오가이도 병신인데 묻어가네사신들이 누
17,99 걸러야 할 틀딱 특징jpg,,소신 발언 하자면 저렇게 불러놓고 마음씨는 착 한 노인네들도 있음거스프링 내 팔 하나 짤리고 겨우 이 김낌 남국의원실 내 팔을 왜 잘라요나코시스 스무 야 너 만원으로 담배 한 값사오고 나머 진 니가져라 전에 나 보고 선생님이라고 불러주셔서 엄청 놀랐는데 크레마 카라콜 어떤 인생을 살아왔길래 급속 노화가 전에 모든 대사 앞에 억을 건네며를 붙히면 호칭이 상관없다고 했는데 억을 건 네며 야 거기 너 일로 좀 와 바나군대 선임 중에 어이라고 부르는 새끼 있었는데 어 이 네 녀석 옛날에 다니던 회사에 과 장 놈이랑 점심 같이 먹는데 과장 놈이 손을 들더니 손가락을 딱딱 튕기면서 엄지와 중지로 튕기는 거어 이어 이 거리면서 식당에서 서빙하는 사람 부르더라와 진심 재수 없어 갖곤 그 뒤로 왠만 하면 같이 밥 안 먹었음 당일 가입 과장이면 아무리 늦어도 년생 이후 일 텐데 에 휴롤란도 비앙 키 밥맛 떨어지는 썰이 한 두 개가 아님이젠 대 중반쯤 됐을 텐데 여전히 짓하고 살겠지 저렇게 부르면 대꾸도 해주지 말아야 됨듣자마자 기분 졸라 나빠질 듯 저렇게 부르면 시 비트는 거일 확률 퍼 이 상임 그냥 쌩까 고 가거나 예예하고 흘려 넘기는 게 답 이렇게 지 기준으로 사람 평가질 하는 유형을 피하는 게 더나음 예전에 가게 손님으로 온 할아버지가 반 말하길래 어르신 반 말 하지 마 시라고 한마디 하니까 삔 또가 상했는지 도로 인사하면서 죄송합니다 함너 때문에 오늘 아주 했어 근데 이건 나 이 상관없이 이 미 저렇게 부른다는 건 지보다 낮다는 약하다는 부족하다는 선입견 가지고 저렇게 부름 즉 막대해도 상관없다는 생각이 깔려 있음 주변에 사람 없는 타입 무조건 거른다는 글 쓰는 사람을 그냥 거르면 됨 근데 일반화고 뭐고 어 이야 이런 식으로 부르시는 어르신 분들 중에 좋은 소리 들어본 기억이 없음 헤이 는 꼬치 큰 게 죄냐 꼬치 큰 게 죄냐 유 파이널리 어웨이크닉네임 셔텁 백 데 얼꼬치 큰 게죄냐 헤이 헤이 유 예아 유난 왜 장년층 할아버지들한테 시비 털린 적이 없지 버거킹 알바할 때도 점장이 긴장하던 할아버지도 나한테 되게 순하신 분이었음 저건 그냥 인성 문제지어 이 거기는 좀 그렇긴 한데 야 는 많이 들어봐서 그런지 기분 나쁠 정돈 아니던 데존야의 라멜라 야 누워서 뜨는 소 련아존야의 라멜라 기분 나쁜 정도는 아니라며 누워서 뜨는 소 틱 임 존 야의 라멜라 뭔 컨셉임 중장년층 분들 많이 오는 치킨집에서 년 일했는데 어 이충 특 높은 확률로 옆에 화떡아지매 계산대에서 계산 안함 만 오천원 먹고 서비스 달라 함 치를 떤 다 지원 갔는데 팀장이 처음 보자마자 저러던데 오빠야 하고 부르는 할머니들 무조건 피해라돈 뜯는 다우리 교수님들도  식당 가면 어 이 거기 이러던데 다 못 배운 거냐고 양 못 배운 거지 학문적인 지식이 아니라 사람 됨됨이를 못 배운 거임맨시티 트레블 기 우문현답 어차피 노캔이어폰 끼고 다녀서 어 이든 저이든 불러봤자 안 들림 편돌이 할 때 매번 느낀 다 퐄포크 필리아 줘 타 유저 유사닉 그런 거보다 그냥 에 쎄달라는 게 광기 임 야간 편돌이 할 때 화투치는 아재들 어 이 어 이 불렀는데 밥 먹으면서 일 하라고 원씩 주더 라생판 처음 보는 사람한테 사람을 어 이 야 거기 라고 부를 생각을 한다는 게 좀 레전드긴 하지 얼마나 못 배워 처 먹었으면 지 말에 남 기분 따윈 생각을 못하는 걸까 제목에도 라고 써 있잖아 물론 단어만 어 이 쓰고 친근하게 건네는 어르신들도 있지만 절대 다수의 저런 말투 쓰는 틀 딱들은 이후에도 같이 구는 게 사실인데 왜 일부 안 그런 경우 가져와서 아니라고 우기냐 어이 거 기 야 했을 때 뭐 요 했을 때 존 나 썽 내면 꼰대틀 딱임 배움이 없던 세대인데 이해해줘야지자네 말이야 이런 글 쓰면 화가 조 금 풀리나 현직 대학원생 임 학생 하고 불러주는 교수님이랑 야 라고 부르는 교수님 있는데 진짜 후자는 만날 때마다 뚝배기 깨고 싶음 학생 내가 인생 선배로 써 얘기하는 거야 잘 들어 저기 요도 인정해 줌어이이봐야 대답 와 요 어이까진 톤에 따라서 참을 만한데 야부 터는 시 비지 뭐 퍼센트는 맞는 말임어 이 거기 기본적으로 학생 총각 하는 어르신들은 안색에 선량함이 묻어나신다야야야야야야야 너 이리와 봐 왜 요돈 있냐 뜬금없이 생각난 노래 가사 베네르다스 아니요 없어요 베네르다스 거리의 시인들 빙 간호사한테 어르신들이 아가 씨라고 부르는 거 빡찬다는 거 생각나네 남자 특학생 아저씨 총각 이라 불러도 별 생각 안듦 여자 특아가 씨 아줌마라 부르면 발작 스위치 돌아온 펨붕씨 아줌마라 불러도 발작하는데 그럼 뭐라 불러야 하냐 어이 여자 이렇게 불러야 하나가려워 요 야이 씹년 아돌아온 펨붕씨 노인네들이 같은 간호사라도 남자는 선생님이라 불러놓고 여자한테는 아가 씨라 그러더라고 요양보호사한테는 더 그러고 학창 시절에도 모르는 쌤이 부를 때 야어 이 거리면서 부르면 걍 용 건 듣기도 전에 짜증 났음거르 긴 뭘 걸려 병신색기가 신의 공규 병신신의공 규 오늘 모친 상당함케바케라 생각함 호칭은 저래도 착한 인간이 있는 반면 학생 총각 이렇게 불러도 개꼰대 같은 인간도 있음어이 총각 이나 거기 학생은 네이트판에서는 총각 아가씨 이런 표현도 불쾌하다고 그러더라 어 이 젊은 친구 신사답게 행동해 그냥 선생님하는 게 제일 좋더라저기요 는 그냥 아재인가 소신 발언 본인 충청도 사람인데 경상도 아재들 정도 저렇게 부르는데 츤데레  많음 처음에 개쫄앗다 어 이 어 이가 없네 개시키가 어이 학생 얼마 전 알바하는데 어떤 어르신이 “야” “이거 좀 줘” “얼마야”해서 짜증 났는데 가실 때 용돈하라고 만 원 주셔서 최고의 손님으로 아저씨라고 부르면 듣는 아저씨 빡침야는 경험상 프로는 걸러야 할 사람이었음근데 이런 식으로 선입견 가지고 있는 게 틀 딱 꿈나무 어린 틀 딱 이 같음거기 저기 총각 저기 거기 학생 먼저 반 말까 고 어 이 부르면 퍼야 임마 거기 너 일루와 봐 시캬 언제 봤다고 단순히 나이 어리니 야 어 이 거리는 노친네들은 교양 없어 보이긴 하지 이런 노친네들은 모르는 거 가르쳐줘도 고맙단 인사 한 마디 안 하는 경우가 대다수였음 중반인 나도 중고딩들에게 말 걸 때 존대 하는데 역지사지를 몰라 총각하면 아저씨 생각 남봉고차에 실려 갈 듯 본인 친구 교회 조축 용병으로 꼽사리  끼는 데 야 야 거리던 아재가 야 마스크 야 안경 로 점점 선 넘겨서 걍 테니스 레슨이나 다시 배울까 생각 중 유튜브에 편의점 진상 브이로 그 보면 답나옴 기본적으로 반 말 탑재되 있음 거기 내 자리 어떤 할머니가 나 보고 삼촌이라고 하던 데 살인데 어이는 시 발 진짜 귀 때 기 때려도 정당화 할 정도에 단어인데
18,종이 만화 고 집하던 日 망가’ 위기  한국이 웹툰 접수,귀칼이 얼마나 흥행한 지 모르고 쓴 건가 웹툰이 잘나가긴 하지만 누가 보면 다 망한 줄 알겠음,귀칼이 얼마나 흥행한 지 모르고 쓴 건가 웹툰이 잘나가긴 하지만 누가 보면 다 망한 줄 알겠음 심지어 예시에 나오는 작품 다 국내 만화는 상대도 안 되는 판매부수 올린 대작들이 네 진지하게 슬램 덩크 하나로 웹툰 전부 씹압살 가능년 발표 기준 반다이 캐릭터 상품 매출 위 드래곤볼약 조천억 네이버 웹툰 매출 약 억 그냥 비교가 안됨 그리고 지금까지 일본이 웹툰에 관심이 별로였어서  그렇지 최근 급성장 중 임 그냥 서브컬쳐 산업으로는 일본 절대 못이 김 한 년 뒤면 모를 까드래곤볼 슬램덩 크 진격의 거인을 예시로 드네 씨 발 왜 쪽팔림은 우리의 몫이냐 댓글이 수정되었습니다 제네도 폰으로 만화다 보는데 웹툰이랑 차이가 있음 이 또한 의 위엄이지요 만화는 나 원블 최약체 블리치 선에서 싹 다 정리되지 않나 근데 저 말이 틀린 건 아니라고 할 수 있을 듯 만화는   한국이 점령이라고 안 쓰고 웹툰은 한국이 점령이라고 했으니 귀멸의 칼날 작가가 작품 한편으로 억 벌었다는 게시물을 최근에 본 거 같은데 드래곤볼 하나만 데려와도 웹툰 모가지 다 따이겠구만 뭔 웹툰 씨 발 보르노보렘 판타지가 주류인 웹툰이 뭐가 어쩌고 저째 주 작을 안하면 국뽕을 못해요 뭔 소리 여 하나한테 다따이면서 챙하다 든든하다 웹툰 정보 드래곤볼 한 해 매출이 조 억 이 다 팩트 일본 만화가 바른다진 격의 거인 드래곤볼 슬램덩 크 띄워놓고 웹툰은 한국 세상 진 격거 슬램덩 크 드래곤볼 다 비교도 안 되는 히트작인데 걍 일본 웹툰 시장이 개좆만한 건데 규모 좆만한 웹툰 시장 비중 좀 있다고 만화시장 점령한 거마냥 뽕 대단하다 아니 국뽕 존 나 부끄럽다 우리나라 웹툰 시장도 충분히 훌륭한 데 왜 비교도 안 될 만큼 거대한 시장에 자화자찬 해가며 비교 해서 자기체면을 깎아 먹는지 모르겠다 하난 웹툰보다 종이 만화가 더 보기 편한데 국뽕 기사는 좀 역겨움 그냥 막 써 제 낀 거 같음 한국은 베트남의 발전을 두려워 합니까 이런 게 가짜 뉴스 아니냐 아직도 드래곤 볼 원나블 존 나 돌려 봄 든든하다 귀칼은 애니가 살린 거 아닌가 박보영 원래 만화도 상위권에 잘 팔렸음 애니가 너무 히트라 그렇지 우암산 호카게 솔직히 판매량이 왔다 갔다 하고 기복 이 있어서 완전 성공한 만화라고 보기 힘듬 점프 상위권을 유지한 적이 있다는 것만으로도 대단 하나 만화 자체부터 가 성공한 다른 대작들과 비교했을 땐 한참 떨어짐 다만 애니의 성공이 말도 안된 수준 유포터블한테 절해야 하는 거 맞음 작가는 원작 다 봤는데 걍 다 뜯어 고쳤던 만 또 그놈의 국뽕슬램덩 크 드래곤볼은 좀 옛날 작품이라 쳐도 내가 잘 아는 건 아니긴 한데 최근 작품 당 장 생각나는 거만 해도 원펀맨 죠죠 귀멸의 칼날 생각나는데 흠아날로그 출판물에 대한 무시 발언으로 봐도 되겠지 등신들아 저딴 게 인터넷 뉴스가 아니라 까지 나오다니 방송사 수준 웹툰 시장성 높아져 발 옮기면 한국 웹툰 나가리인데 오히려 걱정을 해야지 오늘도 든든한 국밥 일본 만화도 온라인으로 하는데 당장 원펀맨 하나만 봐도 웹툰 압살 가능살인좌 만화도 웹 연재 병행임웹 툰 상대하는데 드래곤 볼까지 거론할 필요가 있냐 나루토만 가도 여유롭게 정리되는데 일본이 자국 특유의 갈라파고스 화 때문에 언젠가 넷플릭스 같은 메가 기가 웹툰 플랫폼이 생길 때 다른 나라들에 비해 뛰어드는 게 늦춰질까 하는 그 정도가 관건이지 지금 코리안 웹툰이 재팬망가 판매부수의 전체적 저하만 보고 행 회 돌리는 것은 이를 듯 드래곤 볼 슬램덩크는 년에 한 두 번 나올까 말까  한 작품인데 씨 발웹툰이라는 말 자체가 웃긴다니까 일본 만화하고 비교하면 진짜 보잘것없는 수준인데 걔 네가 뭐 이런 표현 쓴 적 있냐 어쩌고 하는 것들 전부 다 열 등 감 기성세대의 낡은 감각이 느껴 짐 일본 만화가 미국 마블 코믹스 개바르는 점유율 가지고 있는데 한 번도 망가가 미국을 쳐 발랐다 이런 기 사 쓰는 거 못 본 듯 웹툰 잘하고 있다 하면 되지 옆 나라 까 내리면서 비교하는  한국뉴스그니까 예를 들어 스팀 같은 거를 만들어서 일본 전자책 시장을 먹었다는 거 아녀 애새끼들 왜 케 발기하냐 무명 배우 뉴스 예시가 드래곤볼 슬램덩 크 진격의 거인 사진 자료 쓰니까 그렇겠지 드래곤볼 년 매출이 네이버 웹툰 매출 배인데 무명 배우 스팀 같은 것도 아님 일본 전자책 만화시장은 웹만화랑 어플 만화로 나뉘는데 그 중 어플 만화에서 선전하고 있다는 거임 심지근데 웹 만화가  어플 만화보다 배 정도 큼 웹 만화 쪽은 기존 아마존이나 라쿠텐야후 같은데가 꽉 잡고 있고 본문에 나온 드래곤볼 진격의 거인 이런 것도 다 웹 만화로 서비스되고 있음 좆격거는 강해효 선에서 정리된다국뽕도 지나치면 정신병 웹툰은 시간 때우기는 모르겠는데 단행본 파는 작품 클라스에 비비는 거 진짜 역대로 열개는 되려나 급식 새기들이 쩐 다 어쩐다 해서 보면 싱거운 거 많음 반일 국뽕은 킹 정이지 지난해 만화책 시장 규모는 약 조억 원으로 년 전보다 증가했습니다코로나로 집에 있는 시간이 늘면서 특수가 일어났다는 분석도 나옵니다 웹툰을 포함해 디지털 만화 시장 규모는 종이 만화보다 더 커져 조억 원에 달합니다 일본 웹툰 산업을 양분하는 업체는 픽코마와 라인망가 한국 업체들이 고 웹툰 중 절반 정도가 한국 작품입니다크로우즈 선에서 정리 귀멸의 칼 날이 아무리 코로나 때문에 영화 시장이 주춤했다고 해도 년 글로 절 박스오피스 위하고 지금 억달러 눈앞에 두고 있는데 일본은 두려움에 떨고 미국은 부러워하는 이런 유튭 뜨면 무저건 안봄 한국뉴스도 일본 뉴스 닮아가냐 추 한 건 꼭 똑같아서는 뉴스 제작진이 제일 좋아하는 건 일본 폭망 소식 키타 이러고 있네 웹툰 일본 출판만화 발끝도 못 미치는 거 가지고 뽕을 쳐 빨고 있네 요즘 웹 툰에서 흥하는 소재들 대부분 일본이 원조 아닌가 국뽕말 만 들으면 망가는 좆 망하고 웹툰이 전세계를 휩쓸고 있는 중 웹툰은 여주에 남자 둘 급식 세계 찐 따에서 인 싸 투툴 한국 새끼들 정신 나갔노 만화는 건들지 말아라 컹컹 웹툰 할 거 없을 때 설렁설렁 봄 일본 만화 각 잡고 정주행 중요한 거는 뉴스에서 저런 게 나오면 믿는 사람들이 생긴다는 거가 위험한 거 아무리 팩트를 들이 밀어도 안 믿음 나  뉴스에서 봤는데 벽이랑 대화하고 있음 아니 일본에 웹툰은 없어도 기존 만화 잡지에서 인터넷에 연재하는 것도 많더만 억지 억지국뽕 또 국뽕 시리즈네 근데 일본에 만화로 비비려는 건 너무 양심 없는 거 아니냐 만화로 일본을 이 길 생각을 하넼 그냥 으로 이긴다고 그걸로 국뽕이나 맞자 만화로 일본이랑 쳐 비비냐 존 나 검열만 쳐하는 개빨갱이 유사 정부 주제에 씨발 씹재앙 개새끼 가 이런 뉴스만 보면 우리나라는 짱 깨들이랑 다를 게 없어 보임 그냥 우리나라 전체가 극우적인 사상가지고 있는 것 같음 뭐만 하면 세계 강타 씹어 먹었다 하고 있으니 국뽕이 진화하면 극우가 되지 슬램덩 크 드래곤볼에 웹툰이 비빈다고 양심 빻았누 산업 키우고 싶으면 제발 규제 검열이나 하지 마시발 독자들이 알아서 판단하는 걸 왜 정부랑 사이트가 나서서 지랄 염병을 하는 거야 드래 곤볼은 최근 신작 나와서 존 나 잘 나가는데 무슨 드래곤볼 놔두고 한국 세상 이 지랄하고 자 빠졌네
19,강철부대 정밀 사보고 빡친 이근대위jpg,논란은 있었지만 군 관련 전문가라,논란은 있었지만 군 관련 전문가라 솔직히 군 관련해서는 이근 이지 묶어놓고 쏴도 총알 지 멋대로 튀는 가스총에 사격는 진짜 길 가는 사람 아무나 데려다 분만 가르치면 다 맞춤 변별력 없는 경기였다는 거 이근 볼 때마다 잡았슴돠 이 댓글만 존 나 생각나네슈발하라리 사격 돈 얼마 안듦 걍 거리 이동할 시간이 없었던 거 같은데 그럴 바에 저런 짓 안 하는 게 훨나 았을 듯 대깨근들 이제  슬슬 기어 나오네 커피 먹인 흙퉤지 이근의 범죄나 이력은 이글 논점이 아니지 전력 효율성이나 그가 전문가이냐 맞는 말을 하는 가로 따져야지 커피 먹인 흙퉤지 그러게 그립습니다 박군이 최고 다이근이 맞는 말한 거 빨아주면 대깨근 만드네 전문가인 걸 그렇게 인정하기가 싫냐고 된 황소뿔 대깨근 출몰 하천중학교 재밋나고 된 황소뿔 응 대깨근 뒤져 강철부대 근데 진짜 미션 종목 설계 처참하긴 하더라 에서  했던 국가가 부른 다 그게 훨 재밌음 눙력이 워낙 출중해서 인성이 평범 수준만 됐어도 더 급 이 커졌겠지 논란도 한두 개가 아니라 여러 개라 방송사에서 안고 가기엔 부담스러운 인물 임루기 아 유튜브에 걸 맞는 사람인 듯 특수부대원들 데려다 놓고 영점 사격 수준으로 경쟁시키면 뭐가 재밋는 거냐 논란 일으키기 싫은 거 알겠는데 그래도 방송인 만큼 자문이라도 구하지 그랬어 종종 실탄 사격장  가는데 은 지표 접지 겁나 큼 친구들이랑 술 마시고 사격장 보이면 군부 심부리면서 내기하는 거 국룰이 지 부산 같은 곳에 실탄 사격장 있던데 그런데 협찬이나 촬영 제공 받아서 하면 안 되나 왜 비비탄으로 저런 걸 입으로만 하지 말고 머니 게임 나와서 증명해 라레전드 글 비추줌 집단 퇴소 룰 이용하는 애들 있으면 할 수 있으면 해봐 사망하면 게임은 안 끝나니까 하면서 한 명씩 눈 마주쳐주면  퇴소 못할 듯 강철부대 미션도 이 상하고 밸런스도 제대로 못 맞추고 해병 수색대는 밸런스 맞추려면 병 출신 말고 간부 출신으로 섭외했어야지 아무리 특수부대원이러지만 병 출신이랑 직업군인은 그 갭 차이가 엄청 큰 데트래비스 스캇 걍 깔아주는 부대로 섭외한 거 같음마 속 운동이랑 관련 없는 삶 살고 나이도 되가는 오종혁을 젊은 사람들 사이에 끼워 넣고 글고 해병 수색은 특수부대들 사 이에 서 장비 좆구린 편이라 나 에 비해서 최신 과학화 전술에도 좀 뒤쳐졌을 듯 여튼 해병대도 병 위주의 특수부대 한계점을 느껴서 요즘은 간부 위주로 개편 중인데 시즌하면 제대로 밸런스 반영해서 했으면 트래비스 스캇 솔직히 섭 외할 거면 막 전역한 중사들만 뽑아서 실전처럼 점수제로 하는 거 보고 싶긴 함 각자 주 특기 반영되는 종목들 하나씩 베이스로 깔고 근데 막상 그렇게 하면 승부 욕 때문에 여럿 다칠 듯 트래비스 스캇 어느 정도 예능으로 봐야 함트래비스 스캇 그래도 최근 화에서는 그나마 미션 다운 미션 나오더라 대항군도 마네킹 아니라 사람이 나오고 그래도 특수부대 미션 치고는 밥 같긴 한데 그리고 사실 미션이나 밸런스보다 더 심각한 게 개 같은 편집이랑 연출 임 진짜 쌍 팔년도 예능식 무한 돌려보기에 쓰잘 데 기 없는 감동 코드 질질 끄는 전개까지 최악임  라이브로 보다 가 속 터져서 나중에 넷플로 초 건너뛰기로 보니깐 그나마 볼 만 함 트래비스 스캇 병 출신을 무시하는 건 아니지만 아무래도 전문성에서 다른 부대와 차이가 날 수밖에 없지 개병신 같았음 막타 개 웃기네 인형 시청률 잘 나와서 느낌상 시즌 도 할 거 같은데 그 땐 제발 국방부 지원도 좀 받아서 제대로 좀 했으면 좋겠음군 뽕 맞을 정도로 좀 오버해도 좋으니까 이근 좌 이미지  한순간에 나락 갔네 저건 맞지 친구들이랑 술 먹고 가 다가 실내 사격장 있으면 서로 군부 심 부리다가 차 내기 하고 바로 사격장 들어가자 너 콜브 만 발사 수 하면서 들어간 담에 만 발쏘면 쾌감 개쩜 아이스크림 안 얻어 먹어도 될 정도이 새끼 아직도 깝 치고 다니냐 이근 저 패션 개인적으로 마음에 듬 체격이 좋으면 잘 어울리는 듯 비비탄 쏘는 거 보고 웃었음 허접한 건 허 접한 건데 개인적으로 강철 부대 재밌게 보고 있음세상 좋아졌네 성추행범이 아는 척도 하고 마재윤 그거 남친의 일관된 주장 아님 그거 결과 어케 댬 최단 기 퇴물 이근이지만 멘탈 하나는 대단하다 진짜 저 사격 장면은 존 나 병신 같았음 실탄으로 해야 조준한 대로 날 라가지뭔 지 좆대로 날 라가는 비비탄 공기총을 쥐어주고 사격을 시켜 병사들끼리 하던 가 장교 부사관끼리만 모으던 가 적절히 섞어서 들 모으던가 하지 병사만 모아놓은 곳들도 있고 참 진짜 국방부 지원도 좀 받아서 밸런스 같은 거도 신경 써서 해줫으면 더 재밋을 듯 오읍 공군 나 같은데도 나오면 재밌을 듯 리얼 찐 사격 하지 저게 뭐냐 나도 저거 보면서 별로 다 이 생각함이 근은 싫어하지만 포빨이론 제격 시즌 부터는 더 잘하면 됨 이제 시작인데 아쉬움이 많긴 하지만 솔직히 재밌긴 함 이현암 그렇긴 한데 한 편으로 는 부대 종류도 그렇거니와 출연 가능한 인원도 생각보다는 꽤 한정적 일 듯 싶은데 매시즌 인원들 바꿔가며 방송을 하는 게 얼마나 가능할지 모르겠음 그렇다고 똑같은 인원 또는 비슷한 인원들로 새 시즌들 꾸려나가는 건 흥미가 떨어질 듯하고 쏭 카페 강철 부대라고 했지만 나중에는 일반 부대원들만 나올 수도 있고 나중에는 강철 부대 베스트도 될 수 있음 그냥 엉덩이 만 진 거  미안하다고 하면 이미지도 그래서 쿨남이었을 텐데 어쩌고 한 건 좀 추했음요샌 아무나 그냥 영상 올리고 당당 하단 말이야 참 세상 꺼꾸로 망해가는 것 같어 이근 저 영상은 좀 재밌더라 논란 다 재끼고 영상은 잘 만드는 듯 갚자 사나이 아직도 활동 잘 하나 보네비 내리는 오후 유튜브 겁나 잘나 감 비 내리는 오후 갚자 사나이 군머에서 영점 사격장에서 예비군 지휘관 권총으로 사격해봤는데 생 각 외로 잘 맞아서 놀라고 생각 외로 반동 심해서 놀람 암튼 는 가늠좌 가늠쇠 정렬만 할 줄 알면 다 맞출 듯 엉덩이 뭉치기 진짜 게시물과 다름 이야기지만 고영욱 범죄 안 저지르고 티비 나왔으면 이근 존 나 따라 했을 듯 영상 봤더니 웃기네 출신이었던 우리 지원대장님도 저런 거 개 싫어하던데 민간인 데리고 저딴 거 찍냐고 나라를 위해 희생하는 자기 후임들 얼굴에 먹칠하지 말라고 신민 아 오 현재 군인이 심곽철 용의 순정 예전에 전역함 지원대장님도 전역하신 분이고 이근이 강철부대는 그냥 예능으로 봐라 했는데 뭐지 왱 챙 그건 참가자들끼리 빚는 갈등이나 서로 기 싸움 하는 부분에 대한 이야기고 위에서 말하는 건 서로 승리와 패배가 나뉘는 자존심 걸린 대결을 말하는 거고 양궁 선수들 데려다가 얇은 플라스틱 막대 장난감 활로 대결하는 꼬라지 기대하는 건 아 니잖아 존 나 한심한 미션들밖에 없어서 보다 포기함 뭔 전술 미션 같은 것도 없이 부터 까지 다 체력 미션이 고 대항군 방어군 해서 실내 실 외 서바이벌 게임하는 것도 없고 각 특수부대 특성 무시하고 그냥 누가 누가 체력쎄나 게임 많은 사람들이 기대하는 바와 같이 특수부대라는 이름에 걸 맞는 제대로 된 대결을 연출하기에는 어떤 점 때문에 어려움이 있었던 건지 참 궁금함   국내에는 마땅한 장소가 없다 국내 사 정상 실제 장비들을 구하기가 어렵다 번 모두 하려면 할 수는 있으나 제작비가 너무 많이 든 다 제작비와 별개로 보안상 방송으로 보여주기에는 애초에 한계가 있는 내용들이 많다 출연자들은 엄연히 전역자들 일 뿐 현역이 아니 기 때문에 완전히 전문적으로 대결을 펼치기에는 무리가 있다 부대 간 특성이 상이하므로 너무  전문성 있게 대결하면 매 종목별 형평성이 크게 떨어진 다 너무 전문적으로 대결을 하면 예능이 아닌 다큐가 되어 방송이 재미가 없어진다 너무 전문적으로 대결을 하면 출연자들이 부담을 크게 느껴 과열되기 십상이거나 애초에 섭 외부터 어려울 수 있다쏭 카페 그래도 기왕 하는 거면 본격적으로 했으면 좋겠는데 이번 강철 부대는 심지어 예전에 있었던 국가가 부른다 보다 도 전문성과 흥미 요소가 떨어진다는 얘기가 많을 정도 임 그나마 요즘에는 특수 부대 출신 유튜버들이 많아서 강철 부대 리뷰 영상을 통해 이들 얘기를 같이 들어볼 수 있다는 거에 만족하고 있음 어찌됐든 첫 시도였고 시즌가 있다면 더 잘하겠지 뭔 개헛 소리하냐 해서 봤더만 의 외로 설득되고 맞는 말인 거 같아서 잘 보고 닥치고 나옴 난 잼 있는데 저 프로가 군인 비하라는 생각  도 안 듬강철 부대 기획 자체는 좋았는데 제작진 역량 부족인지 허가를 못 받은 건지 각 부대 특기 특성도 제대로 못 살리고 체력전 체력 전 체력 전 의미 없는 참 호격투이 딴 거 계속하는 거 보고 하차함 건물 진압 작전이면 몰라도 대 놓고 사거리 사격인데 너무 가깝다는 말 나도 저거 때문에 강철 부대 보다 말 음 최정예 부대원들 데려다 놓고 하는 게 탄 사격 임 장난 까나 병신 새끼들 군장도 딱 봐도 무게  저무게 아닌데 킬로라고 개 구라를 치지 않나 같은 프로그램 임 그냥 출연자들만 불쌍비비탄으로 할 거면 저걸 왜 하는지 특수부대 데려다 놓고 하는 게 참 호격투 비비탄 사격 체력전밖에 없어서 공익 출신 김종국 강호동이 다쳐 바르겠던데붐 붐붐 붐 진짜 총 안 쓸거면 그냥 단 검 이나 표창 같은 거 투척을 하지 실탄이면 허가 문제 때 매 저거로 한 거 같긴 한데 넘 갑자기 엿음
