제목,본문
엔시티 태용 춤이 우스꽝스러워 보이는 이유,팔다리 기괴하게 짧음 소인 댄스처럼 저거도 깔창 십센티깐거임 얼굴은 또 개크고 파닥 댐스우파 심사 왜보냐 맨 오른쪽 기 괴남도 태용노제 리정 허니제이
스우파 코카앤버터 제트썬 생긴 거 완전,코카앤버터 제트썬 생긴 거 완전 아빠 어디가 이조녁 아들 준수 닮음 웃을 때 존 똑 스우파 볼 때마다 계속 준수 생각나서 부랴부랴 사진 긁어모아왔음 글고 제트썬 피부 너무 좋음 완전 찐달걀 같어 언니 너무 멋있고 귀엽고 사랑해
방탄 이번에 월클인 거 체감이 된 게,개인적으로 콜드 플레이랑 이번에 콜라보하는 거임 그것도 크리스 마틴이 이 시국에 굳이 한국에 와서 자 가 격리까지 주 동안 감당한 것도 뭐 그래미 본상에 노미되었다 올 스타디움 투어를 다닌 다 핫 백 위했다 미국 시상식에서 본상 수상했다 체감된 건 많았는데 너무 스케일이 커서 실감이 안 났는지 그냥 아 그렇구나 이 정도의 감상이었는데 콜드 플레이 측에서 먼저 방탄한 테 콜라보 요청했다는 거 보고 얘네가 이 정도였구나 싶더라 사실 콜드플레이 자체도 그래미 수상자에 스타디움 투어도 했고 음악 커리어도 대박인 한마디로 이미 레전드 밴드인데 이번에 협업한 거 보고 이 미 내가 상상한 이상으로 쟤 네 입지는 커진 거란 걸 알게 된 거 같음
공항 커플룩 이래,아 진짜 개기여워 소년단 헐 톡선 갔네 방탄 오늘 미국 뉴욕으로 유엔 연설 하러 가는데 호비랑 진이 공항패션으로 커플룩 입었다고 올린 사진이야 얼마 전에 대통령 특별사절단으로 임명되고 외교관 여권 받았을 때 이건 년에 유엔 연설하러 가서 찍은 사진
방탄 출국했다,잘 가다와 애기 드라
살빼기 전후,내가 이런 글을 쓰게 되는 날이 오다니 살 키로 감량 전 후 사진이 야난 차이 없다고 생각했는데 사진 보니까 좀 차이가 있네 지금도 진행 중이고 관리 중 이야내가 살면서 다이어트를 성공하다니 머엉근데 성공한 기분도 아니다 내가 생각하기엔 별로 많이 안 뺀 것 같고 티도 안 나는 것 같아 다이어트 방법은 건강식으로 일 식톡선 뭐야 쩐 다 고마어
선진국의 휠체어 그네,유럽 전역에는 이미 저런 시설들이 많대 요주로 어린 나이의 장애인들을 위한 거라네요
스우파 리수 학폭,학폭 아니라는 데리수 웨이비 스우파 학폭
오 이 패션 신박한 데,마스크 위에 천 마스크
의외로 인 것,
방탄 오늘 저녁에 출국한다네,기사에 써 있으
역대 가온 차트 연간 앨범 매출  ,년위 소녀시대 만 장위 슈퍼주니어 만 장 슈퍼주니어 합산위 만 장위 샤이니 만 장 위 비스트 만 장 위 빅뱅 만 장태양 솔로 유닛 합산위 동방신기 만 장위 카라 만 장위 만 장위 만 장년위 소녀시대 만 장위 슈퍼주니어 만 장 슈퍼주니어 유닛 합산위 동방신기 만 장위 빅뱅 만 장 유닛지드래곤 솔로 승리 솔로 합산위 만 장위 비스트 만 장위 김현중 만 장위  씨엔블루 만 장 위 인피니트 만 장 위 아이유 만 장년 위 빅뱅 만 장 유닛 지드래곤 솔로 합산위 슈퍼주니어 만 장 슈퍼주니어 슈퍼주니어 유닛 합산위 동방신기 만 장위 인피니트 만 장성규 솔로 합산위 소녀시대 만 장태티서유닛 합산위 샤이니 만 장위 엑소 만 장위 비스트 만 장양요섭 솔로 합산위 비원에 이포 만 장 위 김준수 만 장년위 엑소 만 장위 샤이니 만 장위 인 피니트 만 장인 피니트 유닛 성규 솔로 합산위 빅뱅 만 장 지드래곤 솔로 승리 솔로 탑 솔로 합산위 김재중 만 장위 소녀시대 만 장태티서유닛 합산위 빅스 만 장 위 조용필 만 장위 비에이피 만 장위 씨엔블루 만 장년위 엑소 만 장 위 슈퍼주니어 만 장규현 솔로 슈퍼주니어 유닛 합산위 동방신기 만 장위 인피니트 만 장인피니트 유닛 합산위 소녀시대 만 장위 방탄소 년단 만 장 위 빅스 만 장 위 만 장재 중 솔로 합산위 비스트 만 장위 갓 세븐 만 장년위 엑소 만 장위 방탄소년단 만 장위 빅뱅 만 장위 소녀시대 만 장태연 솔로 태티서 유닛 합산위 슈퍼주니어 만 장 유닛 규현 솔로 합산위 샤이니 만 장종현 솔로 태민 솔로 합산위 빅스 만 장 유닛 합산위 인피니트 만 장인피니트 유닛 성규 솔로 합산위 갓 세븐 만 장위 씨엔블 루 만 장정용 화 솔로 합산년 위 엑소 만 장 첸백시 유닛 레이 솔로 합산위 방탄소년단 만 장위 트와이스 만 장 위 세븐틴 만 장 위 샤이니 만 장종현 솔로 태민 솔로 합산위 갓 세븐 만 장위 빅스 만 장 위 아이오아이 만 장위 인피니트 만 장우현 솔로 합산위 업 텐션 만 장년위 방탄소년단 만 장위 엑소 만 장위 워너원 만 장위 트와이스 만 장 위 세븐틴 만 장 위 갓세 븐 만 장 위 소녀시대 만 장태연 솔로 합산위 만 장 유닛 드림 유닛 합산위 몬스타 엑스 만 장 위 뉴이스트 만 장년위 방탄소년단 만 장위 엑소 만 장 첸백시 유닛 합산위 워너원 만 장위 트와이스 만 장 위 만 장 유닛 드림 유닛 합산위 샤이니 만 장종현 솔로 태민 솔로 키 솔로 온유 솔로 합산위 갓 세븐 만 장위 세븐틴 만 장 위 뉴이스트 만 장위 몬스타엑스  만 장년 위 방탄소년단 만 장위 엑소 만 장백현 솔로 세훈찬열 유닛 합산위 세븐틴 만 장위 트와이스 만 장 위 갓 세븐 장저스 투 유닛 합산위 만 장 유닛 드림 유닛 합산위 엑스원 만 장위 슈퍼주니어 만 장 유닛 규현 솔로 예성 솔로 합산위 강다니엘 만 장위 몬스타 엑스 만 장년위 방탄소년단 만 장위 만 장 유닛 드림 유닛 합산위 세븐틴 만 장 위 블랙 핑크 만  장위 아이즈원 만 장 위 트와이스 만 장 위 김호중 만 장위 백현 만 장위 투모로우 바이 투게더 만 장위 갓 세븐 만 장
아버지가 아들에게 선물한 지갑,
블핑 로 제 사복 모음  뉴욕,뉴욕 시간 기준일출국일 피팅 데이 일 멧갈라 애프터 파티 일 포토 슛 일 생로랑 플래그십 브로드웨이 뮤지컬 일 티파니앤코 본사 미술관 일 소호일 출국
마크 아파,마크 요즘 많이 아파 엔시티 체제 때문에 유닛 여기저기 속해 있어서 활동 많이 하느라 힘들다는 얘기 들었던 거 같은데 진짜 뭔가 전보다 지친 느낌이라 맘이 안 좋네 근데 그와중에 툭툭 던지는 말들이 다 정하고 배려 심 많은 건 여전해서 더 안 쓰러워
강아지를 뺑소니범이 치고 도망갔어요,안녕하세요 너무 속상하고 분한 마음에 제가 할 수 있는 일은 이곳에 글이라도 올려서 많은 사람들에게 알리고자 글 올려봅니다일단 자전거 뺑소니범은 도망간 즉시 에 신고하고 접수가 된 상태입니다 토요일 오후 강아지와 산책을 하던 도중 전방으로 쌩쌩 오던 자전거가 저희 강아지 위로 올라타고 지나갔습니다 강아지는 놀란 상태로 얼음 되어 온 몸 부들 부들 떨고 있는 상태 여서 강아지가 너무나 걱정이었어요 저는 놀라서 비명 소리와 함께 강아지가 다친 곳 없는지 먼저 살펴보았고 강아지를 안아서 일단 자전거에서 빼내던 도 중 자전거 탄 대 중후반 되 보이는 뺑소니범이 갑자기 저보고 잘 보고 다녀 반말 하면서 이 거 아주 미 친년이 네 라고 하더군 요 뒤에서 오는 자전거 아니었고 전방으로 오던 자전거 였습니다 제 강아지가 갑자기 튀어나온 것도  아니었고요 산책로 길이 가로로 넓은 길이 아니라서 자전거와 사람 반려견이 정면으로 서로 마주치면 자전거가 속도를 줄이고 사람이 한 쪽 길로 붙든 해야 해요 그래야 안전하게 지나칠 수 있는 거리에 요 그러나 자전거 뺑소니범은 속도를 줄이 지도 주의를 주지도 않았고 그대로 강아지를 치어버렸죠강 아지 살펴보는데 태어나서 현실 쌍욕은 처음 들어봅니다 순간 귀를 의심했는데 저 역 시 욕 받을 상황 아니라 생각 들어서 같이 욕 해줬고 에 신고 하려고 핸드폰 드니 엄청 위험할 정도로 쌩쌩 자전거 타고 달려 도망 가더라고 요민트색 밝은 하늘색 자전거 탔고 안경 썼고요 대낮이어도 산책로가 한적했습니다제가 여자 고 체 구도 작고 그랬으니 본인이 강아지를 치고도 당당하게 욕부터 하고 제가 신고 할 기미를 보이니 아주 재 빠르게 도망치듯 달아나서 잡을 수가 없었 네요 덩치 큰 남자였어도 욕했을까요 전 아니라고 봐요 너무 억울 속상해요 정말 순식 간 일어난 일이고 강아지가 있어서 뛰기도 어려웠네요 그게 너무 너무 아쉽네요 뭐라도 증거 남겨야 될 것 같아서 정신 차리고 황급히 달아나는 뒷모습 밖엔 찍지 못했습니다 위 사진 사건이 일어난 장소는 고양시 원흥역 번 출구 옆쪽 창릉천 산책로이구요 억울하고 분한 마음에 이곳에라도 글 올려서 마음 을 조금 진정시켜 보려 해요 강아지와 산책도중 줄 했어요 봉 변당한 기분이에요강아지도 저도 자전거 트라우마 생길 거 같구요 이상한 사람 상상 이상의 돌아이가 많은 세상이지만 진짜 진짜 나쁜 놈이라며 본인도 강아지 키우는데 너무 화가 난다면서 꼭 잡도록 노력해주겠다던 담당 형사님의 말에 그래도 조금은 마음이 진정되었네요이 글이 베스트 글 되어서 도 주범이 알게 되거나 그  주위 측근 지인들이 알게 되거나 일말의 양심의 가책을 느끼거나 했으면 하는 마음이에요 읽어주셔서 감사합니다
에이티즈 리더 아가썰,너무 자연스럽게 멤버들 무릎에 누워 있기 에이티즈 리더인데 귀여워 김홍중 개월 맞네기지 개 피는 아가 시간 남으면 한 번 보기 ❤
근데 방탄도 좋았을 것 같음,오랜만에 사람들 저렇게 많이 본 거 아니냐 본인들 홈마도 보였을 건데 좋았을 것 같어
여자  컵만 되도 엄청 불편하지 않음,내가 그런데 진짜 없이 살아보고 싶음 너넨 뭐가 나음 작은 게 낫다 추 큰 게 좋다 반틴트 뷰티 화장 유투버 뷰투버
오징어 게임 다 봤는데,이정재 캐릭터 이 해안가 네 결말도 헛 웃음 나옴 같아
와 이것봐 리 정 돈 개 많이 벌듯,트와이스는 걍 리정이 다 만들었는데 그리고 리 정 워크샵은 빡센축에 속하는 데도 열면 다 매진이라 거진 티켓팅 수준 이래 이제 와쥐 전담 안무가니까 돈 더 벌듯 내가 전담 안무가라고 한 건 리정이 들어간 뒤로 리 사전소 미제니 솔로리믹스 아이콘 킹덤 무대 등 안 무 거의 다 맡길래 이 말 한 거야 외부가수들이랑 도 작업 하는 거 당근 알지이
에이티즈 세계관 붕괴,나 진짜 스우파 너무 재밌게 보고 있었는데 사실 에이티즈 투표할 때 허니제이랑 노제 나와서 넘넘 조았당 그리고 노노카짱도 귀여웠어 그리고 정우영 아나운서님을 만난 정우영 다들 감사해요 ❤
슈가 겁나 좋아하는 기자들 ,제이홉 슈가 제이홉 알엠 뷔 알엠 슈가
지원 없는 결혼 예단 예물 문의,얘기 보탤께 요 누가 봐줄지는 모르겠지만 그 후로 저희 엄마 저희 집에 식사하러 다녀가셨고 엄마 가시면서 저에게 예단은 엄마가 한 다 그리고 신랑 양복도 엄마가 해줄 꺼다 예단 엄마가 한다는 소리는 아무한테도 하지 마라너는 너 예쁘게 하는 거 만 신경 써라 말하고 가셨어요 엄마를 생각하면 참 이 결혼 깨기 힘들단 생각이 들 더이다 그래도 제가 확신이 들면 깰 수도 있죠 전 결심했어요드 리고 예랑에게 말했어요 제가 다 양보하겠다 했고 예랑이 주장하는 용돈 등의 문제 그렇지만 아이가 생기거나 우리 대출이 생겨 지출이 커질 땐 명절 등 용돈은 늘어나거나 줄어들 수 있는 거에 대해 내가 주장할 수 있다 라고 말했는데 싫데요 그런 얘기하는 제가 싫데요 한참을 울었네요 그래서 제가 그랬어요 나는 그 용돈의 문제가 아니라 니가 마음의 짐을 안고 시작하는 게 더  싫다 돌아가실 때까지 생활비 계산해서 그게 몇 억이든 다 드리고 와라 그랬더니 이 파트 드리고 오겠데요 그래서 그래 그래라 드리고 와라 했어요 과연 받으실 분들인 지 지켜보려고요 까놓고 얘기해서 이런 결혼자신의 여동생 혹은 누나라면 찬성 하나 요 댓글 읽고 새벽까지 잠 못 이루며 고민되는 밤 제가 쓴 글도 질문도 머 그렇지만 결국 남자가 얼마를 더 해왔으니 시댁에 그 정도 해야 한 다근데 그게 과 연 정당한 가 아닌가 그런 문제인지 결혼이라는 게 씁쓸하네요 만약 예랑이나 예비 시 부모님이 제가 더 적게 가져오는 것에 대해 불만이 있다면 전 여기서 그만두려 합니다 부 모든 자식이든 생각이 있으면 서로의 능력에 기 대기 않는 게 정상이라고 생각해요 전제가 부모님께 보답하는 것은 순수하게 제가 마음이 가서 해야 하는 것이지 강요에 의해 하고 싶지 않네요맨날  주는 것만 하는 것도 하루 이틀이지 이게 장난도 아니고 꼬박 용돈 드리고 다른 거 다 챙겨드리는데 나는 같이 살아도 머 하나 선물 받은 적도 없다 바랄이 유도 없지만 맨날 줘야만 한다고 하니까 짜증은 나네 요저도 참 여자가 사회생활 하기 힘든 시절을 지내왔고 많은 여자들이 그래서 취집도 하죠 아니 근데 왜 부모에게 용돈 주는 걸 강요하면서 결혼을 해 말이 돼 나 이게 부모님한테 마 음의 빚 있으면 갚고 와야지 왜 나한테 강요를 하지 백 번을 생각해도 정말 모르겠습니다 내가 정말 이상한 이기적인 년인지 생각보다 정말 많은 댓글이 달렸네요 감사합니다 댓글을 읽고 답하고 하다 보니 글을 더 첨가해야 겠다는 생각이 들더라구요 남자가 돈을 훨씬 많이 해오는데 이 머가 아깝냐는 그 말 맞습니다 예비 시댁 그렇게 사는 거 이제 알았냐 그 말은 조금 틀립니 다 이제  알 수도 있죠 노처녀로 늙어 죽는 게 좋냐 그 말도 틀려요노처녀로 늙어 죽는 게 결혼 생활보다 불행하다 는 고정관념입니다 둘이 가 더 행복하기도 하지만 지옥을 쉽게 맛보는데 대한민국 결혼 관습이 죠저는 예랑이 가지고 있는 아파트 가격에 대해 안지 얼마 되지 않았습니다 물론 예전에 샀다는 말은 들은 적 있죠 예랑은 연애 시작 때 저에게 그걸 자랑하고 싶었겠지만 저는 관심이 없었 습니다 제가 그렇게 살아오던 사람이었습니다 의아하시겠지만 세상엔 그런 사람도 있습니다 저희가 처음 동거할 때 결혼을 전제로 시작하진 않았습니다 그래서 그 아파트는 그저 남친의 것이었기에 저는 관심을 가질 이유도 없았습니다 당장 우리가 집을 얻고 같이 벌어 모아서 더 좋은 집으로 이사가는 게 목표였거든요 저희는 함께 미래를 성계했지만 결혼하자 는 약속으로 시작 하진 않았습니다 저는 부담주고 싶지 않았고 확신도 없었습니다 그렇게 시간이 흘러 이제는 결혼이 필요하고 해도 되겠다는 확신이 들었고 저는 프로포즈를 받고 코로나 시국으로 인해 일 년을 그냥 보냈습니다 그러면서 앞으로 우리의 것이 될 아파트 가격과 거기에 남친이 얼마 투자했는지 등 등을 자세히 알게 되었습니다 제가 남친에게 너 정말 대단하다 내가 더 많이 벌어서  너 하고 싶은 일 하게 해줄께 라고 얘기도 했고 진심이었습니다 저는 가진 게 많지 않아 미 안하기도 해서 헤어 지잔 말을 한 적도 있습니다 지금 제가 일을 안하고 있는 건 아파서 이기도 하지만 앞으로 함께 다시 시작할 일을 준비하고 있기도 합니다 그리고 다른 하는 일이 있습니다 함께 동의 하에 언제든지 돈이 필요하면 제가 다시 일하겠다 했고 그리고 언제든지 일하기  싫으면 남친에게 일하지 말라고 했습니다 저희가 합의하고 많은 얘기를 통해 미래를 준비하는 중입니다 예랑은 조기 은퇴를 꿈꾸고 우리는 전원 생활이 목표이며 저는 그 목표에 맞게 제 삶을 바꿔가고 있습니다 그리고 저는 예랑에게 그 아파트를 팔아서 부모님 게 어느 정도 드리자 라는 말도 몇 번 했습니다 저는 지금 당장 그 억 없어도 살지만 앞으로 평생 지게 될 마음의  짐이 더 싫었기 때문입니 다 젊을 때 안 먹고 안 쓰고 모으며 투자한 예랑 덕분에 제가 호강 하게 되는 것 감사하게 생각합니다 하지만 모든 것이 예랑 덕분은 아닙니다 저는 그 억 제가 갚을 생각입니다 예랑에게 말은 아직 안했지만 요어쨌거나 제가 걱정하는 것은 예랑 저와 동거 시작할 때 예랑 앞으로 되어 있는 준 중형차가 있었는데 제가 부모님 드리고 오라고 했습니다 저희는  제가 가지고 있던 소형차 쓰고 있습니다 예랑이 부모님 용돈 드려야 한다고 해서 꼬박 드리고 이벤트 챙기고 심지어 제가 돈이 생기면 가전도 사드렸습니다 사실 그런 것들이 제 마음에 걸린 적은 없었습니다 저희 벌이가 좋은 편이었고 제가 상관할 일 아니라고 생각했습니다 근데 결혼을 생각하고 준비하면서 예비 시 부모에 대해 더 자세히 물어보게 되었고 알게 된 것입니 다시 어머니가 일을 하규 계시다 그만두었고 저는 예랑에게 아버지는 앞으로 일 안 하시냐 고 물어보기도 했습니다 할 생각 없다고 하더라구요 전 그때부터 사실 막막해졌습니다 시부모님들 매주 월욜마다 차 끌고 놀러 가신다고 합니다 갈비 같은 것을 엄청 많이 사서 저희 한테 보내시도 하시고 저는 사실 의아했습니다 버는 돈이 없이 연금으로 믄 생활하신다고 들었는데 준 중형차 유지하 며 놀러 다니실 돈이 있은 지 말이 죠 저희 엄마는 이래저래 노후 준비 되어 계시고 얼마 전까지 받던 월급이 있았고 앞으로 집 걱정 같은 건 없습니다 근데 저희 엄마도 엄청 짠쑨이입니다 택시도 잘 타지 않으십니 다 이런 사실들을 알고도 전 별로 걱정한 적은 사실 없었습니다 전 예랑에게 늘 나는 부모님의 남은 삶을 책임질 수 없다 라는 의사를 정확하게 전달했고 예랑도 그저 잘 버니 용돈을 그리는 것일 뿐 못 벌면 또 그땐 안 드릴 거라고 했기 때문입니다 그런데 저는 그 분들을 만나 뵌 적도 있고 해서 마음 속의 의심이 사라지 지 않은 상태였습니다 왜냐면 예랑 친형이 있는데 그 형이 시 부모님에게 이런 집에 어떻게 여자를 데려와 라고 하며 화낸 적이 있다는 얘길 들었기 때문입니 다 착하신 분들입니다 나쁘신 분들 아닙니다 저에게 헤꼬지 하시는 분들도  아닙니다 시아버지 만나면 듣기 싫은 소리 좀 하시긴 하지만 그 정도 괜찮습니다 근데 결혼 준비 시작하면서 이번 사건이 터진 거죠 저희 엄마는 저에게 엄마는 천만원 정도 쓸 생각하고 있 말씀하셨습니다 저는 엄마가 돈 쓰시는 거 원치 않지만 엄마는 그렇게 해야 마음이 편하실 거라서 쓰지 말라 하지 않았습니다 그런데 예랑이 상견례 날짜 물어보러 시 부모님께 갔는데 예단  얘길 하신 거죠 어디에 얼마 어디에 얼마 정도 생각한 다 라고요 그 정도만 하고 다른 건 안해도 된다고 하셨다고 하더라구요 전 그 얘길 듣고 머리가 띵 했습니다 두 분 벌이도 없고 어떻게 사는 지 다 아는데 친척들에게 내세우긴 하고 싶으신 거구나 그것도 받을 돈으로 저 만났을 때도 자신 아들 아파트 있는 것만 계속 자랑하시더라구 요 저는 그때 속으로 생각했어요 근데 거기  억 있어야 들어가는데 억이 누구 애 이름인 가 라고 말이죠 제가 걱정하는 것은 하나 입니다 지금 드려도 됩니다 아니 드려도 됩니다 아니 억 드려도 됩니다 근데 이게 끝이 아닐꺼란 여자의 직감이 느껴집니다 당연하게 생각하는 것설마나 아들 잘 키웠으니 일 안 해도 된다고 생각하시는 건 아니겠죠 그 아들 직업 안정적이지 않습니다 프리랜서고요 그 아들 년 뒤에 조기 은퇴  하고 싶어 합니다 부모님들이 그 사실을 아 실까요 절대 모릅니다그 아들도 자신의 부모에 대해 모릅니다제가 예민한 걸 수 있죠 하지만 주변에서 너무 많이 봤습니다 아들뒀다고 갑질하는 시댁이 요저는 돈 필요 없고 그 갑질도 안 받고 싶습니다 예랑에게 마음의 빚이 있으면 그게 얼마가 됐든 다 드리고 와라 아니면 지금 우리에게 목돈이 없으니 나중에 아파트 팔면 억이고  억이고 드리자 했는데 싫데요 그건 또 싫은가봐요 돈 욕심 많은 사람이라 저희 엄마는 현금 예단 엄마가 한 다사위 선물 두 엄마가 한다 하시네요 진짜 이게 예랑과 저의 재산 차이 때문에 그래서 시 댁을 바라기만 해도 되고 나는 주는 게 맞다 인가요 그게 맞다면 전 그런 결혼 사실 안 하고 싶어요 그게 진심이예요 어떤 분은 그래도 지금 너의 삶보다 나아지는 것 아니냐 하시는데 네 맞 죠 근데 인생 살아보셔서 들 아시잖아요한치 앞도 모르죠 그게 진짜 나을지 아닐지는 가 봐야 아는 겁니다 그 아파트 하나로 내 인생 달라진다 생각하는 그렇게 능력 없고 인생 경험 없는 제가 아닙니다 능력이 없어 취집이 목표인 여자도 아니구요 그냥 지금 예랑 만나서 많이 싸우기도 했지만 많이 감사하고 지금은 마음이 너무 아프네요 내 자신도 싫고 남자 아무리 괜찮아도 시 부모 갑마 인드에 효자인 아들이면 그런 게 다 말짱 도루묵인 거 알기 때문에 여기까지 와서 이러고 있는 거예요 안녕하세요 고민 고민 끝에 여기에 물어보러 오게 됐네요 예랑이 아파트 평대 하나 있어요 예랑이 총각 때 억투자했구요 현재 전세 억 있어서 결혼 후 내년에 아파트 들어가면 억 대출받아서 같이 갚아가야 하는 상황이구요 현재는 예랑 돈으로 보증금 내고 월세집 구해서 미리 같이 살고 있구요  같이 살면서 필요한 것들은 당연히 합친 돈으로 샀구요 혹은 제가 투자해서 번 돈으로 많이 샀어요 서로 재산은 이미 합쳤고 예랑 예신 월급 만원 정도 차이 나 고예랑이 더 많음 지금은 잠시 예신 다른 일 준비 중이라 예랑이 외벌이중이고요예신에게는 억 천 정도 있습니다 이 돈은 예랑과 함께 의 논해서 투자 시드머니로 계속 남겨두기로 함우리는 사실 결혼식이 필요 없지만 부모님 을 위해서 간소하게 결혼식을 올리기로 했는데 요 저희끼리는 당연히 부모님 지원 도 안 받을 생각이었고 양쪽 부모님 다 원도 지원해 주실 능력 없기도 하고요 양쪽 다 현재 수입이 없으시고 연급으로 살아가세요 그래서 결혼식도 그냥 간소하게 할 생각이었습니다 저는 연애 중에 투자금으로 번 돈으로 양쪽 부모님에게 약 씩 선물 해 드린 적이 있어요 그리고 같이 산 이후로 매달  용돈과 명절 생일 등 꼭 챙기고 있고요한마디로 저희 예랑 예신을 흙수저입니다 물론 지금껏 키워주셨기에 감사하지만 물려받을 건 없고 앞으로 더 잘 벌어서 보태드려야 하는 사정입니다 저희가 재산을 합쳤을 때 당연히 예랑이 재산이 더 많아요 그러나 둘 다 부모님에게 지원 받은 건 없어요 질문 드릴 것은 이제 막 상견례 날짜를 정하고 있는 중인데요 갑작 기 예비 시아버지가 예랑이 한테  예단은 정도 받으려고 생각하고 있다고 말씀하셨다고 합니다 그래서 제가 예랑이에게 물었습니다 우리 그럼 예물 예단 이런 거 하는 건가 그러니까 아니랍니다 그러니까 부모님들은 저희 결혼식에 한 푼 쓰는 거 없고 저희가 그 단비를 드리는 게 되는 겁니다 저는 이 생각에 동의하지 않습니다 저희는 지금 내년에 아파트 들어가는데 져야 하는 빚 억과 인테리어 이사 비용 등 등을 마련하느라  매일매일 돈을 더 벌 궁리와 공부를 하고 있습니다 그래서 사실 결혼식에 돈 쓰는 것도 아까운 상태입니다제가 이기적인 생각을 하는 것일까요 예랑이가 더 많은 돈을 가지고 결혼하는 것은 맞지만 우리는 부모님께 지원 받은 재산이 없습니다 그리고 꼬박꼬박 용돈도 드립니다 근데 라는 돈을 너무 쉽게 말씀하시는 것에 사실 실망하였습니다 예랑 부모님은 대 고 두 분 다 현재 무 직이시고 임대아파트 살 정도로 가난하십니다 앞으로의 결혼 생활이 걱정이 되기도 합니다제가 이 기적인 생각인가요 앞으로 원망 듣지 않기 위해 그냥 원하는 대로 드리는 게 맞나요저는 아무것도 받는 거 없이요
나 다리 이쁘지,반대 좀 그만 눌러
노제 사랑니 진짜 ,넘 사랑스러움 이게 머임
아빠 혹시 전 입양아인가요,
새끼발가락 빡치는 점,
이 남성걍 슈스 다 누가 봐도 슈스다,오빠 사랑해
남자들이 죽어도 모르는 생리의 고통,군대보다 훨씬 힘듦
오징어 게임 절대 보지마,번 노인이 게임 만든 범인 이 정재 마지막 살아남 음대장은 이 병헌 경찰 형
권모술수가 난무하는 가족 단톡방,밑에 분이 앞부분만 올리셔서
진심이었던 체험 삶의 현장이거 알면 아재,
연 끊은 시댁과의 문제,이혼 사유에 해당하는 남편 잘못 여자 관련 문제 임신 기간 포함 일상생활 막말 육아에 전혀 참여 없음 등을 계기로 시 어머니와도 관계가 악화되어 제 자식 감싸기로 인해 제게 상처받는 언행을 하심 연 끊고 지낸 지 좀 되었습니다 남편하고 시댁한테 오랜 시간 너무 상처받았고 이혼 직전까지 갔었고 지금은 시댁과 절연하고 그나마 안 보고 살면서 제 마음을 추스리고 있던 중입니다 절연  하기 전까지 만 년 동안 있는 거 없는 거 다 퍼주고 시댁에 누가 봐도 엄청 잘하는 며느리였습니다 매달 급 공무원 한 달 월급보다 더 많은 생활비 지원 온갖 건강식품 지원 시 어머니 큰 병 걸렸을 때 오랜 기간 저희 집에 모시고 보살피기 등 최선을 다 하였습니다 남편을 많이 사랑해서 결혼했고 그 마음에 내 부모 같이 생각해서 최대한 잘 해드리려 했습니다 남편은 친정에  정말 정말 아무것도 한 게 없고 요 참고로 결혼 기간 내내 맞벌이 하였고 급여와 재태크 등으로 제 수입이 더 큽니다 또한 친정에서 큰돈 지원받았고 아이 년 무상 양육하여 주셨습니다 이런 상황에서 저는 시댁에 발을 끊었지만 아이들은 시댁에 왕래합니다 참고로 큰 아이 살 작은 아이 살입니다 그런데 큰 아이가 시댁에 다녀오고 한 두 달 뒤인 최근에 시댁에 가서 있던 일들을  얘기하였습니다 할머니와 고모가 엄마에 대한 나쁜 말들을 해서 제 아이가 듣다가 속상해 눈물이 터져서 엉엉 울었다는 얘기였습니다 아이가 갑자기 우니 고모가 왜 그러냐고 물어서 제 아이가 엄마 나쁘게 얘기하지 마세요 하였다고 하였고 고모는 그에 답하여 그런 거 아니라고 하고 그 뒤로 아무 말도 하지 않았다고 합니다 아이에게 니가 들은 엄마에 대한 나쁜 얘기를 정확히 해 달라고 하니 아이는 기 억이 안나 구체적인 설명은 못하겠다고 하며 그래도 듣는 내내 엄마에 대한 나쁜 얘기가 확실하여서 듣고 너무 속상했다고 합니다 아이가 할머니와 고모는 왜 그러냐고 묻는데 당황스러워 말이 안 나왔습니다 이 일에 대하여 아이에게 남편에게 시댁에게 제가 어떻게 처신해야 할까 요 머리가 아프고 화가 나고 신경 쓰이는데 어떻게 해야 할지 모르겠습니다고 견을 부탁드 려요
시어머니 말투 때문에 싸우고 파혼 생각 중입니다,본문에 들어가기 전에 출생 지역부터 알려드릴게요 저는 수원에서 태어나서 대학도 서울에서 나왔고 지금은 지방 광역시에서 공기업에 다니고 있는 대 중반입니다 결혼을 준비중인 남친은 전남 작은 도시에서 태어나서 서울에서 대학을 나와 같은 직장에서 근무하고 있으며 나이는 대 후반입니다 처음 입사하고 서구적인 외모가 이상형 이었는데 딱 스타일이 맞아서 제가 호감을 보이 고 편한 직장 동료 썸 으로 년 정도 지 내다가 년 반 정도 사귀고 지금 현재 결혼 이야기 까지 나온 상태 이고 남친은 저번 달에 수원 저희 집에 찾아가서 인사를 드렸고 어제 토요일에 제가 남친 부모님 댁에 인사를 드리러 갔습니다 남친은 삼형제로 큰 형은 대 중반 결혼 년차 부모님과 같은 지역에서 지 내고 있으며 공무원작은 형은 서울에 살며 대 초반 결혼 년차 대기업 대 다니 고 있습니다 큰 형의 가족은 연애할 때 번인가 만남을 가졌고 큰형수님 그러니까 제 큰 형님이 남친 어머님께 제 이야기를 잘해주셔서 절 나쁘지 않게 생각 하신다고 들었어요 큰형수님 은 처가가 경남쪽이신데 큰 형께서 지방으로 파견 나갔을 때 연애 하게 되어 결혼을 하고 평생 한번도 와 보지 못한 이곳 전남으로 오셨다고 하시러라 구요작은형 내외는 한 번도 뵌 적이 없고 이 번 추석 때 작 은 형 가족이 안 내려온다고 해서 남친이랑 수원 저희 집에 인사 갈 때 작은 형 내외 인사도 한 번 하려고 계획 중입니다 어제 남친의 집에 긴장하고 갔어요아 참 그전에 남친 집안 설명을 드리자면 남친 아버님께선 고등학교 교감 선생님으로 정년하시고 지금은 초등하교 보인 지킴이 그런 걸 하신다고 들었어요 그냥 용돈 벌이로 아이들 등하교 시간 안전을 키켜 주신 분이라고 하더라구 요 그래서 살 림은 배달 만원 넘는 연금 나오시고 제가 알기론 작은 상가 두 개가 있는데 두 곳에서 만 원 정도 나온다고 들었어요 코로나 터지면서 아버님께서 코로나 종식되고 경길 살아날 때까지 월세 반만 받으신다고 하셔서 그 정도지 코로나 끝나 몀 수익은 더 늘어나겠죠 남친한테 들어본 말론 그 상가 거의 년 동안 한번도 바뀌지 않고 장사도 잘한다고 하더라구 요 이 이야기는 시댁의  경제적인 걸 말씀드리기 위해서 시 어머니께서 결혼 후 평생 전업으로 지내셨고 동네 부녀 부회장 이란 소릴 들은 거 같아 요 남친집 엔 제사도 있고 년에 번 할아버지 할머니 두 분을 한 번에 차례 추석 설날 에 하구요 작은형 수님은 제사 참석한 적 한 번도 없을 정도로 강압적으로 참석하라고 하시 지도 않고 시간 되면 참석 하라는 말만 하신데요 큰형수님은 전업이라서 제사 전에 전부 치는 걸 하는데 본인은 정말 시 어머니께서 재료 손질 모든 걸 다 준비 해두면 시댁에 가서 진짜 부치고 뒤집는 것만 한 고 반찬싸오는 게 다라고 하시더라구요서론이 길었네요 본론으로 가서 어제 남친집에 시 에 갔는데 마침 저희 보다 큰형 네 가족이 분일찍 오셨고 어머님께서 주방에서 요리를 하시고 계시고 조카들과 형수님은 그냥 거실 쇼파에 앉아 계셨고 큰 형은 아버지와 안방에서 장 기 한 판 두고 계시고 제가 들어가자 모두 나오셔서 반갑게 맞이해 주셧지만 그래도 처음으로 가는 집이라 긴장이 안 될 수가 없더라구요 어머님께서 인사부 바로 주방으로 가셔서 요리르 하시고 계셨고 큰형수님은 쇼파에 앉아 있어서 제가 눈치가 보여서 살짝 주방으로 가서 도와 드릴 게 없나 서성이니까 어머님께서 그냥 앉아 있으라고 하셔서 거실에서 큰 형님 옆에 앉아 조용히 이렇게  앉아 있어도 될까요라 구 조심스레 물어보니 큰형님께서도 본인 시집와서 년 넘도록 시댁 주방에서 요리 해본 적 없다고 하시더라구 요 저긴 어머니 공간이고 워낙 어머님께서 손도 빠르시고 잘하셔서 누군가 끼어들면 싫어 하신다고 분 정도 지나서 주방에 계신 어머님께서 한마디 하셨는데 아야 인자 상펴라 애기 배곪 것 다 말 한마디에 남자들은 상을 펴고 큰형수님도 그때서야 일어나서  거실에 음식을 날 르고 상차림을 하더라구 요 또 놀랐던 게 식기들이 모두 일회용품 이었어요 마치 장례식장 상차림 처럼 모든 식기가 일회용품이어서 이게 뭐지 하는데 큰형수님께서 하시는 말이 대가족 모이션 치우는 게 일이고 설거지 양만 많아서 시 댁 불문율이라며 항상 일회용품을 쓴다고 하더라구 요 이건 며느리들이 어 머님 고생하실까바 한 거라고 그래서 손님인데 일회용품에서 조금 마음 이 상했지만 내색하지 않고 표정관리 하며 음식 맛있게 먹었어요 정말 음식 솜씨는 김치 하나부터 갈비까지 맛은 정말 긴장하지 않고 먹었다면 밥한 공기 더 먹고 십을 정도로 맛있더라구 요 식사 중 어머님께서 큰 형에게 아야 느 그 장모님 이번 무릎 수술하신 건 잘 되셨다냐 물으셨고 전 귀를 의 심 햇습니다 야 느 그 장모 아니 어쩜 저리 막말을 하시지 그걸 왜 형수님이 란 사람은  듣고 만 있지도 저희 이 해가 안 되 엇고 계속해서 어머님께선 느그들은 처가 언제 가냐 내일 이렇게 물으셨고 큰형수님은 일에 갔다가 일에 온다고 하더라구 요 밥을 다 먹고 치우는 건 또 이집에서 남자들이 치운다는 룰 이 있어서 남친과 큰형께서 분리 수거 파란색 봉투에 쓰레기 그릇과 모두 치우셨고 저는 형수님과 쇼파에 앉아 있으면서 아버님과 이런저런 이야기를 하였고 정리하 고 과일 간단히 먹고 과일은 형수님께서 자르셨네요 집을 나와 남친과 가면서 차에서 대화를 나누면서 크게 싸운 게 제거 먼 서 어머님 말투에 대해 이야기를 했어요 어머님께서 다 좋으신데 말투가 상대방 배려가 없는 말투다 남친은 울 엄마 말투가 왜 제가 아니 사람 이름을 부르지 않고 야 야 거리시 고 사돈 집인데 느 그 라는 표현이 너무 저급해 보인다고 했더니 남친이 갑자기 길가에 차 를 세우고 막 화를 내면서 난리를 치는 거에 너 지금 우리 엄마 무식하고 교양 없다고 하는 거냐고 그래서 전 맞는 말이 지 않냐 그럼 그 말투가 왜 교양 있는 말투냐 그걸로 계속 싸우고 남친의 말은 사투리 쓴다고 사람을 교양 없이 생각하는 너의 그런 생각 자체가 정 떨어 진다고 하더라구요아야 는 애들아 느그 는 너희 의 전라도 사투리 뿐이지 그게 상대망을 무시한 말투가 아 니라구요 그렇지만 일단 내가 들을 땐 솔직히 저급 언어 인 걸 어쩔 수 없다고 했더니 너랑 이런 걸로 싸울 줄 몰랐다면 서 집에 가는 동안 말 한마디도 없고 집 앞에서 내리자 마자 뒤도 안 보고 가버리네요 아직까지 연락이 없습니다 이런 결혼 이런 남자와 결혼 해야 될까요
확실이 에 셈이,차트 상위권에 아이돌 노래 빼고 다 슴돌임에 스파 엔시티 태연 레드벨벳 등
오징어 게임 정호 연 꼬질 미,넷플릭스 오징어 게임에서 영상으로 자세히 보니까 진짜 매력 미치는 상남자 아이 같기도 함 귀여워 단발도 찰떡인데 긴 머리도 이 뻐 전설의 샤넬쇼도 선 호 연쓰진짜 개이 뻐 누가 정호 연님 사진 좀 더 줘봐
다들 즐겁다는 추석 저는 빠질려구요,아빠가 집안 막내라 설날이나 추석 같은 명절 때 꼬박꼬박 친정집 가 고 한 달에 한 번 꼴로 제사가 있는 집안입니다 전 남들 좋다고 좋다고 하는 명절이나 가족 행사가 너무 싫어요 아직 결혼 생각도 못해 본 초반인데도 엄마 시집생활 하는 걸 보면 진저리가 나요 제사 음식 재료 준비하는 거 전부 우리집에서 해요 계란 식용유 두부 고기 과일 전부 준비하면 돈 많이 나간다고 엄 마가 한숨 쉬네요 그렇게 좋은 재료로 준비 안해가면 할머니 대발 노발하시고 준비 해가도 큰 엄마가 수고했다고 재료비 만원 줍니다 제사 준비 비용에 할머니 할아버지 용돈까지 해서 친가 댁 쪽 다녀오면 돈이 그냥 지갑에 구멍 나는 수준으로 깨져요 궁금한 게 다른 집에서도 친 가댁 용돈을 달에 에 제사나 모임 때마다 용돈 수준으로 만 원씩 드려 요 아빠가 막내이고 아무 지원도 못 받았 다고 한 탄했어요 첫째 형은 대학 보내고 학원에 과외에 돈 전부 들이 부었는데 아빤 어쩌다 태어나서 그냥 데리고 산 아이랬는데 어찌 저찌 잘 사는 거 보고 그때부터 용돈 내놓아라 하는 게 제 눈에는 보여 요 달에 한 번씩 제사 준비에 명절 가족 모임에 할머니 할아버지 병원이라도 한 번 가시면 그 주에 꼭 찾아뵈서 몸 어떠시냐 묻고 밥 한번 지 어드리고 용돈 쥐어드리고 돌아와야 해요 엄마는 년을 넘게 그렇게 사시네요이 글을 쓴 이유는 저는 이제 대학생이고 제 삶을 살고 싶어요 니 엄마는 그대로 두고 너만 쏙 빠지고 싶냐 이런 소리 나올 거 너무 잘 아는데 그냥 지쳐요 년을 엄마 따라 친 가댁 가면서 제사 준비했어요 전 부치면서 너는 살 언제 빼니 여자애가 뚱뚱하면 복 안 들어온 다 계속 그렇게 살았어요 저도 서러웠어요 내가 전 부치고 설거지 하 면서 왜 돼지처럼 쳐먹어서 저렇게 애를 망쳐놨냐는 엄마 꾸중하는 소리를 들어야 하나요 왜 우리 엄마는 계속 그걸 듣고 만 있나요 왜 우리 아빠는 아무런 방어도 해주지 않나요 제 동생은 저보다 뚱뚱해요 그래서 걔가 친가댁 오면 난리가 납니다 엄마랑 저보고 애한테 뭘 먹였냐고 고래 고래 소리를 질러 요 그래서 걔는 그냥 집에 두고 다녀 요 그게 더 속이 편하니깐요  정말 신기한 건 제가 년 넘게 살면서 가족 행사 있을 때마다 공부한다고 하루 빠졌을 때는 그렇게 절 나쁜 애로 몰아가더니 뚱뚱한 동생은 데리고 다니기 쪽 팔렸는지 오히려 안 오는 게 좋다고 하네요 사실 저는 부려 먹기 편하지만 아무 일도 못하는 동생은 편리하지도 않으니 오지 말라는 거죠 그 모습을 보니 더 이상 참기가 싫더라구 요 갑자기 생각난 기 억이 하나 있어요 가족  여행을 갔었어요 방은 패밀리 사이즈로 개를 잡아서 우리 가족과 할머니 네 가족으로 나뉘었는데 그날 점심을 먹고 할머니 댁에서 과일을 잔뜩 사길래 그렇구나 했죠 저녁에 갑자기 저희 방으로 오더니 과일 봉투를 식탁 위에 턱 올려놓는 거에 요 우리 보고 잘라서 대접하라는 거죠 엄마는 키위 알레르기가 있어요 가 져온 과일 중에 키위만 덩그러니 남았죠 안 잘라주면 다시 가져가 겠지 했는데 갑자기 할아버지가 절 부르시는 거에요 이 거 니가 잘라서 큰 아빠 가져다 주라고 그때 제 나이 살이였어요 엄마가 키 위를 못 먹는데 저라고 키 위를 많이 먹어봤을까요 저도 잘 못 잘랐어요 일단 엄마가 자른 과일이랑 제가 엉성하게 자른 키 위를 큰 아빠한테 가져갔어요 제가 자른 키 위를 보 곤 과일 자르는 연습 많이 해야겠다면서 웃던 모습 키위 한 통을 제가 다 잘 랐는데 그날 들은 소리라고는 과일 자르는 연습하라는 소리 뿐이에 요 이게 가족인가요 전 아직도 키워가 싫어요 이번 추석 때는 친 가댁에 가고 싶지 않아 요 가족 간의 소속 감 핏줄의 끌림 이런 거 하나도 없어요 제 년간의 친척들과의 기억은 다 저딴 거 뿐이에 요 그냥 이 상하게 억울하고 속상해요 엄마는 왜 아빠를 선택했을까 아빠는 친 가댁에서 공격 받는 우리 가족을 가만히 두고 있 는 걸 보면 친 가댁에 더 소속감을 느끼는 건 가 왜 우리집은 꼬박꼬박 친가댁에 찾아가서 욕을 먹지 그냥 지쳤어요 대학 생활도 힘들고 요즘 터진 일 하나가 절 너무 힘들게 하는데 추석 때 가족들을 만날 생각을 하니 머리가 지끈거리 더군 요 전 부모님한테 년 동안 친 가댁 가지 말 자고 말했어요 근데 돌아오는 말이라고는 그래도 가족이잖니 하 아무리 말하고 사 정해도 부모님 이 들어주지 않고 계속 가시겠다면 그걸 제가 어찌 말려요 그냥 제가 빠질래 요 그냥 가지 말자 그냥 연 끊자 내 자존감 갉아먹는 사람들이랑 더 이상 이어가지 말자 이번 추석은 가지 않으려구요
로제 이런 사복 스타일도 너무 좋네,차분하고 고급지다
남돌이 잃으면 안 되는 것,꾸준한 소통 외모 개그감
성매매로 이 혼합니다 방금 현장보고 왔네요,사진은 적나라하게 다나와 성 첨부할 수 없는 점 양해 부탁해요 그리고 방금 방석 집 같은 데서 난장판 치고 현장 잡고와서 말에 두서가 없어도 이해 부탁드립니다 신랑이 아니 이 제 강아지라고 부를 게요 강아지가 며칠 전부터 하루가 멀다 하고 술을 먹더라고요 그러고 오늘 술 먹더니 핸드폰 지갑 다 놓고 신용카드만 숨겨나가서 핸드폰 어플로 내역 확인해보니 한 군데서 처음 마넌 긁고 같은 집에서 마넌 두 번째 군데서 마넌 긁고 세 번째에서 마넌 긁고 같은 집에서 마넌 긁어서 택시 타고 어플에서 확인되는 주소로 동생이랑 쫓아갔더니 그 년이 문 걸어잠그고 있길래 불법 성매매로 경찰부른다고 하니 그때서야 열더라고요 그때 성매매하고 있었던 거겠죠 그래서 가자마자 강아지 주머니 뒤져 술집년 한테 가 위 달라해서 잘라버리고 녹음하고 사진 찍고 한참 뒤에 열어 옷은 입고 있음 카드 내역이랑 거리뷰해서 그 업소 캡쳐해 놨네요 이 거 위자료 받으려면 어떻게 해야 하는지 설명 좀 해주세요 강아지도 캥기는 게 많고 현장 잡힌 거라 아마 협의 이혼할 텐데 그래도 알아두려 구요 이혼은 할 겁니다
고릴라 우리로 떨어진 소년,한 엄마 고릴라가 양아치 고릴라로부터 인간 아이를 보호해줌
는 갈수록 한계 느껴짐,모니카가 스우파 화에서 무대 세 번만 하면 레 파토리 떨어질 거라는 데 진심 개 맞말 춤은 잘 추긴 함 완전 딱딱 맞고 근데 너무 상업적인 안무만 함 아이돌들이 시상식에서 할 법한 춤들임 그러다가 예리 비보잉 추고 멋있고 간지나긴 하는데 항상 똑같음 예술성이나 희열 감 같은 게 안 느껴 짐 근데 기술적으로 조카 잘 추는 건 리 정도 개인으로는 개쩔 고
코로나 확진 연대생 눈물의 동선,
엔시티   엔시티 드림 성적 비교,멜론 발매 시간 달라서 공평하게 발매 시간 시점을 기준으로 비교 차트 금시 발매 엔드림 차트 월시 발매시간 이용자 수 드림 시간 하트 수 드림 결과 드림이 음원 앞서는 중음반은 결과 봐야 되는데 이 앞설 듯엔시티
스우파 나갔으면 잘했을 것 같은 아이돌,아이돌 이미지 제외하고 춤 실력만 봤으면 누가 잘했을 것 같음난 전소연 한 표서치 좀 걸께 여자아이들 방탄소년단 엑소 세븐틴 엔시티 하이라이트 샤이니 뉴이스트 투바투 더 보이즈 스트레이 키즈 몬스타 엑스 엔 하이픈 씨아이엑스 에이비식스 크래비티 빅톤 위너 아이콘 트레저 슈퍼주니어 투피엠 티오 원 드리핀 온앤오프 펜타곤 베리베리 원어스 골든차일드 데이식스 에이티즈 비 투비 블랙 핑크 트와 이스 레드벨벳 마마무 있지 에 스파 오마이걸 스테이씨 아이즈원 에 버글로우 소녀시대 위키미키 브레이브걸스 우주소녀 로켓 펀치 에 이핑크 러블리즈 여자친구 이 달의 소녀 프로미스나인 위클리 드림 캐쳐
프듀 장원영  최근 장원영,프듀 원영 최근 원영 최근 원영 추 프듀 원영 반난 최근 얼굴 분위기가 되게 고급스러워짐
걸스 플래닛 시청률 ,개쳐 망했네 아웃곀 억 공중분해된 거임주작 전과범에 항미빠는 엠넷은 다신 오디션 만들지마판 더쿠 같은 커뮤에서 화제성 없다고 까였던 프듀 아이즈원
 드림 앨범 판매량 만장이라고 하도 기사뜨길레,진짜인가 했는데 앨범 개 합친 판매량으로 기사를 게다가 초동기준인 줄 알았는데 누적 판매량
집안이 뒤집어졌습니다추가,제목 어 그로 죄송합니다 많이 읽었으면 해서 제목을 좀 자극적으로 썼습니다 이해 바랍니다 읽고서 조언 좀 부탁 드릴게요 추가 여친 아버지는 저희 때처럼 임용으로 들어간 거 아니고 사립학교 교사로 근무하시다가 퇴직하셨다네요 이것도 여 친에게 물어보니 말이 교묘하게 자꾸 바뀌어서 답답하네요 전엔 분명 공무원인 것처럼 말했었거든요 몇 년간의 신뢰가 이렇게 깨질 줄은 몰랐습니다 저는 평범한 직장인입니다제가 연애를 좀 오래했는데 결혼 얘기가 나오면서 여자친구를 인사시켰습니다 저희 집안은 아버님은 변호사를 오래 동안 하셨고 어머니는 주부로 계셨습니다 집은 강남이구요 여자친구랑 오래 사귀었다고 하니 그냥 좋으면 해라라는 마인드로 부모님은 오케이 하셨구요 결혼 준비 중에 알게 된 건데 여친 네 집안은 아버지가 공무원이시고 어머니는 동네에서 조그맣게  옷가게 하신다고 하네요 서울에 거주는 아니구요 결혼 얘기 나오면서 여 친 집에 인 사드리러 집에 가게 됐는데 어머님이 작년에 공공임대 딱 당첨되서 너무 기 뻤다고 즐겁게 얘기를 꺼내시는데 여자친구는 거기서 조금 당황해하는 게 느껴졌어요 옛날에 아버님이 공무원이면 대출 나오니 어느 정도 집 살 형편은 됐었을 텐데 왜 공공임대주택에 사시는 지 의문이 들더라구요 그 공공임대 요건도  찾아보니 세대 구성원이 모두가 무주택자여야 하더라구 요 그런데 더 찾아보니 년 임대로 살고 그 뒤에 주변 시세만큼 올라서 보통 분양 못 받고 쫓겨나는 경우 많더라구 요 만약 그렇게 되면 또 어떻게 되는 건지 계획이 뭔지 모든 게 혼란스럽고 이게 맞는 건지 싶어요 뉴스도 찾아보니 여친 부모님이 사시는 그 공공임대 주민들이 아파트 이름 앞에 공공임대인지 알 수 없게 고쳐달라 농성 이런  이슈도 많아서 상당히 놀랐습니다 결혼 앞두고 적잖이 좀 고민스럽고 혼란스러워서 어떻게 해야 하나 조언 좀 듣고 싶어서 글 올립니다 오래 연애하는 동안에 여 자친구는 집안에 관한 얘기는 늘 자랑처럼 늘어놓았는데 솔직히 이게 무슨 상황인지 잘 이 해가 안갑니다 그리고 여 자친구 보너스 나오면 명품백도 줄곧 잘 샀었고 너무 그동안 제가 알던 씀씀이와 상반된 집이여서 자꾸만 의구 심이 들어 요 저희 집안이 상대적으로 잘 사니까 그에 맞추려고 꾸며냈던 행동들이였는지 어 머님이 해 맑게 공공임대 당첨되서 기 뻤다고 하는데 여친의 당황한 기 색이 기억에 맴도네요 집안 사정 같은 건 실례라고 생각해서 자세히 안 묻고 그런가보다 하고 지냈는데 막상 결혼 할 때 되니 은 근슬쩍 오픈하는 것 같아 뭔가 속은 기분도 들고 속 인 건 아니지만 솔직하게 제 게 더 말 안 한  뭔가가 있는 건 아닌지 의문스럽고 불쾌해 요 결혼 잠시 미루고 천천히 생각해봐야 하는지 조언 좀 부탁드립니다
나 엔시티 정우 실물 본 적 있는데,내가 김포 살아서 근데 모자 써서 얼굴은 잘 못 봤고 걍 이런 느낌임 어 넓골 좁에 다리 개길어
우리 최 애랑 자기 세 사진 자랑하장 ヾ๑╹◡╹ ﾉ,난 내 최애가 다 캐리했어 •﹏•엔시티 방탄 엑소 비투비 세븐틴 몬스타 엑스 투바투 더 보이즈 스트레이 키즈 에이티즈 에스파 스테이씨 블랙 핑크 오마이걸 있지 로제 제니 리사
서수진 서신애 팩트 정리,서신에는 학창 시절 수진과 대화를 나눠본 적이 한번도 없다 서신애도 그건 인정했다 교실 자체가 멀찌감치 떨어져 있었고 아예 건물 다른 층이 다 그럼 서수진이 서신애보고 뭐라고 시비걸거나 나쁜 짓을 직접 했는가 그런 기 억도 서신애한테 없다 그냥 자기를 조롱 하번 무리들 속에 서수진도 있었을 것이라는 게 서신애 생각이 다 그리고 서신애는 더 이상 이 시건에 관여하고 싶지  않다는 입장을 밝혔다 미연 민니 소연 우기 슈화 아이들 서수진 서신애
있지 예지 염색 신기한 데 예뻐,앞머리 반만 염색했지만 하이 포니테일 하니까 뭔가 반 반 머리 처럼 보임 예지의 미모는 참 기가 막혀
에스파 카리나 상위 호환 같은 아이돌,슈가 박수진
남편 사촌 동생 받아드려야겠죠,남편이 어렸을 때 부모님이 케어 잘못하시고 한 분은 미국에 한 분은 중국에 이렇게 찢어지는 바람에 남편은 고모 집에서 컸다고 하네요 고모 집 살면서 눈치도 안 보고 엄청 편하게 잘 살았대요 근데 그 고모집 아들이 이 제 곧 살인데 군대가기 전까지만 저희 집에서 살면 안 되겠냐 이런 말하더라구 여고모는 한 달에 씩 준다고 하고 남편이 요즘 코로나로 힘들어서 꾸준히 용돈 주시기도 하 고 너무 얻은 게 많아서 당연히 같이 살아도 되긴 하지만 저는 뭔가 년 동안 불편한 게 싫기도 하고 어쩔 수 없겎죠
수진 퇴출 아니래,아직 경찰 수사 중이고 수진이 일이 길어지면서 피해 끼칠까봐 탈퇴 결정한 가래
단어 외우다가 판녀 봄,이런 식으로 판밍 아웃을 하냐 반칙이 다
히틀러가 대중들을 다루던 방법,
니들이 태용 얼굴 깐다고,태용이 못생겨 질거 같음 니들이 평생 이 태용 까면서 발작해도 이 태용은 그냥 졸라 잘생긴 임 오늘 사진 한 장으로 성희롱 얼평하면서 별 을 다 떨던데 부모님이 보시면 뭐라 하시겠니 열 폭 좀 적당히 하자
아이즈원 멤버들 근황,권은비 팔로우미 최근에 솔로 데뷔 앨범 마무리 사쿠라 김채원과 함께 하이브로 이 적 일본 화장품 브랜드 모델 강혜원 일진에게 찍혔을 때 웹드라마 캐스팅 개인 유튜브 활동 우리 식구 됐어요 예능 촬영 최예나 예나는 동물 탐정 예능 솔로 앨범 준비 중이채연 스트릿 우먼 파이터 크루 윈트로 출연 겟잇뷰티 박스 김채원 사쿠라와 함께 하이브로 이 적 김민주 음악중심 구해줘 숙소 예 능 나코 그룹으로 활동 중 일본 공중파 예능 방송에 단독으로 여러 번 출연 의류 브랜드 키르시 모델 히토미 그룹으로 활동 중 이번 최근 신곡에 선발 멤버로 뽑혀 활동 중 나코와 같이 키르시 모델 조유리 화장품 브랜드 컬러 그램 톡 글로벌 뮤즈 이석훈과 듀엣으로 가을 상자 일 발매 예정안 유진인기가요 펩시광고장원영화장품 브랜드 이니스프리 모델 미우미 우걸
나 모르는 동네에 버려 짐 도와줘 어 떡해,엄마가 만 원 찾아놓은 거 가방에 넣어두라고 해서 식탁 의자에 있는 엄마가 맨날 들고 다니는 가방에 넣어뒀거든 근데 차 타고 시골 가는 길에 엄마가 어디다가 놨냐고 하길래 엄마가 맨날 들고 다니는 가방 이랬더니 그걸 거기다 넣어두면 어 떡하냐고 그 큰 가방을 시 골가는데 들고 갈 거라고 생각했냐고 너는 생각이 있냐면서 갓길에 차 새우고 너는 집에 가라고 당장 내리 라고 소리 질러서 걍 어쩔 수 없이 내림 돈도 없고 핸드폰 배터리도 없어 여기 어딘지도 모르겠음 어 떡해
남편이 저보고 식 탐 있다는 데 제가 식 탐인지 봐주세요,거두절미 하고 제목 처럼 제가 그렇대 요 이유는 요 저는 일단 하루에 한 끼를 먹어요 그것 많이 이유는 아이를 둘 낳았는데 먹덧이라 살이 좀 많이 쪘었어요 아이 낳기 전에는 누가 봐도 마른 사람이었는데 어느 날 다른 사람이 제 사진 찍어준 걸 보내줘서 봤는데 내가 알던 내가 아니더라구요 그래서 운동 다시 시작하고 아이 낳기 전보다 더 보기 좋은 몸으로 됐어요 이렇게 되기까지  하루 한 끼 무조건 먹고 싶은 거로 많이 먹어야 해소가 되더라구요 그리고 또 술을 좋아해서 애들 자면 꼭 소주 한 잔씩 하구자는 데 그래서 인지 다음날은 무조건 국물이예요신랑이 식탐이 많다고 이야기 하는 게 저는 제가 먹고 싶은 건 꼭 먹어야 해요 어쩔 수 없이 못 먹는 상황이 오면 짜증이 나요예를 들면 저는 칼국수 집을 가 고 싶은데 애들은 칼국수 집을 간대요 근데  애들 아빠는 애들 의견 따라서 칼국수가 맛이 있으나 애들은 를 원하니 를 가겠다 정 먹고 싶으면 우린에서 먹을 테니 너는 가서 먹고 와라합니다그럼 저는 마음 편히 제가 먹고 싶은 거 먹고 오면 되는데 마음 편히 그게 안 되더라구요 그래서 짜증이 나는데 짜증이 나는 게 식탐 이래 요저는 제가 먹고 싶은 만큼 시키고 남기지 않아요예를 들어서 짬뽐곱배기를 시키고 밥 말아 먹을 때 여보도 밥 말아 먹을 꺼야 물었는데 않먹는 다 했다가 나 한 숟가락만 했어요 여기까지는 그냥 그런 대 나는 밥 한 공기에 한 숟가락을 허용 했는데 반을 퍼가면 짜증이 납니 다 이럴 꺼면 두 공기 시켜서 너가 반을 남기더라도 내가 한 공기 반을 다 먹으면 될 일인데 왜 내 먹을 양을 뺏어 가냐 이랬더니 식탐 이래요 아니 내가 니 밥을 뺏어가길 했냐 니 짬뽕 국물을 뺏어 먹었냐 나는 그 냥 많이 먹고 싶은 사람 이다 이랬더니 먹는 거 때문에 짜증이 난 다는 것 자체가 식탐 이래요하도 식 탐 식 탐 하니까 저도 진짜 제가 식탐이면 자제 하려 구요 아 그리고 또 저는 식당에서 밥 먹을 때도 맛있는 반찬이 있으면 메인도 안 먹고 그 반찬만 가능하다면 회 정도 리필을 요구 합니다 그럴 때 신랑이 적당히 하라고 경고 같은 걸 날려 요식 탐 부리지 말라고 이것도 식 탐 인가요
난 원래 쌍커풀 있는 애들 좋아했는데 요즘은 투바투 연준 방탄 뷔 같은 무쌍에 관심 감,엥 아니 그냥 하이브 상 좋아하는 건가
그럼 수진 재합류,가능성 있는 건가 안 될라나 걍 아니라고 결과 뜨면 재합류 했으면 좋겠다 재능 너무 아까워 그리고 뭣보다 수진 무대하는 거 다시 보고 싶음
스키즈 한 승민 이 사진,진짜 데이식스 영케이랑 원필 닮았다
예단과 시아버지 칠순 선물 꼭 해야 하나요,안녕하세요 현재 상견례 후 신혼집에서 동거 중인 올해 월에 결혼을 앞둔 예 신입니다 예비신랑과 함께 볼 예정이니 현명하신 분들의 고 견 부탁드립니다간략하게 여쭤보기 위해 음슴체 사용 양해 부탁드립니다 예비신랑 세 연봉은 세후 만원 고정적금 총 만 원 청약통장 만원종신보험 만원 순수 부모님이 부어 주심 결혼 얘기 나오고부터 계약자 변경하여 예비신랑이 가져옴대출 없이 본인 돈으 로 개월 전에 마련한 아반떼 신형 소유동거전 거주했던 빌라 전세 만원 중 만원은 회사 대출 만원은 부모님 지원 결혼 후 돌려줄 필요 없다고 하셔서 예비 신랑 소유경기도 외곽 평 아파트 청약 당첨으로 월초 신혼집 입주해서 현재 동거 중 회사 분거리 집값 억 천 중 예비신랑 적금과 청약통장 만원 부모님 지원 만원동거전 거주했던 빌라 전세값 만원 예비신부 거주했던 빌라 전세 만원 예비 신부 부모님 지원 만원 나머지는 예비 신랑이 은행 대출 예비신랑 명의로 계약 예물 없이 예비 신랑이 명품 브랜드 결혼반지와 목걸이 본인 돈으로 직접 구입 현금 만원 예비신랑 부모님께서 상견례 마친 날 선물로 명품 가방 사주심만 원 신혼집 입주 및 미리 결혼 선물로 부모님께서 침 대신 혼집 중문 베란다 화장실 리모델링 비용 지원 명품 브랜드 화장품 세트 해주심만원 예비신부 집에 인사가던  날 부모님께서 예비사 돈댁에 드리라며 한우 꽃등심 선물세트와 과일바구니 꽃바구니 현백화점에서 사주심만 원상견례 식당 예비신랑 부모님께서 계산해 주심 만원 예비시 부모님 댁이 위치한 지역에서 상견례를 했기 때문 현재 전세자금 회사 대출 전액 상환 아파트 주택자금 대출 외 신용카드 값 포함 개인대출이나 빚 없음 평소 알뜰한 성향으로 사치 없음 부모님 노후준비로 억짜리 건물 주인 집에 거주 하시며 월세 씩 받으 심 지방에 있는 공시지가 만원 토지 애 낳는 대로 증여해주겠다고 하심 결혼한 형이 있는데 개인 사정으로 아이 못 낳으시고 형은 결혼하자마자 만 원 가량의 차량 선물로 사주셨기 때문에 형 부부도 해당 토지 예비신랑에게 증여 당연하다는 입장 예비신부세 연봉은 세후 만원 고정적금 총 만 원 청약 없음자차 없음 면허는 있으나 교통사고 트라우마로 운전 배울 생각 없음 동거전 거주했던 빌라 전세 만원 모두 부모님 지원 결혼 후 돌려줄 필요 없다고 하셔서 예비신부 소유 아파트값에 보탬혼수로 삼디지털 프라자에서 만 원어치 가전제품 현금 완납 부모님 지원 신혼여행 비용 제주도 비행기 왕복호텔 만원 예비신랑댁에 인사가던 날 유명 카페 케이크와 꽃다발 예비신부가 사는 지역 특산물 선물로 드림만원이 바지 음식 부모님 지원 없이 직접 할 생각한 우떡과일 만원  지출 예정대출이나 빚 없음 평소 알뜰한 성향으로 사치 없음 부모님 두 분 모두 공무원으로 노후 공무원연금 두 분 다 받으실 예정이고 현시세 억짜리 자가 거주 중이 심 결혼식 비용은 각자 축의금에서 각자 비용 계산하기로 합의했고 남는 금액은 각자 부모님께 드리기로 함 결혼 후 경제권은 예비신부가 관리 예비신랑 용돈 만원 합의함 상견례 좋은 분위기에 진행했고 신혼집에 입주도  문제 없었음 근데 갑자기 예비 신랑에게 결혼한 형이 한 분 계시는데 예단은 어떻게 할 거냐고 예비 신랑에게 톡한 내용을 보게 됨 예비 신랑이 예물도 안하는데 예단을 왜 하냐고 대답하니 예물 교환과 친척들 예단은 생략해도 직계 부모님 이불 은 수저세트 현금 만원 정도의 예단과 신혼여행 다녀오면서 부모님께 약소한 선물은 해야 하는 거 아니냐고 하심 신혼여행 다녀오면서 천혜향이랑 오 메기 떡 사 오려고 생각하고 있었음이 후 예비 신랑이 답장을 안하니까 월에 예비 시아버지 칠순 우리 결혼식 직후에 시아버지 생신이 있음에 잔치는 생략하고 형제가 각 만 원씩 현금 걷어서 드리자 고 함 예비 신랑이 무슨 만 원이나 드리냐고 아파트 구입하면서 돈 다 써서 없다고 그냥 만 원씩 드리거나 우리는 따로 하겠다고 하니까 예단도 안하면서 부모한테 쓰는 돈 아까워하는 나 쁜 라고 하심 예비 신랑은 답장을 안한 상태인데 마지막 말인 부모한테 쓰는 돈 아까워 하는 나쁜라고 한 부분이 나에게도 해당되는 말인가 싶어서 굉장히 불쾌하고 불편함 혹시 예비시댁에서 형에게 예단과 칠순 문제로 하 소연하신 건가 싶기도 하고 솔직히 제 입장에서는 결혼하면서 지출 비용도 비슷하고 연봉도 제가 살짝 높고 친정에서는 니들만 잘 살면 된다고 바라는 거 없다   하시는데 예비 시댁에서는 예물도 안하는데 예단이나 신혼여행 선물 바라시고 결혼식 직후 예비 시아버지 칠순 선물도 만원이나 바라시는 건 좀 아니라 고 생각함 평소 예비 시 부모님 연세 좀 있으셔도 두 분 여행 다니시고 취미생활 즐기면서 젊게 사시고 전화도 거의 안하시고 예비시댁 가면 밥상 다리 부러지게 차려주시면서 집안일도 안시키셔서 너무너무 예비시 부모님 좋아하고  존경했거든 요형 부부도 두 분 바쁘셔서 따로 연락하는 일 거의 없이 가끔 봐도 항상 잘 챙겨주셔서 저 스스로 복 받았다 생각했구요 근데 갑자기 예단이며 신혼여행 선물 얘기에 벙쪘 다가 칠순 만원 얘기에 결혼하는 게 맞는 건 가 싶은 생각이 들어 요 결혼해서도 앞으로 무슨 날이 다 무슨 기념이 다 하면서 이것저것 요구하실 것 같아서 무섭기도 하고요제가 생각이 짧고 마음이  좁은 건가요 예비 신랑의 형님께 기분 상하지 않게 저의 생각을 확실히 전달할 수 있는 답장을 보내고 싶은데 어떻게 써야 할까요
침대에서 테트리스하는 아이돌,방탄소년단 자 컨 달려라방탄 촬영 중 잠자리가 모자라는 상황이 발생함 이에 멤버 지민이 의견을 냄데 덴찌 손바닥 편 가르기하는데 네 명이 똑같은 거 나오면 넷이 같이 붙어 자는 걸로 동생들의 효율적인 수납을 위한 조언을 해 주는 민슈가씨이에 멤버들은 차례 차례 눕기 시작 지민정국진 뷔 ❗️ 인간 테트리스 완성 ❗️ 팬들은 이런 방탄의 모습을 보고 옹기종기 모인 야채 튀김소년단이 라 부름방탄 귀여워서 떴 다❤️
이 얼굴로 게이 연기,내 주변에 이렇게 생긴 게이 있으면 미칠 듯
키 큰 거 솔직히 짜증 남,나 인데 물론 키 크고 마르면 상관 없는데 조금만 살쪄도 존 나게 부해 보이고 덩치 커 보여서 스트레스 받음 거기다가 가슴살도 찌면 아줌마 같음 키 크면 무조건 말라야 예뻐 보이는 듯
몸이 진짜 좋았던 전남친이 자꾸 생각나요,사실 전남 친은 아니고 전 전남 친 사실 그 오빠한테 호감 느꼈던 가장 큰 이유가 날티안 나 고 지적인 외모였는데 반전이 얼굴하고 안 어울리게 진짜 열심히 관리한 딱 보기 좋은 건강하고 탄탄한 몸이랑 손발톱부터 제모까지 항상 깔끔하게 하는 청결한 몸 관리 때문이었던 게 컸고 그 오빠가 취업하고 부업으로 다른 일까지 하게 되면서 평일은 물론이고 주말까지 데이트는커녕 얼굴도 보기 힘든 날이 계속돼 서 너무 외로워서 헤어지자고 했는데 그 뒤로 다른 사람을 만나고 또 지금 남친도 만나지만 아직도 그 오빠가 떠오름 이유는 모르겠네요 전남 친 현 남친은 그냥 운동 안 하는 진짜 평범한 우리나라 남자들 평균 몸인데 지금까지 사겼던 남자 중 그 오빠는 진짜 그런 면에서 너무 월등했어요 옆에서 걷기만 해도 다른 여자들이 다 한 번씩은 흘끔거리는 게 느껴지는데 그럴 때 느껴지는 우월감 같은 것도 있었고 자기관 리 잘하는 남자라는 장점 그리고 오빠가 바빠서 자주는 아니었지만 침대에서도 너무 좋았고 그냥 지금도 연애 중인 사람이 이런 말하면 안 되겠지만 술김에 생각나서 끄적거려 보네요 의미 없는 건 알지만 그냥 침대나 소파 위에서 뒹굴거리면서 티비보다가 손이 심심하면 그 오빠 딴 딴 한 복근 문질문질하던 그 감촉이 괜히 떠오르고 그냥 그러네요 그렇다고 오빠랑 헤어지고 바로 사겼던 전남친이  싫었던 것도 아니었고 현남친도 사랑하는데 그냥 요즘 자꾸 그 오빠가 떠올라 요 꿈에서도 가끔 나오고 아직 미련 있는지
독립한 딸 집 비밀번호 내용 추가 했어요,안녕하세요 작은 고민이 있어서 오랜만에 들어왔어요 대 중반에 대학생 딸이 최근에 독립을 했습니다 집 비밀번호를 알려달라 하니 그건 알려주겠는데 하루 전에 연락하고 오라고 하네요 원래 다들 내 딸 집에 가는데 허락 받는지 서운해서 얘기했더니 엄마가 내 방 방문 잠그지 말라 했었던 거 기억나냐 그때 엄만 여긴 엄마 집이니 싫으면 독립해라고 했다 근데 독립해도  똑같은 기분을 느끼면서 살아야 하냐면서 답했습니다 듣고 보니 맞는 말인데 그래도 참 서운하고 걱정돼 고 감정이 격해서 싸우게 될까봐 나중에 얘기하자고 피한 상태예요 어떻게 타협점을 찾고 싶은데 현명하신 선님들의 조언 기다립니다 내용 추가합니다 집 비밀번호 알려달라 한 건 년 전 딸이 쓰러져서 응급수술을 받아야 하는 상황이 왔었습니다 처음엔 건강하던 딸이였에  원인을 몰랐습니다 그러다 구급차에서 딸애 휴대폰으로 온 전화를 받고 갑자기 쓰러지게 된 이유를 알게 됐습니다 친구들한테 속이 안 좋다 머리가 아프다 얘기하고 연락이 없어서 걱정되어서 혹시 몰라 전화했답니다 기억을 꺼내는 거 조차 눈물 나는데 위중했어요 의학 드라마에서 한 말을 실제로 많이 들었습니다 한 의사 분은 수술 중에 나오더니 마음의 준비를 하라 하시더라 구요 그 후로 한 달 정도 중환자실에 있었고 수술한 지 주 후에 눈을 떳습니다 그때 딸애 폰 노트북 비번을 못 풀어서 고생했던 기 억이 납니다 학기 초라 휴학 신청을 해야 하는데 아무것도 모르니 혹시 몰라 그 친구한테 연락해보니 친구들은 비번을 다 알고 있었습니다 그 덕분에 휴학 신청을 완료했어요 또한 지금도 추적 관찰해야 하는 병입나다 그땐 목숨이 위태로워 서 응급조치를 한 거라 올 월 달에 수술 다시 했고 년은 더 지켜봐야 합니다
배민 리뷰 레전드,
재현 말투  웃김,아니 웃기진 않고 사실 별 거 아닌데 좋음
후기 간편식으로 명절 음식 준비한다는 새 언니 어 떡할까요,후기 심란한 마음으로 적은 글인데 많은 분들이 댓글 달아주시고 하셔서 좀 얼 떨떨하기도 하고 이래서 여러 사람의 말을 들어야 하는구나 생각이 들기도 하고 욕이 많아서 좀 기분이 이 상하기도 하고 하네요 제 행동이 시 누짓이라는 분들에게는 저는 정말 새 언니를 고 깝게 생각한 게 아닌데 약간 억울하기도 하고 변명 아닌 변명을 하자면 저희 엄마는 제 사 명절 음식은 가짓수가 적더라도 직접 하 는 것이 정성이 고 그게 당연하다고 자주 말하셔서 혹시 엄마가 알게 되면 큰일이 날 것 같아서 정말 걱정되는 마음으로 적은 것이였구요 이것도 못 믿는 분들은 어차피 제 의도가 뭐든 자기가 믿고 싶은 대로 믿는 것 같으니 더 길게 말 안 할게 요새 언니가 아니라 오빠가 일을 벌인 것 같다는 건 아예 생각도 못했던 부분이여서 그럴 수도 있겠구나 싶기도 하고 남편이 하자고 해도 싫으면  싫다고 할 수 있지 않나 싶은데 이건 뭐 제가 아직 결혼을 안해서 잘 모르겠구요 그리고 백만 원 준다는 걸 오빠가 모르지는 않았어요 엄마가 전화로 너희가 고생하는데 어떻게 엄마가 되서 가만히 있냐고 하면서 돈 백 정도 챙겨줘야겠다 이렇게 말해서 오빠도 알고 있었고 당연히 새 언니도 오빠가 말해서 들었겠죠 그리고 속여서 가져가는 게 보기 안 좋다 적은 건 오빠가 결혼 전에도 엄마한테  거짓말 치고 돈 받아가고 그런 적이 많아서 그냥 그거 때문에 별로 다라는 식으로 적은 거였구요 후기 아닌 후기를 적자면 저는 엄마한테 말 할 생각이 없구요 그냥 가만히 있을 생각이에 요 댓글 대부분 의견들처럼 저는 앞으로 오빠네와 부모님의 일에서 그냥 신경 끄려구요 그리고 새 언니에게는 저의 행동 하나하나가 부담 일 수 있다는 것도 잘 새겨듣겠습니다 모두 추석 잘 보내세요 안녕하세요 여기가 결혼하신 분들이 많이 이용하는 게시판이라 아직 미혼이지만 글을 올리게 되었습니다 글을 올리게 된 이유는 저희 새 언니 때문인데요 제가 어 떡하면 좋을지 제 발 봐 주세요 저희 오빠는 작년 초에 결혼을 했구요 결혼하고 얼마 되지도 않아 코로나가 터져 가족들 다 같이 만나는 횟수도 줄이고 새 언니가 우릴 불편해하는 것 같아 안부 연락도 오빠에게만 했습니다 새 언니가 대학병원 간호 사라빨간 날 이런 것 상관없이 교대근무 돈다고 알고 있어 요 저희 집엔 년에 총 번의 제사가 있고 아직 할아버지가 살아계셔서 제사가 좀 많아요 명절 번까지 하면 흔히 말하는 명절 음식 같은 전 부치고 하는 음식을 해야 하는 일정이 많은데 요새 언니 직업도 그렇고 결혼한 지 얼마 되지도 않아서 손에 익지도 않은 요리하는 게 불편할 테니 엄마가 괜히 새 언니한테 부담주지 말고 우리 둘이 하던 대로 하자 해서 여지껏 그렇게 했습니다 참고로 저희 집은 여자만 음식하고 그런 집은 아니에요 아빠는 손재주가 없으셔서 밀가루 묻히고 계란물 푸시고 하는 거랑 설거지 전담해서 하세요 아무튼 이번 추석은 오빠를 빼고 다 차 접종까지 완료해서 엄마가 오빠한테 전화해서 물어보니 집에 온다 하더라구요 마침 새 언니도 올 추석은 쉰다고 했구요 그러면서 하는 말이 제대로 참석하는 명 절은 이번이 처음인 것 같다고 명절 음식을 새 언니가 다 준비할 거니까 엄마랑 저한테 올해는 아무것도 하지 말라고 하더라구요 아무래도 양이 양인 만큼 오빠가 도와 줘도 새 언니 혼자 하기는 힘들 것 같아 부담되지 않는다면 제가 가서 도와주고 싶어 오빠한테 연락을 했는데 오빠가 계속 괜찮다고 하다 말이 길어지니 새 언니가 요즘 흔히 말하는 간 편 음식 같은 걸로 전부 다 준비하려고 한다 하더라구요 그러면서 저한테는 엄마한테 절대 말하지 말라 그랬구요 근데 저는 도저히 이해가 가지 않아서 요 저희는 단 한 번도 새 언니에게 음식 준비로 스트레스 받게 한 적이 없는 것 같은데 왜 저런 거짓말까지 치는지 모르겠어요 가끔 안부 인사로 집에 왔을 때도 주방에 못 들어가게 했습니다 저는 그럴 거면 그냥 엄마한테 다시 말해서 음식 준비를 하는 게 좋을 것 같은데 이미 새 언니가  저렇게 말해놔서 제가 엄마한테 사실대로 말하면 고 자질하는 상황인데 그럼 나중에 새 언니 얼굴 보기도 좀 그럴 것 같고 엄마가 새 언니 혼자 음식 준비하면 힘들 거라고 엄마가 오빠네한테 돈을 만원 줄 생각인 것 같은데 엄마 속이고 돈 받아가는 게 보기 좋지도 않구 요저는 어 떡하면 좋을까요
시 할머니 분 다 뵙고 뻗어 있는 아내한테 왜 피곤하냐고 하는 남편,토욜날 하루 종일 시 할머니 시 외 할머니 보고 왔어요 저희 반 반 결혼이고 결혼 전 명절 스케쥴 약속 다 틀어졌지만 이해했어요 수요일은 따로 시 부모님도 보러 가야 해요 암튼 어제 다녀오고 제가 뻗고 아침에 같이 외출하는데 순간적으로 기운이 빠졌는데 왜 그렇게 피곤해하냐 길래 제가 아 좀 피곤하네 햇더니 잠 많이 잤잖아 이러는 겁니다 그리고 또 외출 후에 돌어올 때 진짜 극심하게 피곤해서 지하철 에서 졸고 남편한테 와 피곤하네 햇더니 약간 기분 상한 듯 왜 피곤한데이럽니 다수요일 날 저녁에는 시댁 가기로 햇는데 자기 엄마가 저를 배 려 해준 거래요 솔직히 기회 봐서 되물을 려구요 저희 친정은 월욜 저녁에 볼건데 시댁 스케쥴이 몇 배나 많앗는데 뭘 배려해준 건지 남편은 지 친구들 집들이 때문에 하루 종일 제가 요리하고 하루 보내고 다음날 하루 종일 뻗어 있다가 아공 피곤하다 짜증투 아님 남편 한테 거의 짜증 안내요하면 되게 무심하게 잠만 자니까 그렇지 이러고 시댁 가면 얘 토욜마다 잠만 자 요 맞벌이 반반 결혼이러거나 제가 그날 연가였다 치면 얘 안 피곤해요 오늘 연가에 요 이러고 제가 술 한 달에 한 번 마실 때 남편은 매주 번은 마시면서 제가 한 번은 이런 남편 땜에 우울해서 일부러 맨 정신인데 꼬장 부린 적이 있거든요 울고요한 번 그랬어요 저는 남편 하고 아니면 술 마시지 않고 마셔봐 야 잔 마시고 잔 이상 마시는 건 거의 반 년에 한 번 이에 용시 아버지가 저에게 술을 권하니까 남편이 얘 술꾼이에 요 이러더라고요 그래서 시 어머니가 어머 뭔 일 있니 이 러시더라고요 그때 자기가 매일 마시던 때였거든요 이 남편이랑 살면 늘 너무너무 억울하고 치사하고 해도 해도 고마운 걸 모르고 오히려 당연히 여기고 자기가 배려 햇다고 진심으로 믿고 있어서 우울증 걸 거 같고 너무 억울해서 정신과도  갔었어요 이런 남편 이 유가 뭐고 이런 남자 보신적 있어요이 남자를 어떻게 해야 할까요 이제는 누가 건들면 눈물 날 거 같아 요원인이 뭘까요 저를 개 만만하게 보는 건 순위 구 여제가 볼 때는 나르시시스트 같아요
솔직히 나는 비만 혐오 있다 없다 추반,뚱뚱한 사람 보기 싫거나 뚱뚱한 사람 보고 왜 저러고 살 지 란 생각해 본 적 있거나 비만 혐오 한다추 비만 혐오 안 한다반 솔직히 나는 조금은 하는 거 같아 그래도 대 놓고 말하진 않음 걍 속으로만 생각해 뷰티톡
헐 카리나가 로 잘린 한테 선물 줫나 봄,댑악 아니 내가 무슨 세상 사람들 아 모두 이 미친 소식을 당장 봐 보렴 대박 대 박 요지랄한 것도 아니고 그냥 신기하다 대 박 이런 건데 그게 뭔 대박이냐 아니 너네 친구 없지
나 과 체중인데 한 달 만에 키로 뺌,에서 으로 방법 알랴줄까 건강에 그닥이긴 한데 쓰러진 적 도 없어 아 그리 구 나 추 마니 췄어 춤 추는 거 좋아해톡선 고마엉시미즈 예뻐
빅톤 팬들한테 예전부터 궁금한 게 있는데,일단 난 타팬이 고 빅톤팬 친구 판에서 올라온 글 등 등으로 궁금증이 생기게 됐음 예전에 빅톤 살짝 간잽했었는데 갑자기 팬덤 분위기가 험악해져서 타팬 인증 항상 빅톤 관련해서 판에 올라오는 글들 보면 멤버 차별 소속사 대우 이런 글들이 많던데 팬덤 싸움이 심해 누구 팬이 잘못했니 누가 잘못했니 이런 글이 많던데 이런 건 팬톡가 서 얘기하면 좋겠고 보아 하니 팬톡 물 안흐리려고  엔터에다만 글 쓰는 것 같아서 일단 난 지금 아무것도 모르는 상태에서 물어보는 게 아니라 몇몇 일들 찾아봤어 친구한테 듣고 판에서 본 거로는 회사가 한 승우 최병찬을 배척한 다 팬들도 그 둘을 배척하는 사람들이 좀 있다 무조건 개인 팬이라는 이 유로 잘못을 몰아간 다 뭐만 하면 프 듀팬들 유난이라고 한 다 저 둘 코디가 개 같다 그 외에 회사는 팬들 건의사항 먹금에 다 팬들은   서로 입막음 등등이 있던데 서로 왜 싸우는 거야프듀 때는 가족이라면서 가족 같은 분위기로 영업하지 않았어 그렇게 사이 좋던 팬덤이 갑자기 사이가 진짜 개나 빠져서 궁금해서 물어보는 거야나 간잽할 때 프 듀멤들 내려치기 이용해서 타멤들 올려치기 했었는데 지금까지 한 성과가 그리 없으니 그렇게 올려치기 할 만큼의 능력은 아닌 것 같고 그룹 팬들이 개인 팬들 싫어하는 이유가 오직  개인을 좋아하는 팬’ 이어서만인 거야 그런 거면 그건 개인의 자유인데 암튼 엔터에서 싸우는 거 보면 정신병 걸릴 것 같음
투바투 연준 다이어트 후기,투바투 연준 낮에만 먹고 굶는다 한 거 보고 낮에만 먹고 홈트 아침에 분 밤에 분 하고 걍 중간 중간 애들이랑 산책했는데 일 만에 키로 빠짐 그동안 엄청 쳐먹긴 했나 바둘째 날까지는 배고파 뒤질 거 같았는데 뭔가 셋째 날부터 앵 간 참아지고 지금도 먹고 싶긴 한데 그때만큼 간절히 저녁에 뭐 먹고 싶진 않음 굳 얼굴 살 뺄려고 한 건데 배 쪽이랑 엉덩이쪽 빠진 거 같음 오늘 일차 고 점심은 대 패삼겹살이랑 된 찌랑 밥머금 키로 더 빠짐 솔직히 요요오기 딱 좋긴 한데 난 까지 빼고 급식은 먹고 저녁으로 샐러드 먹으면서 유지하면서 점점 일반식으로 바꿀려 고 처음 일일 정도까지 힘들고 그 다음부터는 쉬웠어 난 지금도 당근 치킨 마라탕 다 먹고 싶은데 뭔가 그때 만큼 식욕이 막 돌진 않오
슈가 얼굴 뭐야,핑크색 머리 뭐야 진짜 뭐야 이게 뭐야 하늘색 잘 받는 거 뭐 야 요정 아니야
스테이크 집 원짜리 식사,
너넨 남사친이랑 스킨십,어디까지 가능 손 크기 재기 어깨에 머리 기 대기 등 등 가능
최근 역대급 인맥 남돌,오타쿠 심장 뛰게 하는 에이티즈 월일날 컴백했어 ​ 더블 타이틀 데자부랑 이 터널 선샤인으로 섹시도 하고 청량도 하고 감격 ​ 항상 그렇듯 작사 작곡에 홍중이랑 민기 참여했어 데자부는 섹시 하나로 설명 쌉 가능 뭘 하던 지 티즈들 열심히 해서 티니들이 너무 사랑할 수 밖에 없음 이번 데자부는 걍 섹시 정점 찍었어 ❤그리고 더블 타이틀인 이터널 선샤인은 청춘에 대한 영원한 소망을 표현 하는 청량탄 산수 같은 곡이야 소년 미 낭낭❣그리고 개인적으로 이번 앨범의 수록 곡인 밤 하늘 굉장히 좋아하는데 이 곡은 티즈들 마음이 다 전해지는 곡이야 꼭 추천 듣고 운 건 안 비밀 펑펑 울었다​이번 타이틀곡 투표할 때 문별님 광희님은 혁님 김종국님 노제님 신동엽님 홍윤화 김민기 님싸이님 노노카님 지연님 제시님 비님 펜타토닉스의 스캇 호잉님 등 등 많은 연예인 분들께서 참여해 주셨는데 두곡  다 좋아서 두개 다 하기로 해 써 그렇게 됬 다 그리고 임영웅님이 덕질하시는 에이티즈 뿌듯 자랑이야 ​그럼 멜론 지니 바이브 벅스에서 데자부랑 이터널 선샤인 많이 들어주세요 컴백 많관 부❣❤그리고 여기 추천 영상 하이퍼링크 달아놨으니 가서 꼭 봐주라데자뷰 뮤비 밤하늘 유희열의 스케치북에서 종호가 사과 뿌시면서 노래 부르는 거 그리고 다음 주 놀토에 우영이랑 ⛰ 이 나오니까 본 방사수 해쥬세요
아내가 채팅으로 만난 유부남과 원나잇을 했습니다,너무 기가 차서 손이 부들부들 떨립니다 아내가 오픈 채팅으로 만난 유부남과 모텔에 가서 원나잇을 한 사실을 알게 되었습니다 아내가 무수한 남자들과 아내와 같은 불륜 저지르려는 유 부녀들이 가입한 소개팅 어플을 통해 오픈채팅으로 유부남을 만난 거였습니다 자식은 살 딸 한 명 있고 너무 기가 찰 지경입니다 차라리 상간 남이 있고 한 명의 남자와 바람 피우는 것도 아니고 여러 남자 와 채팅하고 만나고 심지어 내가 잠자리 기술이 부족하다니 이런 추잡스런 소리까지 채팅에 버젓이 써놓았습니다 아내는 오히려 뻔뻔합니다 난 당신 같이 볼품 없이 날 만족시키지 못하는 남자는 싫다고 이 혼하자면 이 혼하잡니다 거기다가 애는 못 키우겠다고 내가 키우랍니다 아내에 대한 배신감에 화보다는 너무 기가 차네요 결혼생활이 이렇게 끝나 다니 너무 허무합니다
미국 공항 일 하시는 분들이 방탄,오니까 다 핸드폰 꺼내놓고 사진 찍고 있음 근데 미국 아미들 약간 뿔났던데 아미들 많이 갔나 봄
현상금 만원이 걸렸던 슈퍼마리오 버그의 비밀,
남편 남동생한테 쌍욕 먹었어요,남편이 집안 대소사 다 챙기고 돈 번 것도 다 그리로 나가요 생활비는 쥐 꼬리만큼 주고 부모 형제들한텐 엄청 잘하고 친구들한테도 잘하고 이웃들한테도 잘하는데 정작 지 처자식한테는 신경도 안 써 요요번에 시 어머니 소천하셨는데 또 그 모든 부대비용을 자기가 다 감당한다는 거에 요 진짜 참다 참다 그 슬픈 자리에서 폭발을 해버렸어요 왜 우리도 여유가 없는데 혼자 비용을 다 감당하냐고아 주버님이랑 서방님은 뭐 하시는 거냐고 화가 잔뜩 나서 성질 부리는데 서방님이 갑자기 욕을 해 대면서 지금 이 자리가 어느 자린 데 난동을 부리나면서 죽일 듯이 쳐다보고 험한 말을 하더라구 요도저히 감정 붙들고 있을 수 없어 장지도 안 가고 혼자 울면서 집에 왔네요 진짜 너무 서러워요
수진 탈퇴 다음날 올라왔던 기사,
방탄 지민 정국 품절,이번 방탄 공항에서 입었던 거 이쁘다 하면서둘러보고 있었는데 지민이 시계 가방 정국이 옷 가방 품절이라 네 엄청 비싸던 데 살 수 있는 사람들 부럽 다루이비통에서 아직 안 나온 거 입은 멤버 있던데 출시되면 그것도 품절 뜰까
대 초반 남자에게 또래 여자 소개해주면 욕먹나요,살 남자에게 살 여자 소개 해주려 하는데 후반인 오빠가 살 남자면 중반 해주라고 하네요 또래 여자 해주면 너 욕 먹는다고 그 살인 언니는 나이는 대지만 진짜 이 쁘고 피부도 좋고 과 장 안 하고 살로 봐요 어디 가면 대 남자애들도 번호 물어볼 정도니까요어차피 어려 보이고 이 쁘면 나이 상관 없지 않을까요 그리고 지는 나이 안 먹나연상을 해준 것도 아니고 남자들 웃기네요
로제 오늘 양 갈레 머리 너무 귀엽슙니당,너무요
와 로제 비율 쩐다,힐 신으니까 더 저 세상 비율 됨
에이티즈 홍중 실망이다,뭐 저리 매일 잘생기냐 홍중이 약간 붉은 계열이 잘 어울리는 거 같다 이뻐☆
내 친구  약간 진짜 여자들이 원하는 너드 남임,키 에 덩치 크고 손 크고 발 크고 마른데 근육 있고 운동함 연예인 진짜 하나도 모름유재석 강호동 아이유 방탄 정도 밖에 모름 노래 안 들 음 카톡만 함 안 봄 가끔 고양이 나오는 채널 본대고양이 키우고 기 타도 잘 침 잘생겼 음콧대도 높고 피부 하얗고 깨끗함 방 정리 잘 하고 잘 씻음 요리 잘 함 꾸미는데 관심 없음 머리도 내가 미용 실 가자 하면 감학교에서 인기도 많은데  지는 모름친구 별로 없음모 쏠임 맞춤법 너무 잘 지킴 하루 일과 가 학교 학원 운동이 끝주말에도 뭐 하냐 물으면 운동하더라 근육도 있고 복근도 있고 가끔 어디 친구한테서 주워들은 되도 않는 개그 같은 거 나한테 치 긴 하는데 이거 여자들이 원하는 찐 따남 같은 거 아님
저 이 쁘지도 않은데 이 남자가 왜 관심 표현하죠,
저랑 남자친구랑 대화입니다 누가 말이 안 통하는 건가요 ,안녕하세요 작년 말에 상견례하고 내년 초에 결혼을 앞둔 예 신입니다 코로나와 집값 때문에 조금 미루자 하던 게 일 년이 지나 버렸네요 아직 결혼은 하지 않았지만 인생 선배님들께 조언을 듣고자 글을 올립니다 제 남편이 될 남친과 한 번 싸우면 끝이 안 나는 문제입니다 저는 정말 온순한 성격이고 그전에 사귀 분 사람들과는 한 번도 이렇게 격하게 싸우지 않는데 최근 일 년간 제 남친과는 거의 욕을 하면서  싸우게 되는 거 같습니다 대화를 하다 보면 속이 터져 고혈압으로 쓰러질 거 같은 느낑이 듭니다 한번 글을 올리려고 했으나 제 주관적인 기억으로 쓰면 안 될 거 같아 이번 싸움에 녹취를 하였습니다 많은 싸움 중 가장 최근 싸움입니다 남친은 약간 저를 통제하거나 자기의 말 개그 행동이 저에게 영향을 미치는 걸 죻아합니다 저 또한 수용적인 성격이구요 처음 사귈 때부터 저의 남사친 등에 간섭을 했고  저 또한 니가 그럴 거면 나한테도 간섭을 하겠다라고 했습니다 그 간섭의 예를 들면 여사 친이랑 밥 먹거나 연락해도 된다 어차피 친구니까 대신 나한테 말을 해달라 이런 거였습니다 그게 년입니다 그런데 올 월에 갑자기 제가 처음 듣는 동네 친구가 있다는 것입니 다 알고 보니 명절 때 연락은 자주 왔으나 저랑 사귀느라 한 번도 보진 않았던 년지기 동네 친구였고 그 친구가 원래 경기도에 있다가  여기로 내려오게 되면서 최근에 생긴 안 좋은 일로 밥을 먹기로 했다는 것이었습니다 저는 그렇게 저에게 이 사람 만나 지마라 연락하지 마라 간섭을 하면서 왜 이 제껏 이 친구를 말하지 않았는지 서운했습니다 하지만 다른 제자 여 자동네 친구도 끼어 명이 서 밥을 먹는 것이었고 저는 똑같이 하고 싶진 않아서 서운했지만 맛있게 먹고 오라고 했습니다 그날 세 명이 서 카페까지 놀고 헤어진 걸로 알고 있 습니다 그리고 그 후 제가 평소 제일친했던 직장 선배가 다른 기관에 저와 비슷한 업무인 후배를 소개시켜주면서 서로 자료 공유를 하라고 친해지라 하면서 점심을 같이 먹자고 연락이 왔습니다 그 선배 후배 둘 다 남자입니다제가 물어보니 남친은 딱 잘라 아니라고 하였습니다 여기서부턴 녹취한 내용입니다 남 안 돼 나는 반대할 게나 왜 그냥 점심이고 너그때 동네 친구도 내가 한 번도 못 들 었던 사람인데 결국 만났잖아 난 그때 안 서운했는 줄 알아남 그땐 동네 친구였고 내가 설명했잖아 그냥 명절 때만 연락와서 말 안 한 거라고 나그럼 그때 다른 동기 집 놀러 갔을 때 여자 동기 한 명 있었잖아 그때 다같이 잘 놀았잖아 그거랑 비슷한 상황 아니야 남 그건 동기였고 너는 동기가 아니잖아 나 그럼 무조건 똑같은 상황이어야 하는 거야 니는 명절 때만 연락 온 거다 동기 다 그렇게 니 상황은 다 정당화하면 서 나는 그냥 모르는 직장 후배라서 안 된다고 남 또 왜 그렇게 이분법적으로 흑백 논리로 말해 정당화라고 아니 왜 내 말을 안 듣고 니식대로 해석해 나 아니 진짜 열받네 그럼 나 만날 테니 니도 똑같이 해라 그 대신 무조건 똑같은 상황이어야 한다 남 미안해 그럴 필요는 없어냐 그때 그 친구들 결국 만날 때 내가 싫은 티팍팍 냈지 근데 넌 만났잖아 결국 나도 동네 친구라니 터치 안 했고 그때 니 미안하다 고 제대로 했나 남 미안하다고 했잖아 그때 명절만 연락한 거라 말 안 한 거라고 나 그게 미안하다고 한 거였나 차라리 그때 미안하다고 제대로 했음 지금 니가 반대하는 걸 수긍이라도 하겠다 남 했잖아 그리고 내가 언 제 반대했어나 니가 반대라며 남 반대가 아니라 걱정이라고 그 후배가 이 상할 수도 있는데 그리고 나 사 과제대로 했었다나 아니 하 너랑 나랑 분명히 여사 친 남사친 연락은 바로 말 해주기로 했었는데 니가 약속을 어 긴 거였잖아 그래서 내가 뭐라 한 건데 그때 니는 계속 명절 때만 연락한 거다 어쩔 수 없었다 계속 그러다가 마지막 되어서야 미안해라고 툭 내뱉듯이 했잖아 그게 무슨 사과야남 툭내뱉듯이 내가 언제 그랬어 그리고 미안한 거당연한 거니까 내가 말 안 한 거고 명절 때 연락 온 게 전부라 너를 속인 게 아닌데 니가 계속 몰아세우니까 아닌 건 아니다라고 말하다 보니 그 말만 먼저 한 거야나 그건 뭔 이상한 소리야 미안한 게 당연한 건데 왜 말을 안 해 말 안 하면 내가 어쪼아는데 남 너는 왜 니식대로만 생각해 왜 내 말을 안 들어 왜 이 해를 안하려고 해 그리고 왜 옛날 일을 꺼내 나 아니로 루기모로 라 오리류로 루로기 위 내용은 거의 한 시간 넘게 통화한 내용을 최대한 요약한 거예요제가 결 시 친님들께 물어보는 건 이 상황에 잘못 여부가 아니라 남친의 대화 방식입니다 위 내용이 대부분 싸울 때 저희 대화입니다 보통 남친이 잘못을 해요 그럼 저는 거기에 대해 따지고 그러면 남친은 사과를 안하고 계속 자기가 왜 그랬는지 이유를 말합니다그럼 왜 계속 핑계를 대냐 너가 결국 잘못한 건 맞지 않냐 하면 왜 자기 말을 안 듣냐 왜 니 말만 하고 니식대로만 생각하냐고 말을 합니다 그러다 제가 머리 끝까지 화가 나면 미안하다고 합니다 그래도 제가 화를 내면 미안하다고 했는데 왜 안 듣나  이럽니다 거의 모든 싸움 방식이 다 저 대화로 이루어져 있습니다 녹취록도 보시면 알 수 있등이 계속 자기식대로 말을 합니다 선배님들 혹시 제가 예민한 걸까요 저는 일단 잘못을 한 거에 대한 사과를 듣고 싶은데 계속 남친은 아닌 건 아니다라고 먼저 말을 하는 게 맞는 거래 요 그 후에 자기도 사과를 하지 않냐면서 요실제로 그 여자친구는 동네 년지기가 맞았고 카톡 대화까지 보여주더라구요 근데 저는  저 대화 방식이 너무 먼 가 말로 표현이 안 되는데 이상 핳니다 아니면 제가 이 상한 걸까요 제발도와주세요 추 댓글들 잘 읽어보았습니다 실은 저 녹취가 된 최근 싸움으로 제가 오히려 남자한테 파혼을 당한 상태입니다 거의 싸움이 개 싸움으로 서로 욕하고 공격하는 상황에 왔었고 제가 끝내자 하니 너는 왜 이리 끝내자는 말을 쉽게 하냐 알았다 그래 라고 하고 바로 집안에 파혼을 말 을 하더라구 요 저는 정말 제가 아무리 말을 해도 절대 안지니까 끝내자 고 하면 붙잡으면서 조금이라도 인정을 하지 않을까 생각했는데 결국 끝까지 인정 안하고 바로 끝내더라구 요 근데 어제 밤에 연락이 와서는 자기가 미안하다고 말을 하면서 자기는 나를 설득하려 노력했고 사과하려 하였으나 계속 제가 화를 냈고 끝내자는 말을 쉽게 해서 자 긴 어쩔 수 없었다 미안하다 잘 살아라라고 장 문의  카톡이 왔더라구요 그래서 정말 내가 이 상해서 이렇게 된 건가 갑자기 헷갈려져서 글을 올리게 된 거였습니다 여러분들의 귀한 조언 덕분에 저는 파혼을 후회하거나 제 탓을 하지 않게 되었어요가끔 지난 년의 세월이 씁쓸해질 때 이 글을 보면서 위안 받을 게요 댓글 감사합니다
너네  개친한 친구가,뭐 조금이라도 잘 되면 이건 정말 하나님이 주신 기회 다 하나님 감사합니다 이러고 날씨 좋으면 하나님 최고 이러는 애가 있는데 어 떨 것 겉음 그리고 또 너네한테 전도를 하려고 해 너네 같으면 손 절침
추가 큰 아빠가 할머니 이 제 울 아빠보고 모 시래요,추석 다가오니 아빠에게 큰 아빠 전화가 왔어요 통화 후 아빠 표 정보니 안 좋아서 물어보니 큰 아빠가 이번 추석 잘 지 내라는 말과 이제 할머니 우리더러 모시라고 했대요 듣고 있던 엄마도 놀라고 저도 놀라서 더 물어보니 큰 아빠가 건강이 너무 안 좋아져서 회사도 쉬고 병원에 가야 한대요 그래서 할머니 댁 왔다갔다 하며 신경못 쓴다고 지방에 혼자 계신 할머니 돌보기 어려우니 이제 저희 아빠와  다른 작은 아빠들이 할머니 병원 모셔다니고 집안일에도 신경 쓰고 명절에도 이 제 할머니 댁 좀 가라고 통보했대요 날벼락 떨어졌어요 아빠가 다른 작은 아빠들과 얘기를 해보고 다들 바쁘고 형편도 힘드니까 통장 만 들고 할머니 병원 비 생활비 공동 부담하기로 정했어요 아직 누가 할머니 병원 모시고 다닐지는 안 정했어요 대충 정해진 비용 문제를 큰 아빠에게 전달했어요 그런데 큰 아빠는 할머니 병원비  생활비 그동안 혼자 부담했다고 안 내겠대 요아빠가 당황해서 형제들 같이 부담해야 하는 거 아니냐고 우리 집 형편도 이야기했더니 그럼 그동안 혼자 부담한 병원 생활비 계산해서 보내줄 테니 형제들이 큰 아빠 몫 빼고 나눠서 이체해 달래요당연히 아빠는 말이 안 되는 소리니까 약간 다툼이 오간 거 같아요 그 후에 큰 아빠가 그럼 돈 내기 싫으면 본인이 하는 것처럼 주말마다 아픈 할머니 댁 가서 보살피 고 회사 연차 내서 병원 챙기고 하래요 이것도 말이 안 되잖아요 어떻게 서울에서 지방까지 주말마다 가나요 아빠가 화가 나서 뭐라고 했나 봐요 그랬더니 큰 아빠가 그럼 땅은 받아 갔으면서 할 도리는 하지도 않을 거냐고 본색을 드러냈어요 무슨 년 동안 명절에 오지도 않으면서 궁시렁 할머니가 아파도 모른 척 한다고 궁시 렁 괜히 아빠에게 뭐라고 하는 거 같아요예전에 시 골 천평 땅 큰 아빠가 혼자  물려받아서 아빠가 화나서 형제들 총대 매고 나선 끝에 그 땅 분할상속받았어요 그런데 그 얘기하면서 땅도 받아 놓고 명절에도 안 오냐고 할머니 왜 안 챙기냐고 큰 아빠가 화낸 대요그럴 꺼면 처음부터 혼자 땅 먹지 말던 가 요 너무 속 보이지 않나요 이러다 꼼짝없이 아빠가 고생하실 것 같아요 대책 공유해주세요 추가 기출 변형입니다 큰 아빠가 저희 아빠세요 저희 아빠 기준에서 썼더니 댓글 한 개 달린 내 용이너네는 호구니까 당해도 싸다라며 아빠 욕하는 댓글이 많아서 기 출 변형으로 다시 작성하였습니다 작은 아빠들 작은 엄마들 제발 명절에 애들만 보내지 마세요 그것도 용돈 주는 설날에만 주로 오네요 그리고 명절 당일에 와서 밥만 먹고 생색내고 가지 마세요 그리고 우리 집도 돈 없는 거 뻔히 알면서 왜 할머니 병원비는 관심도 없으세요 그럴려고 땅 분할상속 해달라고 화 낸 거에 요땅 분할상속 받 았으면 좀 명절에 전화라도 하세요 명절에 안 온 지 벌써 년도 넘었어요 땅도 받아 놓고 너무 모르쇠 하네요
남친은 나 집인 줄 알겠지,너땜에 우울해서 밖에 앉아 있어
머글이 보는 태용 스우파 심사평 현실,신부감 고르러 스우파 나 옴노제 리 정 허니제이 로 잘린 이채 연 보아 스우파 틴트 뷰티 화장 춤 장원영 카리나 윈터
투바투 더 보이즈 이걸로 왜  난리난 거냐,이 해안가 네 이 글 쓴 애가 말을 이상하게 해서 그렇지 범규가 한 말은 자기가 앵콜 연습 때 매 노래 장난 스레 개사하면서 부르고 있었는데 덥즈 누가 수빈이한테 지금 노래 부르는 사람 누구냐고 막 장난으로 전화 왔었대 뮤뱅 인터뷰 보면 알 수 있듯 두 그룹 친함 그래서 최수빈 웃음서 범규라고 하고 범규도 앜 죄송함 다 하고 끝났대 이게 끝임 이걸로 왜 범규는 눈치  도 없고 더 보이즈는 꼽주는 거냐고 욕먹는지 모르겠음 문락맹들아
이미지 떡락 중인 그룹,
 등급이 제일 참담함,공부를 안 한 것도 아니고 내 딴엔 열심히 했는데 위에는 나보다 열심히 한 애들이 있고 나는 걔 네 만큼은 못 하겠고 그렇다고 못한다고 버릴 성적은 아니지만 어디다 내주기엔 좀 민망함
남사친이 나 좋아하는 거 같지 않음,누가 내 에 스크에 자꾸 걔 이름 언급하고 수상해서 일부러 짝 남 주접 떨면서 약간 떠봤는데 저 반응은 백퍼 질투하는 거 아님 평소에 걔가 짝 남 고민 맨날 들어줬었는데 어 캄
얘들아 오징어 게임 이 장면 뭔데 그래,아니 난 못 보는데 페북에 떠서 무슨 장면인지 그냥 궁금해서 물어본 건데 싸우네
디시인의 소시 오패스 목격담,년 전 우리 집은 신촌에서 원룸 임대업을 했었음 당시 원룸 치고는 나름 보안 철저하게 맹글어 놔서 지방에서 딸래미 올려보낸 부모들이 비싸도 방 좀 내놓으라고 항상 성화였제 덕분에 성비는 여자들이 월등히 많았음 입주한 지 달쯤 된 여자애였는데 한 달에 몇 번씩 도어락 비번을 바꿔달라고 요구하는 귀찮은 애가 있었음 방에 메뉴얼 있는데 이게 복잡한 지 매번 해달라고 하더라 좀 진상 끼가 보여서 트집 안 잡히려 고 조낸 친절히 해달라는 데로 해 쥼근데 어느 날부턴 자꾸 이 상한 소리를 해 댐 자기 없을 때 누가 방에 들어오는 것 같다면서 물론 우리는 모든 방을 들어갈 수 있는 마스터카드가 있긴 함근 데 가슴에 손을 얹고 마스터카드로 아무 방이나 들락거리는 무개념 주인이 아니다 우린 가끔 비번 안 가르쳐주고 방 빼는 애들이나 전기 점검 나올 때 미리 동의 구하고 들어 가는 용도 말곤 절대로 다른 목적으로 쓰지 않음근데 그 여자애는 나를 의심하는 듯 함하필 시기도 내가 방학 때라 거의 원룸은 내가 지키다시피 했을 때 임부모님이 좋게 말하고 니가 착각한 거다 타일러서 내려 보냄그러던 어느 날 얘가 또 엄청 화가 나서 올라옴지가 외출하면서 문틈에 종이를 껴놨고 침대에 이 불 모서리도 살짝 접어놨는데 종이는 떨어졌고 이불은 펴져 있다고 그냥  나를 범인으로 확신하고 올라와서 쌍욕 퍼붐 땀 조카 게 흘리면서 옥상 청소 하고 기 분 좋게 돈까스 시켜 먹고 있는데 이게 나를 빡돌게 함이쯤 되니 부모님도 슬슬 날 의 심하는 눈치 임 당시에 가 현관에 개 주차장에 개만 있어서 각층에서 무슨 일이 벌어지는지 알 수는 없었음과 대망상 허언 증 걸린 년 증거 잡자고 비싼 돈 들여 를 설치할 수도 없는 일 당시 지금의 급 화질도 못 되는 내  디카를 비타 박스에 위장해서 그년 복도에 설치했다 시간마다 내려가서 메모리를 비우고 와야 되는 건 함정근데 일 하니까 이 짓도 못하겠더라근데 일째 사고가 터짐 신발 꼭 이래 그날은 여 자애가 아니라 경찰이 먼저 우리 집 문을 노크함방 안을 봤더니 벽 천지에 반짝이 가 묻어 있는 거임 여자들 화장할 때 쓰는 펄 같은 여자 애는 며칠 고향에 내려가면서 문 손잡이에 지 화장품 펄을  묻혀놓고 간 거임 범인 잡겠다고 이게 잘 안 지워지니까 범인이 자기 방으로 돌아갈 때 흔적을 남기길 바라면서 근데 그 범인인 마치 이 여자애를 조롱하듯이 방 안 온 벽 천장 바닥에 펄을 찍어 놈 경찰이 내 방에 들어와서 키보드 마우스 서랍 손잡이 수도꼭지 심지어 변기 물 내리는 레버까지 펄 묻어 있는지 조사함 당근 없지 난 그냥 돈까스만 쳐먹고 있었는데 일 동안 비운 방 세 면대는 방금 누가 샤워한 듯 아주 촉촉하게 젖어 있고 비누는 불어 있더라 결국 난 참고인 신분으로 경찰서가 서 조사 받고 옴 젊은 남자인 죄 년대 학교 앞에서 막걸리 마시다가 이유도 모르고 남산에 끌려간 아재들 기분이 이랬을까 집에 와서 혹시나 하는 맘에 디카에 뭐가 찍혔나 돌려봤는데 일째 되는 날 밤 시쯤 그 여자애 남친이 비어 있는 그 여자애 방에 들어가는 거임일째 영상 엔 없고 일째는 안 찍었으니 당연히 없고 수상하잖아 경찰서 사건의 전말은 여친을 공포에 몰아넣고 지 자취방에 불러들일 목적으로 남친 새끼가 벌인 짓들이었음 여친이 학교 간 사이 몰래 여 친 방에 들어가서 수상한 흔적들을 남기는 공을 들이 길 한 달여친이 이상함을 눈치챘고 남친한테 말을 하면 이 새낀 막 잔인한 원룸 살인사건 같은 얘기들을 해주며 겁에 질린 여친한테 무서우면 오 늘 여기서 자고가도 돼 최종 목표는 동거였고 그 클라이막스가 그 날이었던 거임 여친이 방문에 부비트랩을 설치한 얘기를 듣고 발라 놓은 펄보다 더 많은 양의 펄을 손에 떡칠해서 방안에 도 배해 놈 세면대 이불 다 그 새끼 짓여친이 극한의 공포를 느끼면 자기랑 동거 할 거라 생각함 좀 소름 돋는 건 경찰 온 날 그 새끼가 지 여친 감싸안고 조카 자상하게 위로 해쥼지 여친이 무서워  하면 할수록 이 새낀 자상하게 위로 하면서 대가리로는 또 어떻게 겁줄까 졸라리 궁리했을 거 아냐 결국 남자 새낀 고소미 먹고 여자애는 휴학함 소름
또 소속사 사장한테 홀릴 뻔한 아이돌,열심히 연습하는 멤버들에게 다가 가는 어둠의 손길 오늘도 요구사항이 많은 사장님 곤란해하는 아이돌 발캡 아님 실제 효과가 저래 차마 눈 뜨고 보지 못하는 멤버들쭈왑 쭈왑나이스타이밍에 아쉬워하는 사장님 결국 한 멤버의 소신 행동 스티커가 되어버린 사장님 광야에서는 무슨 일이 벌어지고 있는 걸까
리정 틱톡커 발언은 한 번도 아니고 좀,리정 유명 크루 출신이라는 자부심 있는 건 알겠는데 누구는 아이돌이 다 누구는 틱톡커 다 이러면서 은근히 급 나누는 말투는 별로 임아이키님은 연예인이라고 생각한 다 이 발언도 아이키는 연예인이니까 더 유리하다고 미리 가드 올리려는 것 같고 도 대기업 후원받고 블핑 팬들 지원사격 받으면서 속 좁게 굴지 않았으면
한국협회 중 광기에 가깝게 일을 해낸 협회,
여자 키 이면 심각한 거임,제 곧 내 여자 고 키 이면 인상에 마이너스 될 정도로 심각한 거야
최근 년간 케이팝 아이돌 유튜브 전세계 조회 수 순위,남자 아이돌 위 방탄소년단 억 조회수 위 스트레이키즈 억 조회수 위 세븐틴 억 만 조회수 위 엑소 억 만 조회수위 드림 억 만 조회수위 투모로우 바이 투게더 억 만 조회수위 빅뱅 억 만 조회수 위 트레저 억 만 조회수 위 억 만 조회수 위 엔 하이픈 억 만 조회수 위 샤이니 억 만 조회수 위 몬스타 엑스 억 만 조회수 위 데이식스 억 만 조회수 위 슈퍼주니어 억 만 조회수 위  더보이즈 억 만 조회 수여자 아이돌 위 블랙 핑크 억 조회수 위 트와이스 억 만 조회수 위 있지 억 만 조회수 위 아이유 억 조회수 위 마마무 억 만 조회수 위 레드벨벳 억 만 조회수 위 에스파 억 만 조회수 위 여자아이들 억 만 조회수 위 오마이걸 억 만 조회수 위 태연 억 만 조회수 위 청하 억 만 조회수 위 이달의 소녀 억 만 조회수 위 브레이브걸스 억 만 조회수 위 선미 억  만 조회수 위 드림 캐쳐 억 만 조회수
슬픈 짝 사랑 썰 풀어보자,본인이 경험 해본 슬픈 짝 사랑 썰 댓글로 한 번 풀어보자
스키즈 이것 좀 봐주라 개웃김,아 진짜 진짜 개웃 김
투바투 범규 장발,투바투 범규 장발 진짜 잘 어울리는데 뭔가 예뻐 예쁘게 어울림 잘생기게 어울리기도 한데 예쁘게 어울려 뭔가 귀여워 예뻐 처음에는 장발은 짧머에 비하면 별로라고 생각 햇는데 보다 보니까 잘 어울려 짧머는 짧머대로 어울리고 장발도 장발대로 어울리는 듯
서수진이 뭘 잘못함,팀에 피해 준다고 자진 탈퇴까지 했는데 왜 아직도 서수진 머리채를 잡아 얼마 전에 슈화도 브이 앱에서 수진 언급하고 울컥 하는 거 보였는데 이 제 수진 좀 놔줘라
소녀재판 황윤혜 레즈였네,대박 전혀 생각하지도 못했음 근데 개이쁘다 뷰티 화장 아라 틴트
요즘 중딩들  충격이 다,친구 기다리다가 옆에 담배 피는 중딩들 많게 봐줘도 중였음 대화 듣게 됐는데 어떤 남자애가 ‎아 조카 따먹고 싶어 이러는 거 임 다른 남자애가 누군데 걘 이러니까 중 모르냐 맛있게 생겼어 그년 이러더라 나 진짜 경악하면서 그 자리 떠남 꼰 대가 왜 생기는 지 알거 같음 지역 대신 전해드립니다에 중학교 학생 주변 남자애들 조심하라고 올리고 싶은데 그건 좀 아닌 거 같아서  관 둠
왜 조 두 팔 욕할 땐 신나 죽을라 했으면서,조두팔이 저격하니까 갑자기 관심 없대진짜 조카 얼탱 없네
자기가 못 가지는 여자,내려치기 하고 가스 라이팅 하는 남자 심리는 뭐야내가 못 가진 게 아니라 별로 인 여자라 내가 안 가진 거다 뭐 이런 거야 진짜 찌질하다
헐 방탄소년단이랑 메간 디스탈리온 만났네,메간이 한국에서 좀 생소할 수 있는데 옛날에 틱톡에서 자주 등장한 띵곡 낸 사람임에 카디 비랑 같이 피처링도 한
아미쳤 나 셔누가 디에잇 살짝 치면 ,즉 사랜다디에잇이 되게 종이 인간인 편인가 봐 몬스타 엑스 세븐틴
전업일 때 남녀가 달라야 하나요,여자가 주부일 때 한 일육아 프로 아침 저녁 메인 반찬과 찌개 탕 새것 아침 메인이 생선이었으면 저녁은 육고기 등 청소 빨래 장보기 쓰레기 버리기 모두 함 아기 살 때 전 회사에서 독립한 사람이 필요하다 사 정해서 연봉 칠천에 복직하기로 함 거의 같은 시기에 남편 실직 코로나로 인 한 정리해고 남편이 육아 담당하고 전업 하기로 함 평소에 아내의 살림에 만족 못하고 시 어머 니와 자주 비교육 아 프로 담당 함 너무 못하겠다 난리쳐서 주고 하루 시간 대 시터가 와서 봐주시게 됨 아침 시리얼 저녁은 차리 긴 하는데 메인 반찬 없이 고기 들어간 탕이나 찌개 하나만 달랑 밑반찬 사옴 청소 빨래 쓰레기 미뤄서 다툼이 생기게 됨 현질로 한 달에 가까이 씀 제가 남편과 살아야 할까요 복직해서 요즘 트렌드 따라잡느라 힘든데 야근하고 오면 집 개판 입니다 남편이 남자들 의견도 들어보라며 결 시 친 아닌 남편 아내 판에 올려보라 해서 올립니다 남편 입장 육아나 살림에 남자가 익숙치 않은 거 당연한 데 자기가 했을 때보다 못한다며 닦달해서 저도 답답합니다 어머니가 혼자 사셔서 저희 집 들어와 살면 애도 봐주고 식사도 도와 주실 텐데 처가 명의 집이라며 그것도 거부하네요 집 해왔다 유세부리고 돈 번다고 남자 우습게 아는 것 같아서 저 도 헤어질까 고민중인데 실직한 상태라 소중한 아들 뺏길 것 같아서 그러진 못하겠습니다 저희 어머니가 시집살이 시키실 분도 아니고 방도 애가 아직 작아서 안방 서재 쓰고도 하나 남습니다 화장실도 두개 고요 결혼 후 소변 앉아서 누게 할 때부터 저를 내리누르려 하는 게 느껴졌는데 두살 연상이라 그러려니 하고 넘어간 게 후회되네요 그리고 저희 어머니가 요리 잘하셔서 그거에  대해 말한 거지 자주 비교한 건 아닙니다 당시 저 일하는데 양복 입고 쓰레기 버리며 출근하기 싫어서 우리 엄만 이런 거 다 혼자 하셨다 라던가 말한 게 무슨 비교입니까 남편 아내판에 올리니 댓글이 별로 안 달렸어요 남편이 것 봐라 별 일 아니니 사람들이 관심 안 보인 다 해서 화력 센 결 시 친 에 올립니다
노제 진짜 많이 부었구나 ,볼 저 정도인 줄은 몰랐네
트위터 현자,
얘들아 나 첨해봤는데 잘했다니께  칭찬 좀,내가 신 기록 세움 움하하 누가 너희 괴롭히면 불러 내가 패줄 게 판녀 보디가드
사진 살 여아 때려 죽인 한남,강약약 강 그 성별 한남
아이들이 좋아하는 음식 잔뜩 산 아주머니,
방탄소년단 싫은 사람들만 추천 눌러봐,
방탄 메건 인스타 좋아 욬,젠다야랑 칼리드 다 있네
방탄 빅뱅 팬들 들어와 바,아니 나 타팬인데도 개빡 쳐서 글 한번 써볼 게 빅뱅 무대 개인적으로 좋아해서 마마나 이런 무대도 많이 찾아보고 하는데 영상마다 꼭 있는 댓글이 뭔지 앎 아무리 지금 방탄이 잘 나가도 빅뱅한테는 안 됨 뭐 급이 다름’이러면 당연히 기분 나빠서 아미들이 뭐라고 하면 잼민이 취급 방탄 팬들이 빅뱅 견제하는 줄 앎 적당히 좀 해야지 방탄 팬들이 방탄 영상에서 옛날에 잘나갔던 빅뱅보 다 방탄이 더 대단함하면서 빅뱅 언급하는 거 봄나 진짜 어 이가 없어서 그래 빅뱅 팬들 수준 왜 그럼 타팬 맞고 인증하라고 하면 할 게 일단 분 전에 보고 개빡 쳐서 글 쓰게 만든 댓글 임
하지원 인스타 케이크 뭐 같아,굳이 왜 초를 꺾어서 모양을 만든 거지
인턴은 돈 내고 탕비실 이용하라는 회사,
에이티즈 우영 잘생기지 않았냐,아니 개췬 데 좀 잘생김 나만 그러냐 얼굴형이랑 콧대 진짜 예쁘고 키 대 라는 거 듣고 놀랐음 다리가 정말 길 고 비율 좋은 듯
제사 주려는 시 어머니,결혼 년차입니다 맞벌이고 애는 아직 없어 요시댁에 설날 추석 시아버님 기 일 일 년에 번 제사를 지내는 데 몇 년 전부터 어머니가 저만 보면 제사 가져가라 하십니다 몇 번은 못 들은 척 대답 안 하다가 한번은 못 참겠어서 일 하면서 제사 지내는 거 부담된 다 못한 다 말씀드렸었는데 그 후로 몇 번은 그런 말씀 안 하시다가 이번에 갔는데 다시 얘기하시더라구요 제사 가져가라고 신랑은 가져온다 해도 당장 옮 길 수 있는 것도 아니고 일어나지도 않은 일을 왜 걱정하냐고 짜증 내요 솔직히 음식하는 게 일 년에 번 하는 게 힘든 건 아니에요 그냥 제사 때 일을 쉬거나 일 마치고 와서 해야 하는 건데서비스 직이라 명절에 맞춰 쉬는 것도 불가능은 아니지만 눈치 보이는 것도 있고 휴 무 못 맞추면 시에 일 마치고 집 오면 시 분부터 음식하고 해야 하는 건데 생각만 해도 너무 부담됩니다 신랑이랑 시어머니한테도 이렇게  얘기하는데 안 들리나 봐요 살려주세요
수진 팬들이 묵살하려고 하는 폭로자,학폭위 부분 물고 늘어질까봐 그 부분은 뺌이 분도 결과적으로는 인증하고 폭로했던 폭로자 임 투명인간 취급 그만해 수진 아이들 에이프릴 권민아 학교폭력 서수진 여자아이들 학폭연예인 아이돌
포르투갈의 아이스크림,우리는 이걸 거북 알이라고 부르기로
딸 결혼시키고 나니 명절 문제,안녕하세요 얼마 전 딸을 결혼시킨 엄마입니다 저는 시 부모님이 살아계서 명절에 시댁에 갑니다 남편이 성묘를 하고 오면 보통 시경이 되어 그때 점심을 차려 먹으면 시 치우고 이거 저것 차 한 잔 마시면 시가 됩니다 딸이 결혼 전에는 딸 아들 며느리 다 제 시댁에서 같이 있다가 거기서 오후시경에 아들은 처가로 가고 저희 식구도 제 친정에 들렸다 집에 왔는데 이번에 딸이 결혼하고 처음 맞는 명절인데 딸 시 댁이 저희 집과 가까운 지역이라 한 두시경에 도착이라고 연락이 왔더라구요 그때 저는 시댁에 있었고 시 누이도 올 예정이고 저희 친정도 가야 하고 그래서 친정은 포기하고 나갈까 하는 길에 시누를 만나 시누네 식구 차 한 잔 주고 이것저것 얘기하다 보니 시좀 넘어서 출발했는데 집에 오니 네시가 다 됐더라구 요빈집에 사위와 딸이 와 있는데 집에서 반겨주지 못해 내심 미안했습니다 남편은 고 지식한 사 람이라 명절 당일에 시댁이랑 성묘는 꼭 가야 한다는 입장이고 시 부모님 중 한 분이 돌아가셔서 제사를 간단히 지냅니다 그러면 무조건 시라는 건데 시부모님만 안 계셔도 저희 집에서 명절 보내니 아들도 딸 만나고 갈 수 있고 저희도 걱정이 없는데 시부모님이 살아계 신 상태에서 자식들을 출가시키니 이런 것도 걱정이네요 앞으로 어떻게 해야 할지 걱정인데 조언 좀 해주시면 감사하겧습니다톡 선에 올라서 추가하자면 시 부모가 살아계시는 한 우리도 뵈러 가야 하며 설령 돌아가시더라도 제 사랑 성묘는 해야 되기 때문에 안 갈 수가 없는 제 남편은 장남입니다 장남의식 같은 거 있는 옛날 사람이고 교회 집안이라 교회가 서 예배드리는 걸로 제사를 대신 하는데 예배 시간이 정해져 있어서 그거하고 성묘하고 오는 일정이구요 그래서 시간을 앞당기거나 할 수 없다고 한 거고 점심 안 먹고 간다 하면 혼자 계신 시 부모님이 과 연 이해해 줄까 싶기도 했고 저 도 며느리니 시 부모님 예배는 해야 되고 제일 문제는 남편이 죠서 방님이랑 동서가 당일에 온댔더니 지 엄마 명절에 혼자 있는 거 가슴 아파 죽겠다며 아들 내외 오는 것도 안 보고 전날 지 혼자가서 잔 사람이니까 어떻게든 사위 오기 전에 집에 가 있는 것이 도 리니 잘 얘기해봐야 죠 조언 감사합니다
서울애들은 잠와라고 안함,잠와 아니고 졸려 쓴다는 뎅 나 경상도인데 졸려 쓰면 귀척하는 이미지 잇단 말 야
이런 패션 진짜 나이 들면 다 입는 건가,내가 스무 살이라서 잘 모르겠는데 진심 강남 토익학원 다니면 점심시간에 이렇게 입은 여자 직원들 개 많아 그냥 블라우스에 슬랙스가 전 부인데 진심 줌마티 남 왜 그런 거지 나 이 들면 그런 티가 저절로 나는 건 가 아니면 옷 자체에 문제가 있는 건 가 이 해안감 꼭 대들이 저렇게 입더라 그리고 그 이상한 꽃무늬의 칙칙한 색 원피스 이것도 진짜 왜 입는지 모르겠음 그 꽃무늬 원피 스 자체가 촌티나 고 쿠팡에서 원 줬을 법한 재질 임 아니 진짜 문맥파악 드럽게 못하네 내가 회사 갈 때 오바 떨면서 왜 안 꾸미냐 이렇게 핀잔준 것도 아니고 유튜브에 직장인 브이로그 보면 다 세련되고 깔끔한 오피스룩 딱 알맞게 입는데 저 사진애선 쿠팡에서 산 싼티나는 옷들만 있으니까 의아해서 물어본 거임 그리고 토익학원 다닌다고 뭐라 하는 애들은 즈그들 토익 몇이나 되 는 지 안 봐도 뻔함 이제 살짜리한테 취업 어쩌구 얘기하는 거 자체가 코미디네 그리고 요즘 대들 지하상가에서 안사 입어 어 휴
담주 스우파에 라치카,탈락 하나 아 가 비언니 울지마 제발 내 맴 찢어져 뷰라치 카 탈락 아니면 진짜 다행인데스우파 예고 보면 진짜 댄서들 다 울고 조회수 때문에 맘 고생한 거 보이고 지금까지 걸어왔던 길이 부정당하는 느낌이라고도 말함암넷아 진짜 댄서 분야 탑들을 모아 놓고 왜 이 딴식으로 쪼냐 제발
조두 팔 땜시 네이트 판 이미지 대 것 네,그러니 누가 조 두 팔 까랫냐
와 장원영 조카존나 예쁘다,와 진짜 미친 거 아니냐 공주 같음
추가 강아지 수술비 어떡하죠,결혼년 아이 없는 부부예 요거두절미하고 남편 사업이 시국 탓에 큰 위기에 처했고 저는 정도 버는 직장인이고 적금 등으로 모은 돈은 벌써 남편한테 들어가서 급한 불만 끈 상태예요현재는 제 월급으로 간신히 먹고만 살아요 결혼 직후 강아지 한 마리 입양해서 키우고 있는데 지금 아픈 상태라 수술을 해야 하는데 벌써 검사비만 만원 나오고 수술비만 정도 나온다네요 이것도 차수술 비용이고 차에 차까 지 하게 될 수도 있다네요 거의 천만원 돈 예상해야 하죠 형편 좋았을 때는 아무렇지도 않았을 비용이 지금은 검사비만으로도 허덕 일 정도가 되니 남편도 그렇고 저도 너무 막막할 지경입니다 남편은 입양을 생각하고 있는데 강아지가 입양할 당시 이 미 나이가 살 정도로 추정된 다 했으니 지금은 살 정도 나이를 많이 먹은 상태이고 많이 아픈 상태라 입 양이 될지 모르겠어요 지금은 약값에 이미 만 원  썼고 검사비 및 추가 진료비 등으로 정도 들어갔어요 본격적인 치료는 시작도 하기 전인데 벌써 만 원 남편도 사업 때문에 매일 얼굴도 시 커매져서 귀가하고 사실 남편은 현재 강아지 신경도 못 써주고 저보고 알아서 하란 입장입니다 사실 남편도 너무 안쓰러워서 저는 이 상황에 불만조차 내색하지 못하고 제가 알아서 해야 될 거 같아요 대출도 생각했지만 현재는 대출조차도 힘이든 상태예요  다들 아시겠지만 좋은 가정에 입 양이 됐으면 싶긴 한데 입양될지 여부도 알 수가 없고 심적으로 너무 힘이 드네요 추가 글씁니다 저희 남편이 사업을 확장시킬 때쯤 코로나가 딱 터졌고 조금 무리해서 벌린 만큼 손실이 큰 상태였어요 결혼 시작 때 시 댁에서 빌라가지고 계신 거 남편 명의로 해주셔서 쭉 살았고 사업 때문에 빌라도 처분해서 지금 짜리 반전세 살아요 빌라 처분해서 그것도 사업자금으로 다 들어갔구 요강아 지적금도 안 들고 뭐 했냔 댓글 강아지가 나이가 좀 있는 상태에서 데려온 만큼 일정액 적금 붓고 있었고 그 돈이 천쯤 됐어요 그동안은 강아지가 별 탈 없이 지 내줘서 제 월급으로 강아지 적금 제적금 다 가능했고 강아지한테 드는 기 타 비용은 남편이 내왔구요 그러다가 상황이 안 되니 그거 다 털고 다 사업자금으로 들어간 거구 요 대략 제 개인 돈만 천만원 들어갔어요 밑 빠진 독에 물붓기라도  정말 지불해야 할 대금만으로도 버거울 지경인데 안 줄 수가 없었죠 그 외에도 빚이 많은 상태 구요 반전세집으로 이사온 지금 월세에 이것저것 숨만 쉬어도 돈이 줄줄이라 걱정이 커서 글 써본 거예요사실 무지개다리 건널 때까지 그냥 데리고 있어 라 이런 글 너무 가슴 아파요 죽는 걸 지켜보고 있을 수밖에 없다는 게 혹시 방법 있나 하고 글 올려봤는데 욕을 많이 먹네요 이런 상황 올 줄 알았으면 당연히 안 키웠죠 저도  강아지 키워왔고 얼마나 돈이 드는지 그런 거 잘 알죠 당연히 어쨌든 더 고민하고 생각해서 최선을 다 할 거예요관심 감사드려요
울 아빠 같은 남자 명절에 보니 더 멋진 듯,일단 울집은 큰집에 모여서 하는 제사 같은 거 없어진지 오래 임 이유는 엄마가 힘들어서 울 아빠가 형제들 중 유일한 남자라서 나 어릴 때는 항상 우리 집에서 제사 지냈는데 어느 순간 사라짐 아빠가 엄마 힘들다고 고모들하고 이야기해서 그냥 각자 집에서 조그맣게 제사 지내는 중 그리고 우리 할머니께서 살아계 실 때 항상 하시던 말씀이 제사 음식도 결국 사람 먹으려고 하는 거니까  늬들이 먹을 만큼만 하라 했음 어제 저녁에 가족들이랑 다 같이 티비 보고 새벽에 잠들었음 나는 대학 때문에 다른데 살다가 올해 어 엄청 오랜만에 집에서 명절 보내는 건데 아침에 일어나니까 거의 시였음 근데 밖에서 떠드는 소리랑 티비 소리 들리 길래 뭐지 했는데 아빠가 제사 음식 다 만들고 사실 대부분은 반찬 가게에서 구매 국이랑 밥 그리고 몇 가지 반찬들은 아빠가 다 함 오 빠한테 과일 깎는 거 시키고 있었음 그러더니 “이런 건 장손이 하는 거다”라고 함 엄마랑 나는 일부러 안 깨운 거였음 울 아빠 너무 좋다 어 제도 밤까는 거 오빠한테만 시키고 나는 이번에 요리에 손도 안댐 엄마는 장만 보고 아빠 같은 남자랑 결혼하고 싶다
며느리 못 먹는 음식만 하는 시 어머니,일부러 그러시는 거죠 제가 못 먹는 음식이 있어 요시댁식구들이랑 남편 모두 그 음식을 좋아하는데요 지난번에 임신해서 갔는데 그 음식을 하고 계셔서 남편이 시 어머니한테 엄청 머라고 했고 저도 안 먹는다고 개정색하고 나왔어요 그 때도 그 음식 제가 못 먹는 거 알면서 준비 하셨던 거에 요 임신한 며느리보다 자기 아들이 중요했겠죠 그런데 이번 명절에도 그 음식 하려고 조리도구까 지 구매하셔서 하고 계시더라고요 전 안 먹는다고 거실에서 아기 보고 있었어요 그랬더니 남편 놈은 옆에서 이번 기회에 먹어보는 거 어떠냐는 개소리 하길래 너나 많이 먹으라고 째려보며 말하니 분위기 싸해졌네 요저처럼 이렇게 당한 며느리 있으신 분 진짜 시댁 너무 싫으네요
명절에 이 혼하는 이유,공감하면 추천
영국 남자 학생회장 아르망,사진은 너무 개인적인 사진은 얘네들도 일반인인데 지켜줘야 할 것 같아서 학생회 트위터에 올려진 동영상 캡쳐본으로 올릴 겝 아르망 웃는 모습이 시 원시원해서 넘 보기 좋음이건 약간 줌 하는데 내가 열심히 발표하는 걸 들으면서 흐뭇하게 미소 짓는 것 같움૮꒦ິཅ꒦ິა 다른 쓰니가 매일매일 아르망 올려주는 것도 꼬박꼬박 챙겨보고 있더 드디어 내일 영국 남자 영상 올라오 는데 풀햄 남고 애들 나올까
내 기준 팀 분위기 비슷한 남돌들,걍 간 잽하고 다니는데 느낀 거엑소몬엑엔시티 더 보이즈 쾌남들 모여 있는 거 같은 그룹들 엔 드림투바투 자기들끼리 옹기종기 모여서 잘 노는 느낌 세븐틴 비투비 웃기기도 하고 왁자지껄한 분위기 예능도 잘함
