제목,본문
우리나라 심각해 제발 관심 가져줘,"자꾸 묻히는거 같아서 이 글 원래 작성하신 분꺼 복사해 와서 올려요강원도 정동진에도 차이나 드림시티 추진한대. 이것도 공산당이 개입하고 ( 이미 토지 매입 ) 근처에 군부대 있음. 가장 심각한 건 우리 ‘ 국적 ’ 까지 주려한다는거 ㅇㅇ 제주도 잠식 근원인 부동산투자이민제 추진 중이고, 정부도 국적법 개정한대.국적취득 대상자 80% = 중국인, 조선족 = 자발적 침투 빌미 제공- 복수 국적 인정 + 대선투표권 + 공직자 가능 + 국적포기 가능 -국방의 의무 다하기전까지 꿀 빨다가 나중에 국적 포기하면 끝임매년 최소700명이 한국인 된다는데 한민족이 살아남을 수 있을까한국 지금 중국한테 먹히고 있는데 대령통도 그냥 방치하고 있고이러다 진짜 속국 되겠어.. 대한민국 지키자 제발 관심 가져줘1. 정동진 차이나타운 반대 청원해줘 (꾸욱 눌러서 들어가)강원도 ""정동진"" 차이나타운 건설을 막아주세요 > 대한민국 청와대 (president.go.kr)2. 구글에 ‘ 국적법 일부개정법률안 입법예고 ‘ 검색해서 반대의견 제출해줘방탄 엑소 블랙핑크 화장 뷰티 패션 쌍수 아스트로 에스에프나인 투바투 에이비식스 골든차일드 엔하이픈 빅톤 펜타곤 우주소녀 아이즈원 에이티즈 아이콘 비투비 스트레이 키즈 더보이즈 뉴이스트 세븐틴 엔시티 엔플라잉 임영웅 있지 에스파 슈퍼주니어 샤이니 하이라이트 씨아이엑스 강다니엘 크래비티 원어스 몬스타엑스 갓세븐 스키즈 덥즈 엡식 sf9 txt 셉틴 투모로우 바이 투게더 앚즈 서치 진짜 미안 ㅜㅜ아래는 자꾸 묻히고 있는 글 캡쳐해왔어판에 '우리나라'라고 검색해도 안떠요*제발 관심* 이라고 검색해주세요 "
진짜 우리나라 중국으로 만들려고 작정했냐,"ㄱ어이없음 지들이 출산율 낮게 만들어놓고 저출산 해결한다는게 중국인, 조선족 받아들이는거냐 ㅅㅂㅋㅋㅋㅋㅋㅋㅋㅋㅈㄴ 무책임하네 https://youtu.be/c7Hb0CqPa1I "
벚꽃 문화의 일본의 정신적 미분화를 심화시키는 친일 식민 사관,"제목에는 이의가 없으실 것이라고 생각합니다.친일 식민 사관은 당연히 일본 문화에 대해 긍정적이기 때문에친일 식민 사관은 당연히 일본 문화적 경향을 그 해당 국가에심화시킨다고 보면 맞는 말이 되는 누구도 토달아 말할 수 없는명백한 사실입니다그러면 일본의 국화는 벚꽃이죠.한 번에 피고 한 번에 지는 단결의 특성을 지니는 일본인의 특성과닮았다.이게 이제 집안으로 들어가면 심각한 문제가 나옵니다.이상심리학 교과서에서 펼쳐지는 온갖 신비한 세계가다 그 집안에서 펼쳐지는 상황이 오고야 말기 때문입니다.그러면 이런 경우, 한 번에 피고 한 번에 진다..우리 집안은 단결한다이유가 2가지 정도 있습니다.일제강점기 수탈당하고해방 후 친일파에 다시 당하고625 동란으로 서로 당하고군사 독재 정권에 다시 당하고각종 그 비리가 엄청나니까..그래서 첫째 이유가 집안이 너무 가난해졌다일제강점기=벚꽃 문화=여러 구성원이 단일해져야 하니까 희생양이 나온다=정신적 미분화로개인의 필요를 말살한다=이상심리학 교과서에서 펼쳐지는 신비한 이야기들의 현실화일제강점기=해방 후 이승만 정권 당시 친일파들의 다시 득세=박정희 군사 정권의 대통령은전직 일본 육사 출신의 독립군 때려잡던 일본군 장교이고 군사 문화는 벚꽃 문화와 상통하는문화=전두환, 노태우..=이명박, 박근혜..이 모든 기간에 친일 식민 사관은 우리 역사를 관통했다..그것이 둘째 이유입니다.가난한데 친일식민사관으로 사니가난한데 벚꽃 문화로 삽니다.가난한데 집안 가족들이 단결해서 사는 것이죠.대개 이제 첫째가 희생당한다형이 누나가 아빠 엄마가 된다..왜냐..전쟁 고아가 많고..부모님 계셔도 사실상 소년 소녀 가장이다..전쟁 폐허로 남은 것이 없어서...형, 누나의 말은아빠 엄마의 말씀이시고거역은 어렵고..거역하지 못하면서도끈끈한 가족애흐르는 눈물들...뭉쳐서 진로가 결정되는 것입니다.원시 자본이 없는 사회..가정이 너무 가난해서..운동화가 너무 그립고..등록금 못내서초등학교..그 때 국민학교졸업을 전교 1등으로 해도중학교 중퇴...그런 역사들..여고 동창...노래도 잇던데 여고시절...대학을 갑니다.비교적 부유한 집안에서잘해서..탱크 들어오죠?최루탄에 학내가 무슨 두더지 잡는 동굴 같습니다.학생들이 두더지냐...게임도 그런 게임 나오고두더지 잡기..두더지 잡기가 왜 인기가 있었을까..내 인생이 내 인생이 될 수 없었다..왜 집안에 간섭이 많아..그 간섭 하나 하나 때리는 심정이었을지도 모른다..그래서 올라간 높은 지위...자녀에게 물려주려니..자녀의 선택권이 없다..부자도 망하는 이유..자녀 간섭이 심하다..이유는 그 옛날 그 시절부터우리 사회에는 그런 것이사회 상식으로 쌓여 올려져 와서..우리 전통 문화냐..아니라는 것입니다.벚꽃 문화죠..우리 조선을 볼까요?공자왈 맹자왈우스워 보입니까?공자님 말씀에 15살에 이미 뜻을 세우는 입지15살이면 자기 인생을 설계를 했다..나오죠..유교, 유학이 언제부터 시작되었나요..원래 있었다..이 나라 항상..고구려 조의, 백제 싸울아비, 신라 화랑..갑신정변의 홍영식, 서재필...다 10대 말 20대 초반입니다.나라의 체제를 바꾸고..기획하고 실천했다..20대는 사회적 경험치가 낮다는 평가..왜 나왔을까요..소위 과잉보호로 위장된부모님들의 자녀에 대한 학대..이제 더 어린 아동학대로 확연히 모습을 드러냅니다.집단 문화벚꽃 문화가 지배하면가족 구성원에게 가족 구성원이 간섭하고 강요하게 된다..집안이 정신과적으로 위기를 겪을 확률이 올라가죠.게다가 뭉치면 살고 흩어지면 죽는다..이승만...위에서 지시하면 그대로 해..박정희 군사 독재그럴 듯하게 우리 식 같지만사실은 친일 식민 사관이 활개치던 시대일제 강점기를 거친 다음에 나온이상한 변형이자 주장입니다.벚꽃 문화 위에 올려진예전에 있었던 것이나이제는 주체성을 상실한 상황...아동학대를 보면양상이 무엇과 닮았냐옛 새누리당 시절 외교 정책과 닮는다..집안이 나라로 확대되어거기서 그런 식으로 간다일종의 집안으로 생각하면외세와 더 친한 것은 불륜같다..북한과의 대립은 가족 구성원간 학대 같다..집안에서 무슨 문화가 생기냐집안 밖 사람들과 더 친하고 연합을 하면서내부의 자기 가족 구성원과 대립하고내부의 자기 가족 구성원들을 학대한다..둘의 공통점그것은 벚꽃 문화가 성립하면나오는 일이다..아동학대자는대개 조선 남자가 모자라서 나라가 망했다는 친일 식민 사관의 한 축과벚꽃 문화 위에 올려진 뜨겁고 애틋한 가족애마치 자신이 가족 구성원을 위하는 것 같지만위한다는 그것에 담기는 사실상의 학대적 공격성..예를 들어 자녀의 여러 성장 과제들에서일부 과제들의 성장 가능성을 파괴하는 간섭에 담기는그 공격성의 문제들..두 벡터의 합성으로 이루어지는유향선분..그 화살..간섭의 화살이 날아가사실은 다른 가족 구성원을 공격하게 된다..왜냐 뜨겁고 애틋한 가족애에조선 남자에 대한 친일파의 인식을 머리와 가슴에 담고가족애로 위장하여 그 집안의 남자들을 괴롭힌다..그렇게 되면 남자들도 발끈하고..부부관계는 악화일로로 치닫고그럴수록 자녀에 대한 애착은 더 강화되고 기대는 커져만 가고자녀는 간섭에 지쳐간다..자녀가 잘되어야 한다는 것을 강조하는 사랑 같지만졸졸 쫓아다니며 하루 종일 잔소리로 간섭하고그렇게벚꽃 문화가 뒤범벅이 되어 자녀의 독립성을 파괴하여 나간다..그러면 그 상황에서그런 비슷한 사람들로 그 자녀의 부모님의 지인 사회가 형성되고사실은 다 그렇다..주변을 돌아보면알콜 중독 아저씨..왜 나올까요..똑똑하고 똑똑하신 아저씨들..정말 잘 나가시던 아저씨들도알콜 중독에 걸린다면..그것은 조선 남자가 모자라서 나라가 망했다라는 것을학교에서 배우고..그런 관점에서 남편을 보시는 아주머니..아주머니 그러지만사실 우리 나라 여성들처럼 똑똑하신 분들이 또 어디있냐..충분히 남편들이 밀리시고부부관계는 악화되고그러니 아들아 맏딸아 너만 믿는다..들입다 이제 잘 키우려고 애쓰시니..머리좋은 이공계가고시를 봐야 하는 비슷한 경우가 되고하여튼 뒤죽박죽 되는 과정에서그런 말을 듣고 자란다..너는 있잖아..엄마가 아빠한테 하듯..엄마처럼 똑똑한 여자 만나서아빠처럼 엄마 말 잘 듣고 살면 된다ㅋㅋㅋㅋㅋㅋ그러니 그 아빠이신 아저씨알콜 중독되시는 것이죠..그러면 이제 그 엄마이신 아주머니마음 고생하시고 사시고..알콜 중독은 왜 되시냐사람이 일시적인 실패 기간이나 슬럼프 있을 수 있을 때확 튀어나가는 비난조의 아주머니 말씀...조선 남자가 모자라서 나라가 망했다의 관점이 날아간다..정상적으로 별 일 없는 집안이 될 수 있었는데벚꽃에서 뽑아낸 물감으로 그 집안 집안들을색칠해 버렸다..덮어씌운 것이죠..아닌데 그렇다고..그런 것이 확산되는 것을진심으로 바라기에친일 식민 사관을역사 교과서 국정화에 담아확고히 하자..아동 학대는자녀가 더 자라고도 발생하는 것입니다...성인이 되어도..지속적인 간섭과자녀가 해낸 모든 것을부모가 관리하고 가져가는 일도 많고..그래서 더욱 큰 뜻을 펼치는데 어려우니경험할 기회는 감소하고..그러니 20대는 사회적 경험치가 낮다는 평가가 나오고그것은 사실이 되어버린다..친일 식민 사관 때문에20대 모임을 보면우리도 잘할 수 있으니 지켜봐 주세요..20대는 애가 아닙니다.국회의원도 할 수 있는 나이이지.이 나라의 법안을 발의해서나라를 운영할 나이입니다.지켜봐 주세요..그 말에서 묻어나오는 고통얼마나 부모님들의 평가들만 많았냐뭐 하나 하려면 뭐 그렇게 조언과 제시할 의견들이 많으시고..얼마나 간섭을 많이 받고기회를 다 빼앗겼냐자주적 성인으로 살 기회를그러니 거기에서 나오는 것입니다.심하면 극단에서는묻지마 범죄..그런 사례 나오고심하면 극단에서는 우울증 등으로 자살 나오고..단군 이래 최대 역량의 20대 30대를편의점 밤근무 시켜 놓는 시대를 연옛 새누리당 정권모두 총사퇴하십시오. 제목에는 이의가 없으실 것이라고 생각합니다.친일 식민 사관은 당연히 일본 문화에 대해 긍정적이기 때문에친일 식민 사관은 당연히 일본 문화적 경향을 그 해당 국가에심화시킨다고 보면 맞는 말이 되는 누구도 토달아 말할 수 없는명백한 사실입니다그러면 일본의 국화는 벚꽃이죠.한 번에 피고 한 번에 지는 단결의 특성을 지니는 일본인의 특성과닮았다.이게 이제 집안으로 들어가면 심각한 문제가 나옵니다.이상심리학 교과서에서 펼쳐지는 온갖 신비한 세계가다 그 집안에서 펼쳐지는 상황이 오고야 말기 때문입니다.그러면 이런 경우, 한 번에 피고 한 번에 진다..우리 집안은 단결한다이유가 2가지 정도 있습니다.일제강점기 수탈당하고해방 후 친일파에 다시 당하고625 동란으로 서로 당하고군사 독재 정권에 다시 당하고각종 그 비리가 엄청나니까..그래서 첫째 이유가 집안이 너무 가난해졌다일제강점기=벚꽃 문화=여러 구성원이 단일해져야 하니까 희생양이 나온다=정신적 미분화로개인의 필요를 말살한다=이상심리학 교과서에서 펼쳐지는 신비한 이야기들의 현실화일제강점기=해방 후 이승만 정권 당시 친일파들의 다시 득세=박정희 군사 정권의 대통령은전직 일본 육사 출신의 독립군 때려잡던 일본군 장교이고 군사 문화는 벚꽃 문화와 상통하는문화=전두환, 노태우..=이명박, 박근혜..이 모든 기간에 친일 식민 사관은 우리 역사를 관통했다..그것이 둘째 이유입니다.가난한데 친일식민사관으로 사니가난한데 벚꽃 문화로 삽니다.가난한데 집안 가족들이 단결해서 사는 것이죠.대개 이제 첫째가 희생당한다형이 누나가 아빠 엄마가 된다..왜냐..전쟁 고아가 많고..부모님 계셔도 사실상 소년 소녀 가장이다..전쟁 폐허로 남은 것이 없어서...형, 누나의 말은아빠 엄마의 말씀이시고거역은 어렵고..거역하지 못하면서도끈끈한 가족애흐르는 눈물들...뭉쳐서 진로가 결정되는 것입니다.원시 자본이 없는 사회..가정이 너무 가난해서..운동화가 너무 그립고..등록금 못내서초등학교..그 때 국민학교졸업을 전교 1등으로 해도중학교 중퇴...그런 역사들..여고 동창...노래도 잇던데 여고시절...대학을 갑니다.비교적 부유한 집안에서잘해서..탱크 들어오죠?최루탄에 학내가 무슨 두더지 잡는 동굴 같습니다.학생들이 두더지냐...게임도 그런 게임 나오고두더지 잡기..두더지 잡기가 왜 인기가 있었을까..내 인생이 내 인생이 될 수 없었다..왜 집안에 간섭이 많아..그 간섭 하나 하나 때리는 심정이었을지도 모른다..그래서 올라간 높은 지위...자녀에게 물려주려니..자녀의 선택권이 없다..부자도 망하는 이유..자녀 간섭이 심하다..이유는 그 옛날 그 시절부터우리 사회에는 그런 것이사회 상식으로 쌓여 올려져 와서..우리 전통 문화냐..아니라는 것입니다.벚꽃 문화죠..우리 조선을 볼까요?공자왈 맹자왈우스워 보입니까?공자님 말씀에 15살에 이미 뜻을 세우는 입지15살이면 자기 인생을 설계를 했다..나오죠..유교, 유학이 언제부터 시작되었나요..원래 있었다..이 나라 항상..고구려 조의, 백제 싸울아비, 신라 화랑..갑신정변의 홍영식, 서재필...다 10대 말 20대 초반입니다.나라의 체제를 바꾸고..기획하고 실천했다..20대는 사회적 경험치가 낮다는 평가..왜 나왔을까요..소위 과잉보호로 위장된부모님들의 자녀에 대한 학대..이제 더 어린 아동학대로 확연히 모습을 드러냅니다.집단 문화벚꽃 문화가 지배하면가족 구성원에게 가족 구성원이 간섭하고 강요하게 된다..집안이 정신과적으로 위기를 겪을 확률이 올라가죠.게다가 뭉치면 살고 흩어지면 죽는다..이승만...위에서 지시하면 그대로 해..박정희 군사 독재그럴 듯하게 우리 식 같지만사실은 친일 식민 사관이 활개치던 시대일제 강점기를 거친 다음에 나온이상한 변형이자 주장입니다.벚꽃 문화 위에 올려진예전에 있었던 것이나이제는 주체성을 상실한 상황...아동학대를 보면양상이 무엇과 닮았냐옛 새누리당 시절 외교 정책과 닮는다..집안이 나라로 확대되어거기서 그런 식으로 간다일종의 집안으로 생각하면외세와 더 친한 것은 불륜같다..북한과의 대립은 가족 구성원간 학대 같다..집안에서 무슨 문화가 생기냐집안 밖 사람들과 더 친하고 연합을 하면서내부의 자기 가족 구성원과 대립하고내부의 자기 가족 구성원들을 학대한다..둘의 공통점그것은 벚꽃 문화가 성립하면나오는 일이다..아동학대자는대개 조선 남자가 모자라서 나라가 망했다는 친일 식민 사관의 한 축과벚꽃 문화 위에 올려진 뜨겁고 애틋한 가족애마치 자신이 가족 구성원을 위하는 것 같지만위한다는 그것에 담기는 사실상의 학대적 공격성..예를 들어 자녀의 여러 성장 과제들에서일부 과제들의 성장 가능성을 파괴하는 간섭에 담기는그 공격성의 문제들..두 벡터의 합성으로 이루어지는유향선분..그 화살..간섭의 화살이 날아가사실은 다른 가족 구성원을 공격하게 된다..왜냐 뜨겁고 애틋한 가족애에조선 남자에 대한 친일파의 인식을 머리와 가슴에 담고가족애로 위장하여 그 집안의 남자들을 괴롭힌다..그렇게 되면 남자들도 발끈하고..부부관계는 악화일로로 치닫고그럴수록 자녀에 대한 애착은 더 강화되고 기대는 커져만 가고자녀는 간섭에 지쳐간다..자녀가 잘되어야 한다는 것을 강조하는 사랑 같지만졸졸 쫓아다니며 하루 종일 잔소리로 간섭하고그렇게벚꽃 문화가 뒤범벅이 되어 자녀의 독립성을 파괴하여 나간다..그러면 그 상황에서그런 비슷한 사람들로 그 자녀의 부모님의 지인 사회가 형성되고사실은 다 그렇다..주변을 돌아보면알콜 중독 아저씨..왜 나올까요..똑똑하고 똑똑하신 아저씨들..정말 잘 나가시던 아저씨들도알콜 중독에 걸린다면..그것은 조선 남자가 모자라서 나라가 망했다라는 것을학교에서 배우고..그런 관점에서 남편을 보시는 아주머니..아주머니 그러지만사실 우리 나라 여성들처럼 똑똑하신 분들이 또 어디있냐..충분히 남편들이 밀리시고부부관계는 악화되고그러니 아들아 맏딸아 너만 믿는다..들입다 이제 잘 키우려고 애쓰시니..머리좋은 이공계가고시를 봐야 하는 비슷한 경우가 되고하여튼 뒤죽박죽 되는 과정에서그런 말을 듣고 자란다..너는 있잖아..엄마가 아빠한테 하듯..엄마처럼 똑똑한 여자 만나서아빠처럼 엄마 말 잘 듣고 살면 된다ㅋㅋㅋㅋㅋㅋ그러니 그 아빠이신 아저씨알콜 중독되시는 것이죠..그러면 이제 그 엄마이신 아주머니마음 고생하시고 사시고..알콜 중독은 왜 되시냐사람이 일시적인 실패 기간이나 슬럼프 있을 수 있을 때확 튀어나가는 비난조의 아주머니 말씀...조선 남자가 모자라서 나라가 망했다의 관점이 날아간다..정상적으로 별 일 없는 집안이 될 수 있었는데벚꽃에서 뽑아낸 물감으로 그 집안 집안들을색칠해 버렸다..덮어씌운 것이죠..아닌데 그렇다고..그런 것이 확산되는 것을진심으로 바라기에친일 식민 사관을역사 교과서 국정화에 담아확고히 하자..아동 학대는자녀가 더 자라고도 발생하는 것입니다...성인이 되어도..지속적인 간섭과자녀가 해낸 모든 것을부모가 관리하고 가져가는 일도 많고..그래서 더욱 큰 뜻을 펼치는데 어려우니경험할 기회는 감소하고..그러니 20대는 사회적 경험치가 낮다는 평가가 나오고그것은 사실이 되어버린다..친일 식민 사관 때문에20대 모임을 보면우리도 잘할 수 있으니 지켜봐 주세요..20대는 애가 아닙니다.국회의원도 할 수 있는 나이이지.이 나라의 법안을 발의해서나라를 운영할 나이입니다.지켜봐 주세요..그 말에서 묻어나오는 고통얼마나 부모님들의 평가들만 많았냐뭐 하나 하려면 뭐 그렇게 조언과 제시할 의견들이 많으시고..얼마나 간섭을 많이 받고기회를 다 빼앗겼냐자주적 성인으로 살 기회를그러니 거기에서 나오는 것입니다.심하면 극단에서는묻지마 범죄..그런 사례 나오고심하면 극단에서는 우울증 등으로 자살 나오고..단군 이래 최대 역량의 20대 30대를편의점 밤근무 시켜 놓는 시대를 연옛 새누리당 정권모두 총사퇴하십시오."
남녀갈등 .. 음,요즘 남녀갈등 장난아니던데 솔직히 말하면 처음엔 나도 뭐야 완전 어이없네 내 성별이 무시당하면 기분 나쁘기도 했고 싸울 만하네 이랬는데 이제 보면 살짝 싸우는 집단 둘 다 좀 이상해보이고 한심함.. 그냥 .. 음 다른 사람들은 별 신경 안쓰는데 그냥 현실에서 못생긴 사람들끼리 싸우는 것 같음 지가 차별당하니까 모든게 자기 생각하는 대로만 보이고 무조건 자기 생각이 옳다고만 보니까 ㅈㄴ 이기적인 것 같음 솔직히 말하면 여자가 좀 더 불리한 경우가 여태 많았긴 한데 현재는 둘 다 도긴개긴같음.. 그리고 어차피 우겨봤자 한 쪽은 억울해서 분노하는 사람들이 넘쳐나는데 끝나지도 않을 싸움을 왜 이렇게까지 요즘 극대화시켜서 분쟁을 일으키고 일상에 스트레스를 주는 건지 모르겠음 ............. 대체 왜 그러는거야ㅑㅓ~~!~!~ 좀 좀 제발 서로 배려 좀 해줘 ... 먼저 시비 좀 걸지마.. 그냥 생각 짧고 이기적이고 저급한 사람들끼리 싸우게 놔둬 우리같이 평범한 사람들은 그냥 비판할 부분만 비판하자 논쟁 일으키려 하지말구ㅠㅠㅠ 
국적법 개정안 반대 서명,"※국적법 개정안 반대 서명※https://www1.president.go.kr/petitions/597991지난 26일 법무부에서 국적법 개정을 하겠다는 예고를 했었다고 합니다.특정 연령 이하거나 5년이상 체류를 하면 국적을 이전보다 쉽게 취득할 수 있게끔 법을 바꾸겠다는 내용입니다.말로는 저출산에 대한 해결책이라고 하지만,왜 우리나라 저출산을 남의 나라 사람을 데려와서 해결합니까..?이번 지방선거에서도 중국인들이 선거를 할 수 있듯 국적을 줘버리면 무슨 일이 일어나게 될까요?실제로 중국이 다른 소수민족을 지배하려고 사용했던 방법이 한족을 그쪽으로 이주시켜 시민권을 획득하게 해서 그곳을 장악하도록 했습니다. 그때랑 아주 비슷하게 된다면 여론도 그들 입맛대로 쉽게 바꿀 수 있고 우리나라의 정체성 자체에도 큰 문제가 될 수도 있을 겁니다.예부터 우리 수많은 선조들이 피 흘려 지켜주신 대한민국입니다..지킬 수 있을 때 함께 지켜주세요.https://www1.president.go.kr/petitions/597991 "
"또 하나의 이산가족, 기러기 부부 시대 불행 끝내기 위해 3후보자 임명 불가피","3분의 임명은 불가피한 상황이며민족의 비극을 끝장내고기초과학에 투자할 여유를 확보하기 위하여임혜숙 과학기술부 장관님의 전공은 필수이며이를 기반으로 나라의 과학기술의 기반을 반석 위에 올려회개하지 않는 친일파의 영원한 정계 은퇴를 추진하여터닝포인트 코리아와 같은남북관계 발전법의 정신을 파괴하고그 결과 외세의 이익에 편에서는 결과를 낳는 방식으로사실상 외세와 결탁, 내통하는 결과를 낳는 세력들의 발본색원 및완벽한 처단과 토벌을자비없는 응징용서없는 정밀타격의 대한광복군의 정신(호세 7,16; 루카 12,39-43)에 따라완전히 해산시키기 위해서는이제는 머뭇거릴 이유가 없다는 것입니다.(에제33,9; 루카 12,39-43; 마태 7,21-23; 마태 18,6;갈라 1,8-9)우리 대한의 광복과자주 민주 통일 단일 국가를 건설하기 위하여더 이상 머뭇거릴 수는 없으며오늘이라도 지금 출근을 하시도록 하셔야 합니다.문재인 대통령님께서 정하셨으면 밀고 나가셔야 하며우리는 조선총독부 버전 2.0의 통치를 거부하며국힘당의 영원한 정계 은퇴를 선언하여민족의 자주 독립의 완성의 기틀을 세우는문재인 촛불 시민 혁명 정부를전국에 선포합니다.서구의 이념을 뛰어넘는 우리 민족사의 전통고조선의 세계 최초의 법전 8조법과널리 인간을 이롭게 하고자 한다는홍익인간의 건국 이념과고구려의 세계 최초의 복지 제도 진대법에 빛나는우리 겨레의 세계 최고 수준의 전통 문화천주교 신앙을 조선의 선비들이나라를 이끌 대안을 모색하기 위해밤을 지새워 촛불을 켜고 토론하여세계사에 유래가 없는선교사 없이 천주학을 자발적으로 받아들여천주교 신앙을 받아들인빛나는 도덕성과 정신 문화를 갖춘우리 겨레의 전통 문화15세의 소년의 하느님 부르심에의 응답성 김대건 안드레아 신부님을 본받고성 정하상 바오로와 동료 순교자들과윤지충 바오로와 동료 순교 복자, 복녀들을 본받으면서조선 건국 초기국가 과학 기술 지수 세계 2위에 빛나는세종대왕과 집현전 학자들의 한글 창제과학 장영실,분명히 코로나19 바이러스 K-방역을 뛰어 넘었을동의보감 허준(고구려 장수태왕폐하(장수왕)와조선 영조 대왕의 승하 연령을 고려하고한국산 팽이버섯이 바이러스를 녹여 없애는비누의 계면 활성제를 닮은 것을관찰하고제시하는 의학적 근거가 되는형상의학은 한의학임을다시 밝히면서이론과 사례를 분리시켜루터와 달리 이번에는 이론을 무시하는미국 등의 서구 사회는 결코 시도하지도 못하고영원히 따라오지 못하고 뒤쳐질 수 밖에 없는그 위대한형상의학은 우리 겨레의 한의학임을하느님의 뜻에 따라 선포하면서)현대 컴퓨터를 설계한 폰 노이만에 260년 앞서현대 컴퓨터 과학에 지대한 공헌을 하신조선의 영의정 수학자 최석정을본받고 계승하면서그리고 더 나아가조선이라는 나라의 체제를 설계했던정도전을 본받아우리 겨레의독창적이고 독자적인 국가 체제의 창제를지향하여서구 이념에 따른남북 분단을 치유하고조국의 평화 통일로 세계의 평화에 기여하기 위하여나라를 지키신 거북선의 이순신 장군님을 기리며틀림없이 조선의 최초의 천주교 신자천주교 세례를 받으신틀림없이 조선 왕실의 최초의 천주교 신자소현 세자 저하와 강 세자빈 마마의예수회와의 협력을 통한대학교 설립의 추진을기리며조선의 선비다산 정약용의 천주교 신앙과그 분의 모든 학문 분야의 연구를 기리며고구려의 광개토태왕 폐하의 기상과 기백으로언제나 용감하게 우리 겨레의 자주 독립을 위해전 세계에 대한민국 독립군 기지를 건설하여세계사에 유래가 없는 독립 전쟁을 벌여 나간나라의 자주 독립을 위한패기 가득한 기상과 기백을 갖춘대한민국 임시 정부의 법통을 계승하고조국의 평화적 통일을 지향하는남북이 발해를 꿈꾸며친일파 옹호나 하면서친일 식민 사관에 절고 절어 뭉개고 앉아너만 옳으냐며이 나라 모든 비리의 원천이 되는반민족 친일 역적 패당옛 새누리당을 갈아 엎고 갈아 치운대한민국 민주 정부문재인 촛불 시민 혁명 정부의 그 기개와기상과 기백의 정통성을 높여 기려 나가며반민족 친일 역적 패당국힘당을 갈아 엎고국회에서 퇴출시키며문재인 대통령님 재선되실 수 있는개헌의 추진을 희망하며하느님의 뜻에 순명하여언제나 세상의 싸움에 뛰어들어하느님의정의가 강물처럼 흐르도록 할 것을(아모 5,18-24)가르치시는다가오시는 미래 성인프란치스코 교황님께 순명하여교황님의 직속 수도회인 예수회와 한 뜻으로한국 천주 교회의 추기경님이시자서울대교구장님이시며 평양 교구장 서리이신염수정 안드레아 추기경님께 순명하여가톨릭 평신도로서우리는 신앙의 진리를 언제나 용감히 고백하며교황과 그와 결합된 주교들에게 순명하며세례 성사때의 서약을 새롭게 하면서아멘. 3분의 임명은 불가피한 상황이며민족의 비극을 끝장내고기초과학에 투자할 여유를 확보하기 위하여임혜숙 과학기술부 장관님의 전공은 필수이며이를 기반으로 나라의 과학기술의 기반을 반석 위에 올려회개하지 않는 친일파의 영원한 정계 은퇴를 추진하여터닝포인트 코리아와 같은남북관계 발전법의 정신을 파괴하고그 결과 외세의 이익에 편에서는 결과를 낳는 방식으로사실상 외세와 결탁, 내통하는 결과를 낳는 세력들의 발본색원 및완벽한 처단과 토벌을자비없는 응징용서없는 정밀타격의 대한광복군의 정신(호세 7,16; 루카 12,39-43)에 따라완전히 해산시키기 위해서는이제는 머뭇거릴 이유가 없다는 것입니다.(에제33,9; 루카 12,39-43; 마태 7,21-23; 마태 18,6;갈라 1,8-9)우리 대한의 광복과자주 민주 통일 단일 국가를 건설하기 위하여더 이상 머뭇거릴 수는 없으며오늘이라도 지금 출근을 하시도록 하셔야 합니다.문재인 대통령님께서 정하셨으면 밀고 나가셔야 하며우리는 조선총독부 버전 2.0의 통치를 거부하며국힘당의 영원한 정계 은퇴를 선언하여민족의 자주 독립의 완성의 기틀을 세우는문재인 촛불 시민 혁명 정부를전국에 선포합니다.서구의 이념을 뛰어넘는 우리 민족사의 전통고조선의 세계 최초의 법전 8조법과널리 인간을 이롭게 하고자 한다는홍익인간의 건국 이념과고구려의 세계 최초의 복지 제도 진대법에 빛나는우리 겨레의 세계 최고 수준의 전통 문화천주교 신앙을 조선의 선비들이나라를 이끌 대안을 모색하기 위해밤을 지새워 촛불을 켜고 토론하여세계사에 유래가 없는선교사 없이 천주학을 자발적으로 받아들여천주교 신앙을 받아들인빛나는 도덕성과 정신 문화를 갖춘우리 겨레의 전통 문화15세의 소년의 하느님 부르심에의 응답성 김대건 안드레아 신부님을 본받고성 정하상 바오로와 동료 순교자들과윤지충 바오로와 동료 순교 복자, 복녀들을 본받으면서조선 건국 초기국가 과학 기술 지수 세계 2위에 빛나는세종대왕과 집현전 학자들의 한글 창제과학 장영실,분명히 코로나19 바이러스 K-방역을 뛰어 넘었을동의보감 허준(고구려 장수태왕폐하(장수왕)와조선 영조 대왕의 승하 연령을 고려하고한국산 팽이버섯이 바이러스를 녹여 없애는비누의 계면 활성제를 닮은 것을관찰하고제시하는 의학적 근거가 되는형상의학은 한의학임을다시 밝히면서이론과 사례를 분리시켜루터와 달리 이번에는 이론을 무시하는미국 등의 서구 사회는 결코 시도하지도 못하고영원히 따라오지 못하고 뒤쳐질 수 밖에 없는그 위대한형상의학은 우리 겨레의 한의학임을하느님의 뜻에 따라 선포하면서)현대 컴퓨터를 설계한 폰 노이만에 260년 앞서현대 컴퓨터 과학에 지대한 공헌을 하신조선의 영의정 수학자 최석정을본받고 계승하면서그리고 더 나아가조선이라는 나라의 체제를 설계했던정도전을 본받아우리 겨레의독창적이고 독자적인 국가 체제의 창제를지향하여서구 이념에 따른남북 분단을 치유하고조국의 평화 통일로 세계의 평화에 기여하기 위하여나라를 지키신 거북선의 이순신 장군님을 기리며틀림없이 조선의 최초의 천주교 신자천주교 세례를 받으신틀림없이 조선 왕실의 최초의 천주교 신자소현 세자 저하와 강 세자빈 마마의예수회와의 협력을 통한대학교 설립의 추진을기리며조선의 선비다산 정약용의 천주교 신앙과그 분의 모든 학문 분야의 연구를 기리며고구려의 광개토태왕 폐하의 기상과 기백으로언제나 용감하게 우리 겨레의 자주 독립을 위해전 세계에 대한민국 독립군 기지를 건설하여세계사에 유래가 없는 독립 전쟁을 벌여 나간나라의 자주 독립을 위한패기 가득한 기상과 기백을 갖춘대한민국 임시 정부의 법통을 계승하고조국의 평화적 통일을 지향하는남북이 발해를 꿈꾸며친일파 옹호나 하면서친일 식민 사관에 절고 절어 뭉개고 앉아너만 옳으냐며이 나라 모든 비리의 원천이 되는반민족 친일 역적 패당옛 새누리당을 갈아 엎고 갈아 치운대한민국 민주 정부문재인 촛불 시민 혁명 정부의 그 기개와기상과 기백의 정통성을 높여 기려 나가며반민족 친일 역적 패당국힘당을 갈아 엎고국회에서 퇴출시키며문재인 대통령님 재선되실 수 있는개헌의 추진을 희망하며하느님의 뜻에 순명하여언제나 세상의 싸움에 뛰어들어하느님의정의가 강물처럼 흐르도록 할 것을(아모 5,18-24)가르치시는다가오시는 미래 성인프란치스코 교황님께 순명하여교황님의 직속 수도회인 예수회와 한 뜻으로한국 천주 교회의 추기경님이시자서울대교구장님이시며 평양 교구장 서리이신염수정 안드레아 추기경님께 순명하여가톨릭 평신도로서우리는 신앙의 진리를 언제나 용감히 고백하며교황과 그와 결합된 주교들에게 순명하며세례 성사때의 서약을 새롭게 하면서아멘.3분의 임명은 불가피한 상황이며민족의 비극을 끝장내고기초과학에 투자할 여유를 확보하기 위하여임혜숙 과학기술부 장관님의 전공은 필수이며이를 기반으로 나라의 과학기술의 기반을 반석 위에 올려회개하지 않는 친일파의 영원한 정계 은퇴를 추진하여터닝포인트 코리아와 같은남북관계 발전법의 정신을 파괴하고그 결과 외세의 이익에 편에서는 결과를 낳는 방식으로사실상 외세와 결탁, 내통하는 결과를 낳는 세력들의 발본색원 및완벽한 처단과 토벌을자비없는 응징용서없는 정밀타격의 대한광복군의 정신(호세 7,16; 루카 12,39-43)에 따라완전히 해산시키기 위해서는이제는 머뭇거릴 이유가 없다는 것입니다.(에제33,9; 루카 12,39-43; 마태 7,21-23; 마태 18,6;갈라 1,8-9)우리 대한의 광복과자주 민주 통일 단일 국가를 건설하기 위하여더 이상 머뭇거릴 수는 없으며오늘이라도 지금 출근을 하시도록 하셔야 합니다.문재인 대통령님께서 정하셨으면 밀고 나가셔야 하며우리는 조선총독부 버전 2.0의 통치를 거부하며국힘당의 영원한 정계 은퇴를 선언하여민족의 자주 독립의 완성의 기틀을 세우는문재인 촛불 시민 혁명 정부를전국에 선포합니다.서구의 이념을 뛰어넘는 우리 민족사의 전통고조선의 세계 최초의 법전 8조법과널리 인간을 이롭게 하고자 한다는홍익인간의 건국 이념과고구려의 세계 최초의 복지 제도 진대법에 빛나는우리 겨레의 세계 최고 수준의 전통 문화천주교 신앙을 조선의 선비들이나라를 이끌 대안을 모색하기 위해밤을 지새워 촛불을 켜고 토론하여세계사에 유래가 없는선교사 없이 천주학을 자발적으로 받아들여천주교 신앙을 받아들인빛나는 도덕성과 정신 문화를 갖춘우리 겨레의 전통 문화15세의 소년의 하느님 부르심에의 응답성 김대건 안드레아 신부님을 본받고성 정하상 바오로와 동료 순교자들과윤지충 바오로와 동료 순교 복자, 복녀들을 본받으면서조선 건국 초기국가 과학 기술 지수 세계 2위에 빛나는세종대왕과 집현전 학자들의 한글 창제과학 장영실,분명히 코로나19 바이러스 K-방역을 뛰어 넘었을동의보감 허준(고구려 장수태왕폐하(장수왕)와조선 영조 대왕의 승하 연령을 고려하고한국산 팽이버섯이 바이러스를 녹여 없애는비누의 계면 활성제를 닮은 것을관찰하고제시하는 의학적 근거가 되는형상의학은 한의학임을다시 밝히면서이론과 사례를 분리시켜루터와 달리 이번에는 이론을 무시하는미국 등의 서구 사회는 결코 시도하지도 못하고영원히 따라오지 못하고 뒤쳐질 수 밖에 없는그 위대한형상의학은 우리 겨레의 한의학임을하느님의 뜻에 따라 선포하면서)현대 컴퓨터를 설계한 폰 노이만에 260년 앞서현대 컴퓨터 과학에 지대한 공헌을 하신조선의 영의정 수학자 최석정을본받고 계승하면서그리고 더 나아가조선이라는 나라의 체제를 설계했던정도전을 본받아우리 겨레의독창적이고 독자적인 국가 체제의 창제를지향하여서구 이념에 따른남북 분단을 치유하고조국의 평화 통일로 세계의 평화에 기여하기 위하여나라를 지키신 거북선의 이순신 장군님을 기리며틀림없이 조선의 최초의 천주교 신자천주교 세례를 받으신틀림없이 조선 왕실의 최초의 천주교 신자소현 세자 저하와 강 세자빈 마마의예수회와의 협력을 통한대학교 설립의 추진을기리며조선의 선비다산 정약용의 천주교 신앙과그 분의 모든 학문 분야의 연구를 기리며고구려의 광개토태왕 폐하의 기상과 기백으로언제나 용감하게 우리 겨레의 자주 독립을 위해전 세계에 대한민국 독립군 기지를 건설하여세계사에 유래가 없는 독립 전쟁을 벌여 나간나라의 자주 독립을 위한패기 가득한 기상과 기백을 갖춘대한민국 임시 정부의 법통을 계승하고조국의 평화적 통일을 지향하는남북이 발해를 꿈꾸며친일파 옹호나 하면서친일 식민 사관에 절고 절어 뭉개고 앉아너만 옳으냐며이 나라 모든 비리의 원천이 되는반민족 친일 역적 패당옛 새누리당을 갈아 엎고 갈아 치운대한민국 민주 정부문재인 촛불 시민 혁명 정부의 그 기개와기상과 기백의 정통성을 높여 기려 나가며반민족 친일 역적 패당국힘당을 갈아 엎고국회에서 퇴출시키며문재인 대통령님 재선되실 수 있는개헌의 추진을 희망하며하느님의 뜻에 순명하여언제나 세상의 싸움에 뛰어들어하느님의정의가 강물처럼 흐르도록 할 것을(아모 5,18-24)가르치시는다가오시는 미래 성인프란치스코 교황님께 순명하여교황님의 직속 수도회인 예수회와 한 뜻으로한국 천주 교회의 추기경님이시자서울대교구장님이시며 평양 교구장 서리이신염수정 안드레아 추기경님께 순명하여가톨릭 평신도로서우리는 신앙의 진리를 언제나 용감히 고백하며교황과 그와 결합된 주교들에게 순명하며세례 성사때의 서약을 새롭게 하면서아멘.서구의 이념을 뛰어넘는 우리 민족사의 전통고조선의 세계 최초의 법전 8조법과널리 인간을 이롭게 하고자 한다는홍익인간의 건국 이념과고구려의 세계 최초의 복지 제도 진대법에 빛나는우리 겨레의 세계 최고 수준의 전통 문화천주교 신앙을 조선의 선비들이나라를 이끌 대안을 모색하기 위해밤을 지새워 촛불을 켜고 토론하여세계사에 유래가 없는선교사 없이 천주학을 자발적으로 받아들여천주교 신앙을 받아들인빛나는 도덕성과 정신 문화를 갖춘우리 겨레의 전통 문화15세의 소년의 하느님 부르심에의 응답성 김대건 안드레아 신부님을 본받고성 정하상 바오로와 동료 순교자들과윤지충 바오로와 동료 순교 복자, 복녀들을 본받으면서조선 건국 초기국가 과학 기술 지수 세계 2위에 빛나는세종대왕과 집현전 학자들의 한글 창제과학 장영실,분명히 코로나19 바이러스 K-방역을 뛰어 넘었을동의보감 허준(고구려 장수태왕폐하(장수왕)와조선 영조 대왕의 승하 연령을 고려하고한국산 팽이버섯이 바이러스를 녹여 없애는비누의 계면 활성제를 닮은 것을관찰하고제시하는 의학적 근거가 되는형상의학은 한의학임을다시 밝히면서이론과 사례를 분리시켜루터와 달리 이번에는 이론을 무시하는미국 등의 서구 사회는 결코 시도하지도 못하고영원히 따라오지 못하고 뒤쳐질 수 밖에 없는그 위대한형상의학은 우리 겨레의 한의학임을하느님의 뜻에 따라 선포하면서)현대 컴퓨터를 설계한 폰 노이만에 260년 앞서현대 컴퓨터 과학에 지대한 공헌을 하신조선의 영의정 수학자 최석정을본받고 계승하면서그리고 더 나아가조선이라는 나라의 체제를 설계했던정도전을 본받아우리 겨레의독창적이고 독자적인 국가 체제의 창제를지향하여서구 이념에 따른남북 분단을 치유하고조국의 평화 통일로 세계의 평화에 기여하기 위하여나라를 지키신 거북선의 이순신 장군님을 기리며틀림없이 조선의 최초의 천주교 신자천주교 세례를 받으신틀림없이 조선 왕실의 최초의 천주교 신자소현 세자 저하와 강 세자빈 마마의예수회와의 협력을 통한대학교 설립의 추진을기리며조선의 선비다산 정약용의 천주교 신앙과그 분의 모든 학문 분야의 연구를 기리며고구려의 광개토태왕 폐하의 기상과 기백으로언제나 용감하게 우리 겨레의 자주 독립을 위해전 세계에 대한민국 독립군 기지를 건설하여세계사에 유래가 없는 독립 전쟁을 벌여 나간나라의 자주 독립을 위한패기 가득한 기상과 기백을 갖춘대한민국 임시 정부의 법통을 계승하고조국의 평화적 통일을 지향하는남북이 발해를 꿈꾸며친일파 옹호나 하면서친일 식민 사관에 절고 절어 뭉개고 앉아너만 옳으냐며이 나라 모든 비리의 원천이 되는반민족 친일 역적 패당옛 새누리당을 갈아 엎고 갈아 치운대한민국 민주 정부문재인 촛불 시민 혁명 정부의 그 기개와기상과 기백의 정통성을 높여 기려 나가며반민족 친일 역적 패당국힘당을 갈아 엎고국회에서 퇴출시키며문재인 대통령님 재선되실 수 있는개헌의 추진을 희망하며하느님의 뜻에 순명하여언제나 세상의 싸움에 뛰어들어하느님의정의가 강물처럼 흐르도록 할 것을(아모 5,18-24)가르치시는다가오시는 미래 성인프란치스코 교황님께 순명하여교황님의 직속 수도회인 예수회와 한 뜻으로한국 천주 교회의 추기경님이시자서울대교구장님이시며 평양 교구장 서리이신염수정 안드레아 추기경님께 순명하여가톨릭 평신도로서우리는 신앙의 진리를 언제나 용감히 고백하며교황과 그와 결합된 주교들에게 순명하며세례 성사때의 서약을 새롭게 하면서아멘."
한미동맹에서의 한국측 주도세력-터닝포인트코리아같은 유약하고 낡은 사고에 젖어 남북대립을 말하는 세력은 안된다,"낡은 선택옛날에 했던 일편을 한 나라라도 더 얻어야 하는 판에남북을 갈라보자..이런 낡은 선택이면서내면적으로 유약한 정치 세력은도태되어 물러나야 하며이러한 오판을 하는 정치 세력이한미 동맹의 한국측 주축이 되어 왔기 때문에북핵의 갯수만 늘어왔다그게 결론이지 않습니까?낡은 생각만 늘어놓는 세력생각의 나이가 얼마이냐..70이 넘었다..한미 동맹의 한국측 주축을 바꿔야북한의 새로운 변화가 나오고통일로 북핵을 해결하고북한이 우리 편에 서는새로운 선택을 해야만이그래야 중국의 남하를 막는데 도움이 되지북한을 버린다...그래서 나온 결과가 뭐냐..이미 북한이 친중으로중국 편에 서 있게 만든 현 상황은이미 중국의 세가 북한에 이르는 남하를 허용한 결과를 낳았으며그런 어리석고 낡아빠진 선택을 한 것이고그렇게해서는 안되는 것입니다.새로운 한미 동맹은 말입니다.터닝포인트코리아는 해산하세요.김정식 대표는 대국민 사과문을 내일 발표하시기 바랍니다.서구의 이념을 뛰어넘는 우리 민족사의 전통고조선의 세계 최초의 법전 8조법과널리 인간을 이롭게 하고자 한다는홍익인간의 건국 이념과고구려의 세계 최초의 복지 제도 진대법에 빛나는우리 겨레의 세계 최고 수준의 전통 문화천주교 신앙을 조선의 선비들이나라를 이끌 대안을 모색하기 위해밤을 지새워 촛불을 켜고 토론하여세계사에 유래가 없는선교사 없이 천주학을 자발적으로 받아들여천주교 신앙을 받아들인빛나는 도덕성과 정신 문화를 갖춘우리 겨레의 전통 문화15세의 소년의 하느님 부르심에의 응답성 김대건 안드레아 신부님을 본받고성 정하상 바오로와 동료 순교자들과윤지충 바오로와 동료 순교 복자, 복녀들을 본받으면서조선 건국 초기국가 과학 기술 지수 세계 2위에 빛나는세종대왕과 집현전 학자들의 한글 창제과학 장영실,분명히 코로나19 바이러스 K-방역을 뛰어 넘었을동의보감 허준(고구려 장수태왕폐하(장수왕)와조선 영조 대왕의 승하 연령을 고려하고한국산 팽이버섯이 바이러스를 녹여 없애는비누의 계면 활성제를 닮은 것을관찰하고제시하는 의학적 근거가 되는형상의학은 한의학임을다시 밝히면서이론과 사례를 분리시켜루터와 달리 이번에는 이론을 무시하는미국 등의 서구 사회는 결코 시도하지도 못하고영원히 따라오지 못하고 뒤쳐질 수 밖에 없는그 위대한형상의학은 우리 겨레의 한의학임을하느님의 뜻에 따라 선포하면서)현대 컴퓨터를 설계한 폰 노이만에 260년 앞서현대 컴퓨터 과학에 지대한 공헌을 하신조선의 영의정 수학자 최석정을본받고 계승하면서그리고 더 나아가조선이라는 나라의 체제를 설계했던정도전을 본받아우리 겨레의독창적이고 독자적인 국가 체제의 창제를지향하여서구 이념에 따른남북 분단을 치유하고조국의 평화 통일로 세계의 평화에 기여하기 위하여나라를 지키신 거북선의 이순신 장군님을 기리며틀림없이 조선의 최초의 천주교 신자천주교 세례를 받으신틀림없이 조선 왕실의 최초의 천주교 신자소현 세자 저하와 강 세자빈 마마의예수회와의 협력을 통한대학교 설립의 추진을기리며조선의 선비다산 정약용의 천주교 신앙과그 분의 모든 학문 분야의 연구를 기리며고구려의 광개토태왕 폐하의 기상과 기백으로언제나 용감하게 우리 겨레의 자주 독립을 위해전 세계에 대한민국 독립군 기지를 건설하여세계사에 유래가 없는 독립 전쟁을 벌여 나간나라의 자주 독립을 위한패기 가득한 기상과 기백을 갖춘대한민국 임시 정부의 법통을 계승하고조국의 평화적 통일을 지향하는남북이 발해를 꿈꾸며친일파 옹호나 하면서친일 식민 사관에 절고 절어 뭉개고 앉아너만 옳으냐며이 나라 모든 비리의 원천이 되는반민족 친일 역적 패당옛 새누리당을 갈아 엎고 갈아 치운대한민국 민주 정부문재인 촛불 시민 혁명 정부의 그 기개와기상과 기백의 정통성을 높여 기려 나가며반민족 친일 역적 패당국힘당을 갈아 엎고국회에서 퇴출시키며문재인 대통령님 재선되실 수 있는개헌의 추진을 희망하며하느님의 뜻에 순명하여언제나 세상의 싸움에 뛰어들어하느님의정의가 강물처럼 흐르도록 할 것을(아모 5,18-24)가르치시는다가오시는 미래 성인프란치스코 교황님께 순명하여교황님의 직속 수도회인 예수회와 한 뜻으로한국 천주 교회의 추기경님이시자서울대교구장님이시며 평양 교구장 서리이신염수정 안드레아 추기경님께 순명하여가톨릭 평신도로서우리는 신앙의 진리를 언제나 용감히 고백하며교황과 그와 결합된 주교들에게 순명하며세례 성사때의 서약을 새롭게 하면서아멘. 서구의 이념을 뛰어넘는 우리 민족사의 전통고조선의 세계 최초의 법전 8조법과널리 인간을 이롭게 하고자 한다는홍익인간의 건국 이념과고구려의 세계 최초의 복지 제도 진대법에 빛나는우리 겨레의 세계 최고 수준의 전통 문화천주교 신앙을 조선의 선비들이나라를 이끌 대안을 모색하기 위해밤을 지새워 촛불을 켜고 토론하여세계사에 유래가 없는선교사 없이 천주학을 자발적으로 받아들여천주교 신앙을 받아들인빛나는 도덕성과 정신 문화를 갖춘우리 겨레의 전통 문화15세의 소년의 하느님 부르심에의 응답성 김대건 안드레아 신부님을 본받고성 정하상 바오로와 동료 순교자들과윤지충 바오로와 동료 순교 복자, 복녀들을 본받으면서조선 건국 초기국가 과학 기술 지수 세계 2위에 빛나는세종대왕과 집현전 학자들의 한글 창제과학 장영실,분명히 코로나19 바이러스 K-방역을 뛰어 넘었을동의보감 허준(고구려 장수태왕폐하(장수왕)와조선 영조 대왕의 승하 연령을 고려하고한국산 팽이버섯이 바이러스를 녹여 없애는비누의 계면 활성제를 닮은 것을관찰하고제시하는 의학적 근거가 되는형상의학은 한의학임을다시 밝히면서이론과 사례를 분리시켜루터와 달리 이번에는 이론을 무시하는미국 등의 서구 사회는 결코 시도하지도 못하고영원히 따라오지 못하고 뒤쳐질 수 밖에 없는그 위대한형상의학은 우리 겨레의 한의학임을하느님의 뜻에 따라 선포하면서)현대 컴퓨터를 설계한 폰 노이만에 260년 앞서현대 컴퓨터 과학에 지대한 공헌을 하신조선의 영의정 수학자 최석정을본받고 계승하면서그리고 더 나아가조선이라는 나라의 체제를 설계했던정도전을 본받아우리 겨레의독창적이고 독자적인 국가 체제의 창제를지향하여서구 이념에 따른남북 분단을 치유하고조국의 평화 통일로 세계의 평화에 기여하기 위하여나라를 지키신 거북선의 이순신 장군님을 기리며틀림없이 조선의 최초의 천주교 신자천주교 세례를 받으신틀림없이 조선 왕실의 최초의 천주교 신자소현 세자 저하와 강 세자빈 마마의예수회와의 협력을 통한대학교 설립의 추진을기리며조선의 선비다산 정약용의 천주교 신앙과그 분의 모든 학문 분야의 연구를 기리며고구려의 광개토태왕 폐하의 기상과 기백으로언제나 용감하게 우리 겨레의 자주 독립을 위해전 세계에 대한민국 독립군 기지를 건설하여세계사에 유래가 없는 독립 전쟁을 벌여 나간나라의 자주 독립을 위한패기 가득한 기상과 기백을 갖춘대한민국 임시 정부의 법통을 계승하고조국의 평화적 통일을 지향하는남북이 발해를 꿈꾸며친일파 옹호나 하면서친일 식민 사관에 절고 절어 뭉개고 앉아너만 옳으냐며이 나라 모든 비리의 원천이 되는반민족 친일 역적 패당옛 새누리당을 갈아 엎고 갈아 치운대한민국 민주 정부문재인 촛불 시민 혁명 정부의 그 기개와기상과 기백의 정통성을 높여 기려 나가며반민족 친일 역적 패당국힘당을 갈아 엎고국회에서 퇴출시키며문재인 대통령님 재선되실 수 있는개헌의 추진을 희망하며하느님의 뜻에 순명하여언제나 세상의 싸움에 뛰어들어하느님의정의가 강물처럼 흐르도록 할 것을(아모 5,18-24)가르치시는다가오시는 미래 성인프란치스코 교황님께 순명하여교황님의 직속 수도회인 예수회와 한 뜻으로한국 천주 교회의 추기경님이시자서울대교구장님이시며 평양 교구장 서리이신염수정 안드레아 추기경님께 순명하여가톨릭 평신도로서우리는 신앙의 진리를 언제나 용감히 고백하며교황과 그와 결합된 주교들에게 순명하며세례 성사때의 서약을 새롭게 하면서아멘."
"[한미동맹의효율격상어떻게하나]실질적인 중국 남하를 막을 나라도 우리 나라, 막아야만 하는 나라도 우리 나라","한미동맹의효율격상어떻게하나실질적인 중국 남하를 막을 나라도 우리 나라,막아야만 하는 나라도 우리 나라한국의 과학기술이중국을 확실히 제압하는그런 나라가 되어야한미 동맹이 그 효과를 보고그래야 중국 남하에미국도 일본도 덕을 본다그것을 현재 미일의 정부의 의견에 따라가다가같이 망하자..이런 일이 있어서는 안되는조금의 정책 오판이 잠시도 허용되서는 안되는절대 절명의 매우 긴급한 상황임을미국 정부도 일본 정부도잘 이해해야 하며문재인 촛불 시민 혁명 정부를최대한 응원하고 지원하고 지지하는데 있어서아낌이 없어야 할 것입니다.딴지를 걸지 마세요.다른 모든 사안들에 있어서.통일이 답입니다.우리 편을 늘려가야지.1950년과는 다른 상황입니다.북핵을 우리 편의 핵으로 만들어야 한다..잊지 마시고그 때 그 전임자들처럼오판하지 마십시오.실수는 돌이킬 수 없는 결과를 낳을 것이기 때문입니다.중국이 남하할 의지를 아예 초반에 꺾어낼 수 있는매우 중요한 시간이 흐르고 있기 때문입니다.빌 게이츠 보다 뛰어난정치가들의 모임문재인 촛불 시민 혁명 정부에 따라모든 전략을 집중해 주시기 바랍니다.다른 전략은..이래서 이러니까..그래서 이렇고..그런 방식으로는 해결이 나는 것이 아니라중국의 남하에 밀리게 될 것입니다.문재인 촛불 시민 혁명 정부가 해결해 내면그 다음에는 미국도 일본도두 다리 뻗고 편히 아침 늦게까지 푹 잘 수 있습니다.후쿠시마 원전 폐수 방류만 안하면 되겠죠그 때 가서는..서구의 이념을 뛰어넘는 우리 민족사의 전통고조선의 세계 최초의 법전 8조법과널리 인간을 이롭게 하고자 한다는홍익인간의 건국 이념과고구려의 세계 최초의 복지 제도 진대법에 빛나는우리 겨레의 세계 최고 수준의 전통 문화천주교 신앙을 조선의 선비들이나라를 이끌 대안을 모색하기 위해밤을 지새워 촛불을 켜고 토론하여세계사에 유래가 없는선교사 없이 천주학을 자발적으로 받아들여천주교 신앙을 받아들인빛나는 도덕성과 정신 문화를 갖춘우리 겨레의 전통 문화15세의 소년의 하느님 부르심에의 응답성 김대건 안드레아 신부님을 본받고성 정하상 바오로와 동료 순교자들과윤지충 바오로와 동료 순교 복자, 복녀들을 본받으면서조선 건국 초기국가 과학 기술 지수 세계 2위에 빛나는세종대왕과 집현전 학자들의 한글 창제과학 장영실,분명히 코로나19 바이러스 K-방역을 뛰어 넘었을동의보감 허준(고구려 장수태왕폐하(장수왕)와조선 영조 대왕의 승하 연령을 고려하고한국산 팽이버섯이 바이러스를 녹여 없애는비누의 계면 활성제를 닮은 것을관찰하고제시하는 의학적 근거가 되는형상의학은 한의학임을다시 밝히면서이론과 사례를 분리시켜루터와 달리 이번에는 이론을 무시하는미국 등의 서구 사회는 결코 시도하지도 못하고영원히 따라오지 못하고 뒤쳐질 수 밖에 없는그 위대한형상의학은 우리 겨레의 한의학임을하느님의 뜻에 따라 선포하면서)현대 컴퓨터를 설계한 폰 노이만에 260년 앞서현대 컴퓨터 과학에 지대한 공헌을 하신조선의 영의정 수학자 최석정을본받고 계승하면서그리고 더 나아가조선이라는 나라의 체제를 설계했던정도전을 본받아우리 겨레의독창적이고 독자적인 국가 체제의 창제를지향하여서구 이념에 따른남북 분단을 치유하고조국의 평화 통일로 세계의 평화에 기여하기 위하여나라를 지키신 거북선의 이순신 장군님을 기리며틀림없이 조선의 최초의 천주교 신자천주교 세례를 받으신틀림없이 조선 왕실의 최초의 천주교 신자소현 세자 저하와 강 세자빈 마마의예수회와의 협력을 통한대학교 설립의 추진을기리며조선의 선비다산 정약용의 천주교 신앙과그 분의 모든 학문 분야의 연구를 기리며고구려의 광개토태왕 폐하의 기상과 기백으로언제나 용감하게 우리 겨레의 자주 독립을 위해전 세계에 대한민국 독립군 기지를 건설하여세계사에 유래가 없는 독립 전쟁을 벌여 나간나라의 자주 독립을 위한패기 가득한 기상과 기백을 갖춘대한민국 임시 정부의 법통을 계승하고조국의 평화적 통일을 지향하는남북이 발해를 꿈꾸며친일파 옹호나 하면서친일 식민 사관에 절고 절어 뭉개고 앉아너만 옳으냐며이 나라 모든 비리의 원천이 되는반민족 친일 역적 패당옛 새누리당을 갈아 엎고 갈아 치운대한민국 민주 정부문재인 촛불 시민 혁명 정부의 그 기개와기상과 기백의 정통성을 높여 기려 나가며반민족 친일 역적 패당국힘당을 갈아 엎고국회에서 퇴출시키며문재인 대통령님 재선되실 수 있는개헌의 추진을 희망하며하느님의 뜻에 순명하여언제나 세상의 싸움에 뛰어들어하느님의정의가 강물처럼 흐르도록 할 것을(아모 5,18-24)가르치시는다가오시는 미래 성인프란치스코 교황님께 순명하여교황님의 직속 수도회인 예수회와 한 뜻으로한국 천주 교회의 추기경님이시자서울대교구장님이시며 평양 교구장 서리이신염수정 안드레아 추기경님께 순명하여가톨릭 평신도로서우리는 신앙의 진리를 언제나 용감히 고백하며교황과 그와 결합된 주교들에게 순명하며세례 성사때의 서약을 새롭게 하면서아멘. 서구의 이념을 뛰어넘는 우리 민족사의 전통고조선의 세계 최초의 법전 8조법과널리 인간을 이롭게 하고자 한다는홍익인간의 건국 이념과고구려의 세계 최초의 복지 제도 진대법에 빛나는우리 겨레의 세계 최고 수준의 전통 문화천주교 신앙을 조선의 선비들이나라를 이끌 대안을 모색하기 위해밤을 지새워 촛불을 켜고 토론하여세계사에 유래가 없는선교사 없이 천주학을 자발적으로 받아들여천주교 신앙을 받아들인빛나는 도덕성과 정신 문화를 갖춘우리 겨레의 전통 문화15세의 소년의 하느님 부르심에의 응답성 김대건 안드레아 신부님을 본받고성 정하상 바오로와 동료 순교자들과윤지충 바오로와 동료 순교 복자, 복녀들을 본받으면서조선 건국 초기국가 과학 기술 지수 세계 2위에 빛나는세종대왕과 집현전 학자들의 한글 창제과학 장영실,분명히 코로나19 바이러스 K-방역을 뛰어 넘었을동의보감 허준(고구려 장수태왕폐하(장수왕)와조선 영조 대왕의 승하 연령을 고려하고한국산 팽이버섯이 바이러스를 녹여 없애는비누의 계면 활성제를 닮은 것을관찰하고제시하는 의학적 근거가 되는형상의학은 한의학임을다시 밝히면서이론과 사례를 분리시켜루터와 달리 이번에는 이론을 무시하는미국 등의 서구 사회는 결코 시도하지도 못하고영원히 따라오지 못하고 뒤쳐질 수 밖에 없는그 위대한형상의학은 우리 겨레의 한의학임을하느님의 뜻에 따라 선포하면서)현대 컴퓨터를 설계한 폰 노이만에 260년 앞서현대 컴퓨터 과학에 지대한 공헌을 하신조선의 영의정 수학자 최석정을본받고 계승하면서그리고 더 나아가조선이라는 나라의 체제를 설계했던정도전을 본받아우리 겨레의독창적이고 독자적인 국가 체제의 창제를지향하여서구 이념에 따른남북 분단을 치유하고조국의 평화 통일로 세계의 평화에 기여하기 위하여나라를 지키신 거북선의 이순신 장군님을 기리며틀림없이 조선의 최초의 천주교 신자천주교 세례를 받으신틀림없이 조선 왕실의 최초의 천주교 신자소현 세자 저하와 강 세자빈 마마의예수회와의 협력을 통한대학교 설립의 추진을기리며조선의 선비다산 정약용의 천주교 신앙과그 분의 모든 학문 분야의 연구를 기리며고구려의 광개토태왕 폐하의 기상과 기백으로언제나 용감하게 우리 겨레의 자주 독립을 위해전 세계에 대한민국 독립군 기지를 건설하여세계사에 유래가 없는 독립 전쟁을 벌여 나간나라의 자주 독립을 위한패기 가득한 기상과 기백을 갖춘대한민국 임시 정부의 법통을 계승하고조국의 평화적 통일을 지향하는남북이 발해를 꿈꾸며친일파 옹호나 하면서친일 식민 사관에 절고 절어 뭉개고 앉아너만 옳으냐며이 나라 모든 비리의 원천이 되는반민족 친일 역적 패당옛 새누리당을 갈아 엎고 갈아 치운대한민국 민주 정부문재인 촛불 시민 혁명 정부의 그 기개와기상과 기백의 정통성을 높여 기려 나가며반민족 친일 역적 패당국힘당을 갈아 엎고국회에서 퇴출시키며문재인 대통령님 재선되실 수 있는개헌의 추진을 희망하며하느님의 뜻에 순명하여언제나 세상의 싸움에 뛰어들어하느님의정의가 강물처럼 흐르도록 할 것을(아모 5,18-24)가르치시는다가오시는 미래 성인프란치스코 교황님께 순명하여교황님의 직속 수도회인 예수회와 한 뜻으로한국 천주 교회의 추기경님이시자서울대교구장님이시며 평양 교구장 서리이신염수정 안드레아 추기경님께 순명하여가톨릭 평신도로서우리는 신앙의 진리를 언제나 용감히 고백하며교황과 그와 결합된 주교들에게 순명하며세례 성사때의 서약을 새롭게 하면서아멘."
줏대를 가지고 우리의 필요를 검토하여 통일방안을 생각해 본다면,"남북 모두입헌 군주국으로 전환하여북한 김정은 일가의 황위의 즉위와 황족으로의 신분 전환을 통하여실질적으로 신분의 안전을 보장하고우리도 황제를 추대하여그렇게남북의 황족이 혼인동맹을 맺고하나의 황족으로 유지한 뒤추후 단일 황제가 즉위하는입헌 군주국으로 전환해 가되여기에서 황제나 황족들 역시대선이라든지국회의원 혹은 지자체장 선거에출마하는 등 공무 담임권 등을 보장하는통일 헌법을 통하여갈등 요소를 제거하는융통성 있는 통일 헌법을 논의하는 것이 좋겠다고생각합니다.평화 통일이 매우 급한 상황이 되었으므로중국의 남하를 막아야 하는 긴급 상황임을 생각하여입헌 군주국으로의 개헌을 생각해보면 좋겠고남북 정상 회담 개최를 통하여 이를 논의하면 좋겠습니다.전쟁을 막고 평화 통일만 된다면우리는 지금 할 수 있는 모든 것을 다해야 하겠습니다.현재는 남녘의 한 덩어리북녘의 한 덩어리 단위로나뉘어 있어서 서로의 이념에 대해 살펴볼 기회가사실상 매우 적지만지자체 별로 이념을 선택하도록 해서서로 영향을 주고 받으면서융통성 있게 좋은 점만 채택한다면우리 나라만의 새로운 이념을 만들어서세계에 전해주는문화의 나라가 될 것입니다.즉 두 잔에 담긴뜨거운 물과 찬 물을이제는 하나의 잔에섞자는 것입니다.서구의 이념을 뛰어넘는 우리 민족사의 전통고조선의 세계 최초의 법전 8조법과널리 인간을 이롭게 하고자 한다는홍익인간의 건국 이념과고구려의 세계 최초의 복지 제도 진대법에 빛나는우리 겨레의 세계 최고 수준의 전통 문화천주교 신앙을 조선의 선비들이나라를 이끌 대안을 모색하기 위해밤을 지새워 촛불을 켜고 토론하여세계사에 유래가 없는선교사 없이 천주학을 자발적으로 받아들여천주교 신앙을 받아들인빛나는 도덕성과 정신 문화를 갖춘우리 겨레의 전통 문화15세의 소년의 하느님 부르심에의 응답성 김대건 안드레아 신부님을 본받고성 정하상 바오로와 동료 순교자들과윤지충 바오로와 동료 순교 복자, 복녀들을 본받으면서조선 건국 초기국가 과학 기술 지수 세계 2위에 빛나는세종대왕과 집현전 학자들의 한글 창제과학 장영실,분명히 코로나19 바이러스 K-방역을 뛰어 넘었을동의보감 허준(고구려 장수태왕폐하(장수왕)와조선 영조 대왕의 승하 연령을 고려하고한국산 팽이버섯이 바이러스를 녹여 없애는비누의 계면 활성제를 닮은 것을관찰하고제시하는 의학적 근거가 되는형상의학은 한의학임을다시 밝히면서이론과 사례를 분리시켜루터와 달리 이번에는 이론을 무시하는미국 등의 서구 사회는 결코 시도하지도 못하고영원히 따라오지 못하고 뒤쳐질 수 밖에 없는그 위대한형상의학은 우리 겨레의 한의학임을하느님의 뜻에 따라 선포하면서)현대 컴퓨터를 설계한 폰 노이만에 260년 앞서현대 컴퓨터 과학에 지대한 공헌을 하신조선의 영의정 수학자 최석정을본받고 계승하면서그리고 더 나아가조선이라는 나라의 체제를 설계했던정도전을 본받아우리 겨레의독창적이고 독자적인 국가 체제의 창제를지향하여서구 이념에 따른남북 분단을 치유하고조국의 평화 통일로 세계의 평화에 기여하기 위하여나라를 지키신 거북선의 이순신 장군님을 기리며틀림없이 조선의 최초의 천주교 신자천주교 세례를 받으신틀림없이 조선 왕실의 최초의 천주교 신자소현 세자 저하와 강 세자빈 마마의예수회와의 협력을 통한대학교 설립의 추진을기리며조선의 선비다산 정약용의 천주교 신앙과그 분의 모든 학문 분야의 연구를 기리며고구려의 광개토태왕 폐하의 기상과 기백으로언제나 용감하게 우리 겨레의 자주 독립을 위해전 세계에 대한민국 독립군 기지를 건설하여세계사에 유래가 없는 독립 전쟁을 벌여 나간나라의 자주 독립을 위한패기 가득한 기상과 기백을 갖춘대한민국 임시 정부의 법통을 계승하고조국의 평화적 통일을 지향하는남북이 발해를 꿈꾸며친일파 옹호나 하면서친일 식민 사관에 절고 절어 뭉개고 앉아너만 옳으냐며이 나라 모든 비리의 원천이 되는반민족 친일 역적 패당옛 새누리당을 갈아 엎고 갈아 치운대한민국 민주 정부문재인 촛불 시민 혁명 정부의 그 기개와기상과 기백의 정통성을 높여 기려 나가며반민족 친일 역적 패당국힘당을 갈아 엎고국회에서 퇴출시키며문재인 대통령님 재선되실 수 있는개헌의 추진을 희망하며하느님의 뜻에 순명하여언제나 세상의 싸움에 뛰어들어하느님의정의가 강물처럼 흐르도록 할 것을(아모 5,18-24)가르치시는다가오시는 미래 성인프란치스코 교황님께 순명하여교황님의 직속 수도회인 예수회와 한 뜻으로한국 천주 교회의 추기경님이시자서울대교구장님이시며 평양 교구장 서리이신염수정 안드레아 추기경님께 순명하여가톨릭 평신도로서우리는 신앙의 진리를 언제나 용감히 고백하며교황과 그와 결합된 주교들에게 순명하며세례 성사때의 서약을 새롭게 하면서아멘. 서구의 이념을 뛰어넘는 우리 민족사의 전통고조선의 세계 최초의 법전 8조법과널리 인간을 이롭게 하고자 한다는홍익인간의 건국 이념과고구려의 세계 최초의 복지 제도 진대법에 빛나는우리 겨레의 세계 최고 수준의 전통 문화천주교 신앙을 조선의 선비들이나라를 이끌 대안을 모색하기 위해밤을 지새워 촛불을 켜고 토론하여세계사에 유래가 없는선교사 없이 천주학을 자발적으로 받아들여천주교 신앙을 받아들인빛나는 도덕성과 정신 문화를 갖춘우리 겨레의 전통 문화15세의 소년의 하느님 부르심에의 응답성 김대건 안드레아 신부님을 본받고성 정하상 바오로와 동료 순교자들과윤지충 바오로와 동료 순교 복자, 복녀들을 본받으면서조선 건국 초기국가 과학 기술 지수 세계 2위에 빛나는세종대왕과 집현전 학자들의 한글 창제과학 장영실,분명히 코로나19 바이러스 K-방역을 뛰어 넘었을동의보감 허준(고구려 장수태왕폐하(장수왕)와조선 영조 대왕의 승하 연령을 고려하고한국산 팽이버섯이 바이러스를 녹여 없애는비누의 계면 활성제를 닮은 것을관찰하고제시하는 의학적 근거가 되는형상의학은 한의학임을다시 밝히면서이론과 사례를 분리시켜루터와 달리 이번에는 이론을 무시하는미국 등의 서구 사회는 결코 시도하지도 못하고영원히 따라오지 못하고 뒤쳐질 수 밖에 없는그 위대한형상의학은 우리 겨레의 한의학임을하느님의 뜻에 따라 선포하면서)현대 컴퓨터를 설계한 폰 노이만에 260년 앞서현대 컴퓨터 과학에 지대한 공헌을 하신조선의 영의정 수학자 최석정을본받고 계승하면서그리고 더 나아가조선이라는 나라의 체제를 설계했던정도전을 본받아우리 겨레의독창적이고 독자적인 국가 체제의 창제를지향하여서구 이념에 따른남북 분단을 치유하고조국의 평화 통일로 세계의 평화에 기여하기 위하여나라를 지키신 거북선의 이순신 장군님을 기리며틀림없이 조선의 최초의 천주교 신자천주교 세례를 받으신틀림없이 조선 왕실의 최초의 천주교 신자소현 세자 저하와 강 세자빈 마마의예수회와의 협력을 통한대학교 설립의 추진을기리며조선의 선비다산 정약용의 천주교 신앙과그 분의 모든 학문 분야의 연구를 기리며고구려의 광개토태왕 폐하의 기상과 기백으로언제나 용감하게 우리 겨레의 자주 독립을 위해전 세계에 대한민국 독립군 기지를 건설하여세계사에 유래가 없는 독립 전쟁을 벌여 나간나라의 자주 독립을 위한패기 가득한 기상과 기백을 갖춘대한민국 임시 정부의 법통을 계승하고조국의 평화적 통일을 지향하는남북이 발해를 꿈꾸며친일파 옹호나 하면서친일 식민 사관에 절고 절어 뭉개고 앉아너만 옳으냐며이 나라 모든 비리의 원천이 되는반민족 친일 역적 패당옛 새누리당을 갈아 엎고 갈아 치운대한민국 민주 정부문재인 촛불 시민 혁명 정부의 그 기개와기상과 기백의 정통성을 높여 기려 나가며반민족 친일 역적 패당국힘당을 갈아 엎고국회에서 퇴출시키며문재인 대통령님 재선되실 수 있는개헌의 추진을 희망하며하느님의 뜻에 순명하여언제나 세상의 싸움에 뛰어들어하느님의정의가 강물처럼 흐르도록 할 것을(아모 5,18-24)가르치시는다가오시는 미래 성인프란치스코 교황님께 순명하여교황님의 직속 수도회인 예수회와 한 뜻으로한국 천주 교회의 추기경님이시자서울대교구장님이시며 평양 교구장 서리이신염수정 안드레아 추기경님께 순명하여가톨릭 평신도로서우리는 신앙의 진리를 언제나 용감히 고백하며교황과 그와 결합된 주교들에게 순명하며세례 성사때의 서약을 새롭게 하면서아멘."
우리나라가 중국화 되지 않게 청원에 동참해주세요,"청원☞ https://www1.president.go.kr/petitions/597991우리나라 저출산 문제를 ㅅㅂ 중국인, 조선족 데려와서 채우는걸로 해결하겠다네그냥 ㅈㄴ 무책임하고 대놓고 중국에 나라를 바치겠다는거지자세한건 밑에 영상 참고해줘(이슈왕) https://youtu.be/c7Hb0CqPa1I(지식의 칼)  https://youtu.be/9CqK9mVZ4qw "
