제목,본문,댓글
비트코인 하락장으로 한 강간 디씨인,안 샀다고 한 닼,이제 자살이 아닌 타살이 될 것 오늘 펨코 비트코인 갤에서 연탄 자살 소동 일어나서 독고가 글 삭제시 킴 다른 사람들은 경찰에 신고하고 나도 안 샀어 마지노 라고 할 때 살 걸 쥐와 양 하도 조롱하는 새끼들이 많아서 더 폭락했음 좋겠다 삭제된 댓글입니다 갖고 있는 코인을 매도 해야 내 돈이 되는데 돈 쭉 쭉 복사되는 거 보고 좀 만 더 존 버해 볼까 생각하다가 한 순간에 꼴아 박더라 무서웡 누가 한 강을 저 기서 찍냐 대교로 가야지님들 근데 촌놈이라 한강 세 번밖에 안 가봤는데 육삼빌딩 바로 맞은 편에 있는 한강이 메인 장소임 아니면 그 위쪽이나 그 반대편이 메인 임육삼 빌딩 바로 맞은 편 가니까 무슨 한강 편의 점 호 있고 유람선 같은 거 떠 있던데티비에서 보던 맥주까는 장소 그런 곳은 없더라고 타고나 육삼 있는 쪽 여의도가 메인 임 여의도 배달 존 쳐보세요 그쪽이 메인이에 요시스템 모기 털 그쪽 가면 사람 많음 난 맨날 주차장 주차장 육삼 바로 앞에만 갔는데 개미 새끼 한 마리 한 보이더라고 타고나 사람 개 많음 이번 주 수욜날 갔었는데 잔디밭에 다 텐트치고 자리가 없을 정도 임타고 나 육삼빌딩 옆쪽 타고나 보통 여의나루 쪽에 사람 많음 타고나 여의도랑 뚝섬이 핫플타고나 여의나루 망원 뚝섬 반포타고나 양화선 유다리 밑 여의나루 반포 옆 존 나 많아 자전거 주말에 한 강  키로씩 타는 데 저개가 임아 나도 안 살껄 배알 꼬인 친구들 많네 지금 나만 해도 억출금 햇는데 코인판 수익 인증 글가보면 이번 비트 상승장으로 몇십억 부자된 사람 진짜 한 트럭이 다 주작도 많자 너윤셕열 출금해서 통장에 박힌 걸 주작을 어케 하냐 당장 이번 달만 해도 억 이상 몇십 명은 봣 다 치킨 한 마리만 사주라 작년 월에 만 원만 투자할 거류금대 작년 월에 진짜 으로 아무거 나 사고 존 버깟으면 지금 억대 엿을 듯 다시 떡락하길 금대 이미 떡락함 더 떡락해야 함 그만큼 꼴은 사람도 한 트럭이자나 난 변 월 하락장에 들어온 사람은 거의 다 꼴앗겟지 그전 월 월에 대비 지금 코인들 뭘 사도 배 이상 올랏는데 반토막 나도 어차피 원금 몇 배 이상 이득 임 코인은 진입 시기가 중요한가보 네 월은 김프 몇이였음신류 그때 기 본 월에 중국 환치기 기사뜨 고 김 프 쫙 뺏다가 다시 붙고 잇음 지금은 아예 발 빼심코인은 언제 들어가야 돈 범 신류 수익금 천가지 고 하는데 물렷음 지금 나도 대응 못하게 비트를 처박아서 내가 비트 억갈진 모르겟는데 확실한 건 아직 시즌 종료 아니라는 건 확신함 캐시우드 같은 투자 전문가들은 비트 만 달러 간다는 데 모르겠음 만 달러요 학식이인데 이 더 물려서 강제 존 버중 신류 나도 슴두 살 밖에 안댐 내 기준으로  대 초반에 억이면 인생 역전한 거 같음 살에 억 수익 로또 맞은 거 맞네 나는 월 하락장에 들어가서 졷됐는데 지금 시드 얼마 가지고 했음 올 초에 불장일 때만 평균 상승했다던데 억이면 한 천만 원 정도 가지고 했음 내 주위에도 한두 명 돈 번 사람 있긴 하더라 님처럼 큰 돈은 아니고 넣고 번 사람 봤음카페 꼰레체 시드 딱 으로 시작함 월 일인가 살에 시드 한 것 도 대단하고 수익 넘게 낸 것도 대단하네 졸 부럽네 알트로 벌었음 김치코인으로 벌었음 무슨 코인이었는지 물어봐도 됨 카페 꼰 레체 메디 월초 평단 이 엿나 쯤에 털고 칠리즈 샌 박탓 다가 헤데라타 고 김치잡코로 억 언저리만 듬 그리고 월 중순에 비트 신고 찍고 내려오는 거 잡앗다가 처 물린 거 손절하고 이클에 몰빵 하락장에 웃고 즐길 수 있는 이유 안 샀으니까 그래도 뭔가 저런 경험  들 부럽 다 만원 잃은 입장에서 할 말은 아니지만 화성 안 갈 끄니까 삭제된 댓글입니다 그 떨어진 거 얘기하는 거 비트는 거의 다 복구 했는데 알트는 반 등 해봤자 퍼는 빠짐 잡주랑 삼전 생각해 보셈 삼전은 국장 망했다 해도 잠시 뒤에 복구 되는데 뭔 테마주나 잡주는 상폐되잖어 반전 돈 번놈과 돈 잃은 놈은 종이 한 장차이지 하락장에서도 딸 놈들은 따더라 코인해서 만원 잃음  진짜 하루 종일 코인만 신경 쓰길래 손절하고 두 번 다시 쳐다도 안 봄나 근데 같은 데코인 넣어서 이 날라 감 코인은 딴 사람만 있을 수 없음딴 만큼 누군가는 잃었을 테니까 녹차 이 논리는 주식도 마찬가지인데스울사는 애들 중에 한강 쪽 사는 애들 젤부러운 거 막 시 시 이럴 때 한강 한 번 쭉 둘러보고 오는 거양화선 유다리 밑 여의나루 반포 옆 망원 뚝섬 미친놈캬 한강 저녁마다 산책하면 얼마나 행복할까도박이 지 뭐 다 알고 하는 거 아냐 내 거 벌면 남이 잃는 거지 주식은 수익을 내는 회사에 내가 투자한다라는 개념이라도 있지 닷컴 버블 보는 것 같음 물론 나도 익절도 해보고 손절도 해보고 하는 소리나 만 아니면 돼
요즘 사회가 진짜 존 나 각박해지긴 했다,예전엔 뭐 집안 어려운 여학생들 생리대 지원 이런 거 보면 아무 생각 안 들었는데 이제는 집안 어려운 남자 애는 왜 안 도와 줘 이 생각부터 든 다 페미 썅년들 세상 한 번 참 더럽게 만들어놨네,그게 유리 바닥 부순다는 거몽키거프 남자들의 희생으로 겉으로만 화목해 보였던 거라고 생각나는 옛날부터 그런 생각했는데 너무 성별 프레임에 갖힌 사람처럼 보일까봐 말 못했는데 미혼부 지원도 생각만큼 잘 없음 내가 어떤 생각까지 했냐면 정치권에선 이런 문제를 다룰 생각이 없나 내가 정책 입 안하고 싶다 내 주제에 이런 생각까지 함 현실은 나보다 똑똑한 사람이 많고  나는 무능하지만 하 하 그래도 청원은 열심히 하고 있어 에펨코리아의 신 혐오의 시대에 혐오를 하는 건 지극히 당연한 겁니다가 정주부 밖에서 일하는 것만큼 존 나 힘들다고 독박육아 이러면서 징징 거리는 분들이 남자가 가정주부하면서 애 돌보면 저 집 남자는 맨날 논다 이러는 애들이랑 뭔 얘기를 하겠냐구 의 규칙 그럼 여자가 이 혼한다고 그런 다 그 남여 격차지수도 좃나 웃긴 게 경제 참여 율 높으면 좋은 거라고 페미들 난리치는데 현실은 한국에서 여자들 가정주부하는 게 특혜지 가사노동이야 장애인 아니면 다 하는 거고 사회에서 쌔 빠지게 해야 돈 버는데 그냥 지금 시대가 대 혐오의 시대에 들어섰음 누군가 주도 하는 건지 그냥 자연스러운 흐름인지는 몰라도 그런데 요즘 보면 참는 게 바보인 수준 임 결국 대결 구도 성립됬는데 이게 끝이 날까 싶음와준 이 누가  주도하는 게 맞는 듯 존 나 음모론 같아서 믿고 싶지 않은데 씨 발 요즘 나라 꼴 보니까 맞는 거 같아서 참담하다와 준 이 혐오사상은 건강한 사회라면 조기 진압되는데 그걸 이념도구화해서 정치적으로 이용하는 세력이 있고 그 세력이 퇴출될 때 끝나겠지 뭐 그게 거대 정당이니 졸라 오래 걸리겠고 제이제이오코 참 존 나 단편적인 빡대가리 같은 생각 아닌가 싶음 정치하는 새끼들 대가리에서 나온 생각 이 결국 갈라치기라니 아니 지역 갈등으로는 한계가 있으니 남녀 대결 구도 잡은 건 대가리가 존 나 좋은 건가와 준 이 끝내는 건 중재자 즉 정부의 역할 임 근데 정부가 표 좀 끌어보겠다고 오히려 나서서 분란 조장하니까 이 지랄이 지 왜 이래 눈치 없게 진짜 저기 먼지 많은 나라 스파이인가 싶음 왜 이래 눈치 없게 반 일 감정 조장할 때 정부에서 장작 넣고 지랄 떤 거 보면 알잖아 지자체에서  노재팬 깃발거는 미 친짓거리를 하고 있는데와준 이 절대 안 끝남나중에 남자 여자들이 서로 지쳐서 싸우기 싫다는 상황이 나온 다 해도 계속 싸움거리 만들어서 싸움 붙임이유는 그냥 재밌으니깐 남녀 문제 말고도 다른 이슈 같은 거 조선족이니 특정팀 팬인 척 등등 가면 쓰고 컨셉 잡고 어 그로 끌어서 분란 조장 애들도 존 나 많잖슴 와준 이 문재앙과 민좆당이 주도 해서 만들어낸 사회가 지금의 모 습이 지 유리천장으로 고통 받는 능력녀보다 유리 바닥으로 개꿀 빨던 여자들이 훨씬 많지 단순히 같은 회사 잡무만 비교해도 개꿀 빠는데 음 나 유명한 단체 기업 콜라보해서 생리대 키트 주는 거 상자 팜 플렛 디자인했는데 작업하면서 통계보니까 내가 생각한 것보다 상황이 어려운 소녀들 많더라고 그냥 후원 마케팅 프로그램의 일종이라고 생각해 댓글에 나온 대로 어린 소년들한테 면도기  지원해주는 것도 괜찮은 아이디어 같다비 정상적인 사회에선 정상이 비정상임 비정상이 됩시다소외된 사람들 조명받기 시작하는 건 좋다고 생각함이게 원래 보건복지부에서 복지업무 맡고 있었는데 김대중이 여성부 창설하고 노무현 때 보건부 업무가 여성부로 이관되어 여성가족부가 된 거 임그 성별 지원해주던 씹년부 새끼들이 다른 기관 예산이랑 권력 뜯어와서 몸뚱아리만 커진 거근 데  그거 진짜 지원해주긴 해야 함 보니깐 애들 진짜 생리대 살 돈이 없어서 썼던 거 빨아 쓰고 그러더라 우리 생각보다 못 사는 사람들은 진짜 못 삼 안 믿기지만 아직도 달동네 사는 사람들도 많고 주식은 미장 그리고 가서 살려고 하니까 진짜 너무 비싸더라 심지어 일회용인데 주식은 미장 애들 급식카드 다 쓰면 육개장 원짜리로 떼우는데 진짜 천 원천원짜리 사놓고 있으려면 진짜 힘들  듯 주식은 미장 페미들이 돈 기부해주겠지 뭐 페미들은 여성 약자 프레임 짜서 해줘 해줘 하는데 남자들은 요구하면 찌 질 소리 들으니 그래 코르셋이지 잘못된 남자 다움 강요 인권 차원에서 접근해야 되는데 눈에는 눈 이에는 이 여자들이 기부하겠지 냅둬 생리대 지원은 취약계층한테 해주는 건데 그건 해주는 게 맞음 남녀가리지 않고 힘든 사람은 도와 야지각 박해진 게 아니라 그게 당연한 생각  좆병 신정권 콘크리트 지지층 페미 홍위병 양성해놨더니 나라 말아먹게 생김 여성부는 평등은커녕 지들 몸집 불리려고 점 조직 수도 없이 만들어놔서 일 년에 몇 조씩 쳐잡수고 있고 이제는 무슨 필요할 만한 지원을 가져와서 페미를 갖다 붙이냐 이건 아니다 정말 봉이 김선달 페미 가져오는 게 왜 이상함 필요한 지원 맞는데 남성에 대한 필요한 지원이 이루워지지 않고 페미로 인해 필요 없는 지 원에 세금 낭비 하고 있는 것도 맞잖아 남성들 스스로 방어하도록 만들고 혹은 남성들이 배려하던 부분 유리 바닥들 페미들이 깨부시고 있는 게 맞음 저런 필요한 정책들 이제는 공정하게 남녀 모두에게 주어져야 한다는 게 본 글 의 미 같은데 여자 지원하지 말라는 내용 없고 남자도 지원 하라짆아봉이 김선달 스윗봉이 김선달 아무도 불필요하다고 안 했는데 논점 돌리죠 생리대 지원은  예전부터 있던 걸로 아는데 저런 건 필요하지 생리대 비싸 애기 기저귀 보다 비싸 부모 없는 학생들한텐 죵나 큰 돈 임커뮤니티 글에 과몰입하면 그렇게 됨 후루류 차 챠니닌 냔 그 딴 소리하기 전에 대 상대로 조사한 남녀 갈등 인식 여론 조사 있으니까 그거 보고와 서 지껄이 렴 대 퍼센트가 남녀 갈등 심각하다고 응답했는데 그 사람들 전부 다 커뮤에 과몰입한 사람들이니 이준석 빠돌이 예전에는 아 무런 생각 안 들었는데 이젠 이런 생각이 든 다 이게 다 페미 때문이다 라는 게 커뮤충들의 마인드 지후루류 차 챠니닌 냔 후루류 차 챠니닌 냔 예전 이 지금과 같지 않으니 사람들 생각도 변하는 건 당연한 거 아닌가 인디카일라 생필품까지 부정적이게 바라볼 정도의 변화는 지 양함후루류차 챠니닌 냔 모르면 공부해 운기 삼 후루류 차 챠니닌 냔 언냐 만 원 받으면서 그런 얘기가 나오는 거야 진심이야 너무 안 쓰 럽 다 퓨 후루류 차챠니닌 냔 이런 새끼들이 지능적 밭갈이 새끼지 이런 새끼들 입버릇 정치병자 커뮤니티 과 몰입 유리 바닥이 깨지는 거지 뭐 어찌 보면 당연한 생각인데 이제와서라도 이런 생각을 하게 해줬다는 게 어떻게 보면 고마울 따름이지 그러게 가난한 남학생한테도 똑같이 지원해야지근데 그렇게 생각하는 게 더 옳은 세상 같은데 그러면 그만큼 힘든 남학생도 다른 거 지원해줘야지 심지어  힘든 남학생은 나중에 군대도 가야 하는데 남학생이 더 힘들면 힘들었지 작용 반작용 법칙 같은 거지 페미 극 혐이게 정상인 거임 그동안 아가리 닫고 살아왔던 거지 생리대가 없으면 생활 자체가 불가라 지원해주는 게 맞다고 봄 현실적으로 돈 없는 사람들한테는 정말 비싼 생필품 임 근데 이렇게 생각이 들 정도로 사회가 존 나 각박해진 게 맞는 것 같음 심연을 오랫동안 들여다보면 심 연 또한 우리를 보게 된다는 말이 생각나 네이게 다 현 정권 업적 입뉘다 훠훨 허루훠 여자는 하 등 하기 때문에 어 쩔 수 없는 걸 어찌 보면 여자가 얼마나 사회적인 배려를 받았는지 새삼 알게 된다 그 배려는 누군가의 희생이었을 꺼고 참 대단한 정부다지들이 매번 방패로 내 새우는 이명박 그네 때도 이런 문제에 대해서는 취약계층에 대한 사회적 배려로 생각해서 딱히 태클 거는 사람 못 봤거 든 이런 것까지 논쟁을 만드는 그 새끼는 대체 여성단체 걔넨 남자니까 권력이 다 외치는 애들 임썅련들이 먼저 시작함 아 나도 남자는 안 챙기네 이 생각부터 함난 요새 여자 휴게실 여기저기 있는 거 보면 개빡 침 남자들은 뭐 앉아서 쉬고 싶은 생각 없는 줄 아냐정말 각박해지면 장기적으로 여성들이 손해 아닌 가운 검 지들이 말하는 남자보다 뛰어난 능력이 있으니까 알아서 들 살아갈 거라  봄 운검 나중엔 정부 보고 인 가정 여성 지원금 달라 하겠지 아니지 지금도 그러고 있더라 국가가 한 녀랑 결혼하게 되는 셈디스토피아 정부가 어려운 집 남학생들은 똑같은 팬티 입는 게 당연한 거라고 생각 하나 봄진 돌 근데 생리대는 빨아서 다시 못 쓰잖아에그마요베이컨추 그렇긴 한데 그거랑 남자애들 지원 안 하는 거랑은 별 개지 지금 여학생들은 생리대랑 속옷 살 돈 지원 해달라고  유튜브 광고부터 여가 부 예산까지 다양하게 신경 써주는데 살면서 한 번도 남자애들 속옷이나 소모품 사게 지원해달라는 건 못 봄진돌 그건 그렇네 진짜 이런 식으로 더 알려지면 좋겠다진 돌 근데 맞음 남자가 쪼다 같이 청소년기 여학생한테는 생리대 세트 남학생한테는 면도 기세트 사주면 안됨 난 잘 모르는데 면도 기도 소모품이지 않나 남친이 면도 기 비싸다고 하는 거 들은 적 있는데 생리대 야 내가 쓰는 거니까 비싼 건지 알고 에그마요베이컨추 돈 없는 학생들 한텐 만 원이 정말 큰돈인데 생필품이 그렇게 비싸버리니 취약계층인 남학생들한테도 지원해주는 게 맞는 듯 펨코 댓글 보고 많은 걸 배움병신들 글쓴이가 여학생 지원하지 말자고 했냐 어려운 남학생 지원도 같이 하자고 했지 또 페미보이면 그건 아닌데 하는 새끼들 많네 남학생들에겐 구글 플레이 기프트카드라 도 정기적으로 주면 가족이 다 좋아할 텐데 근데 팩트 긴 함 생리대 지원 좋은 일이 지하지만 세금은 남자가 더 많이 낼 텐데 여성 예산에만 조단위로 투입되고 남성 관련 예산은 들어본 적이 없음나도 요즘 저거 보면 남학생들은 지원 왜 안 해주지 이런 생각들던데 나도 요즘 보다 보면 남 혐자 막 없나 무의식적으로 찾게 됨 진짜 무섭다고 맙다 페미들아 너네 덕분에 차별 받고 살았다는 걸 깨달았다컴 키면 우측 아래에 알약 관련 저 광고 뜨는데 어 제 비슷한 맥락으로 생각들더라 내 경운 저렇게 감성적으로 접근할 필요가 있나 그거 여자가 먼저 시작함 오히려 잘 되었지 자기들이 얼마나 보호 받는 줄도 모르고 나 대고 다니니 현실을 깨닫게 해줘야지 남자애들도 면도 기 필요하다고 털 일찍 나는 애들도 있구 여자가 아니라 몰랐지만 그게 뭐 하나만 사서 되는 게 아니던데 유리 천장이 아니라 바 닥을 부쉈 네 남자가 쪼잔하게 당연히 해야 되는 거지 당연히 희생하는 거지 당연히 양보해야지 이런 가스 라이팅을 년을 넘게 당하니까 이지랄이 난 거 같은 새끼들이 제일 문제 남학생한테는 두루마리 휴지라도 주던 가 결국 갈라치기 끝에는 파멸이 지 뭐 선 적당히 넘엇어야지 돈이 없어 팬티 살 돈이 없습니다 여가부 장관님 여가 부면 가족부도 되니깐 팬티 지원 좀 바랍니다 여학생 생리대  지원 필요 없음 그건 페미들 돈 모아서 하라고 하고 그 돈으로 남학생 면도 기 지원이나 해라 어차피 여성정책은 해도 해도 여 혐민국 여성인권 타령 임적 재적소에 예산을 쓰자 장담하는데 여가부 예산 조 시대와 도 여 혐민국 여성차별 얘기하고 있을 꺼 임 그런 프레임에 갇혀 있을 필요가 없음 메갈 이전에 남자들이 희생 정신을 발휘하고 있던 것 뿐 여성부 비판 및 남성연대 등 낌새는 충 분히 있었음 메갈이 설치니까 희생 정신을 가질 필요 자체가 없어진 거지 이런 걸루 불편해 하지마 생리대 비싸 생리대는 꼭 필요한 거라서 별로 뭐라 안하고 싶음 근데 여학생들도 지원한다면 남학생들도 지원하는 건 맞음 그건 좀 오바네 오바는 하지 말자 당연한 것들이 사라지고 진정한 평등으로 그렇긴 함 근데 생리대 비싸더라 지원해주긴 해야 함 걔네가 뭔 잘못이냐 아프리카 애들 지원 하는 것 보단 나음 아프리카 기부는 솔직히 제국주의 열강이었던 유럽 애들이 해야 됨사회가 각박해진 게 아니라 걍 니가 그렇게 생각하는 거 아님 요즘 대들 보면 틀린 말도 아님 대가 페미나 남 혐에 욕하는 것 보다 배는 과 격함 지금 대들은 진짜 서로 죽 일기 세난 이게 정상화 되는 거라고 봄이 제서야 평등한 길로 들어 선거지 요즘은 그런 생각을 하는 게 지 극히 정 상임 페미들과 페 미를 지지하는 그 당이 나라를 이렇게 만 듦걍 여태 남자들의 무지성 희생으로 겉 평화 유지였지 군대 끌려가는 거 이 거 진짜 지구 어디에도 없는 인권 유린인데 지들 아는 오빠 동생 다 가니까 당연한 건 줄 알고 요즘 군대 개꿀이라고 군대도 안 간년들이 지랄 하는 상태 까지 온 거임 못 살면 지원금 받는데 거기에 생리대까지 지원해 주는 거 불편함이 당연한 세상이 됨죄 다  페미가 그렇게 바꿔버렸지 취약계층이고 뭐고 돈 없으면 애 좀 낳지 마라딸이 고 아들이 고 무슨 죄냐
오늘자 콜센터 상담사의 외 침,한남들 후원 취소하는 거 타격 도 없으니까 홈페이지로 취소 문의 넣어 달래,저런 거 보면 그냥 장작 넣을려고 위장 같음 드가 자쟤는 초록우산 측에서 백퍼 고소 들어가겠네 요 약 전화보다 홈페이지에서 하는 게 더 빠르니 그걸로 취소해라 그렇게 원하신다면 야나 요새 추노 보고 있는데 페미애들 추노 보면 울부짖을 듯 근데 진짜 콜센터 입장에서는 취소 문의 하던 말던 상관 없지 않냐 망하던 말던 지들 월급은 나올 텐데 뭐 댓글이 수정되었습니다 진짜 망하면 저 사람 들 백수되는 거씽크패드 어차피 알바천국 아웃소싱일 텐데 크게 문제 될 것도 없을 듯 남자들은 문의도 안하고 그냥 후 원 하나 보네 여자들은 전화로 문의한 다음 할지 말지 정하는 거 같고 저런 거 제대로 걸리면 좆되는 뎈돈이 걸려 있는 문젠데 재단에서 저거 알면 백퍼 고소들어간 다 인 실 좆 먹어라 저거 아이피 통 피 아니지 않음 인터스텔라 장 딴 댓 보니 토르 우회라던데어차피 못 잡긴 할 듯 직원이 란 증거도 없고 저 사람이 콜센터 직원이라는 증거가 어딨어 보익 너무 어설프네 주작친 거지 불난 데 휘발유 끼 얹을려고 분탕치는 주작 같은 걸 저거 쓴 년은 초록우산 원도 기부해 본 적 없는 년이 다에 손목 검 일본 맥주 좌 같은 건 가디시식 츄작 저게 주작이라면 저런 갈 등 위에 기름 부는 작자들은 필시 공작원 출신일 거다처럼 저거 장 작지 피네 모르겠고 기분 나쁨자 드가 자일하기 싫으면 싫다고  해라 왜 멀쩡한 사람들을 까와 이거 거의 직원급인데 조만간 신상 털리겠는데
목마른 킹코브라에게 물을 줬더니 보인 놀라운 반응,,막짤 저거 아니잖아 그냥 멀리 풀어줌 작성자 너무 하네이 분 좀 논란 있을 듯 여기선 마을에서 먼 숲에 풀어줬다고 하긴 함원본은 담는데 까지만 있긴 하네 시 발 통보고 나도 설마했네 와 막짤 보고 충격 먹었는데 다행이 네막짤 꿈과 희망도 없을 뻔뱀 전문가 다른 말로 뱀으로 만드는 요리나 술 전문가 아닐까 예전에 한국도 개전문가는 개장수로 통용되던 시절 이 있었지 강형욱 아버 지 아니 십 결말 뭐야굿바이 코 브라씹아 좀 이렇게 포텐으로 가네 년 전 담근 뱀술 뚜껑여는 순간 사람 물었다엔딩 존 나 웃기네 시 벌 뿜었넼뱀술 존 나 무섭 네앜아씨 발 진짠 줄 알았네 엔딩 개 웃기네 좆 간이 미안해 년 전 담은 뱀술에서 뱀이 튀어나와 물어서 사망한 일도 있다고 한 다 술에서 겁나 오래 산 다 조심해야 함저거 물 아니고 술일 수도 있음 내장부터 술로 채우는 거지
이 기적인 한남들 기부해봐야 얼마나 한다고,요즘 핫한 초록우산 페미 지원 뉴스베댓 한남들에게 일 침 남자 놈들 기부 해봐야 얼마나 한다고 페미 후원자들 잃게 생겼네에 과 연 그럴까 한 번 자료를 찾아보았습니다 사랑의 열매 조사 연구가 있었네 성별 비교 표가 뙇 보기 쉽게 그래프 만들어 봄 이기적인 한국 남자들 해봐야 얼마나 한다고 오늘의 결론 주작이 없으면 남 혐을 못한 다,솔직히 말해서 여초애들이 후원을 하겠냐고 족보세트 하나라 더 시켜 먹으려고 할 건데 아 한 남 아빠카드로 시키겠지 이제 경제활동 참여비율이랑 남녀 임금 격차 주장하는 자료 가져와서 웅앵웅 할 듯 베댓년 기부는 해봤을까 남녀 임금 격차가 심하기 때문에 여성들이 기부하기 힘든 사회 현상이 다 페미의 반댓말이 성차별주의자라는 병신 같은 말을 당당하게 하네 니들이 좆 같다니까 왜 자꾸 잘 사는 여자들을 끌고 들어가 목욕탕 수건도 훔치는데 기부를 한다여 초 카페에서 고소 당하면 후원금 많이 모인 다잖아 저런 후원 아니라 고 꾸밈 노동도 안 하시는데 왜 기부 못하시나 요즈그들 명품백에 야식으로 맨날 비싼 떡볶이 호호 불며 처먹으면서 호캉스로 인스타 자랑이나 하는 련들이니 얼굴 탐켄치 근데 별개로 여자들은 자랑 허세가 왤케 심함 전에 청담동 산다 해서 가로수길에서 만나자  했는데 존 나 안 나오길래 전화해보니깐 인천이라더 라 여성들은 남성 중심으로 편성된 기 부문화의 희생양인데 공부해 그리고 저런 거 내는 여성분들은 페미 같은 거 할 확률 적음뉘예뉘 예 을 잃고 에 구걸 해보세요 기부마저도 안하는데 왜 모아 논 돈은 그리도 없음 로 제 떡볶이랑 마라탕 먹어야 됨 해외여행 가서 사진 찍어야 함 폰 기부하냐 페미들 돈 안드는 거 참 잘해 그 잘난 감수 성은 어디 갔다냐 아가리 기부크가 불기임 돈 많은 사람 중 남자가 훨 쏜 많아서 저렇다고 할 걸 내가 한 남애비카드로 기부한 거라 남자가 한 걸로 나오는데 그게 문젠가 욧 여혐 멈춰 쿵쿵쿵 아빠카드 빨리 내놓으라고 초 뭐 시기에 후원해야 한다고 인당 평균 기부금액도 남자가 훨 많네 해줘 충들이 기부를 할까 이런 거 좀 퍼가라고 눈팅하는 여 초첩자 버러지 새끼들아 꼴에 자존심은 있냐시 발  와 난 그래도 남녀 비슷할 줄 알았는데 남자들이 기부를 저렇게 많이 하는구나 이게 그 임금 차별의 증거 다 뻬액할 듯 이런 글 보면 이런 말 하겠지 남자가 월급을 더 받아서 그런 거거든 한녀들은 이기적이라 손해보는 걸 극도로 싫어해서 희생 봉사정신이 없지 그 지 백수년들이 말만 많아가지고 페미니스트의 반댓말은 정상인인데 요 백수년들이 저딴 허세부리니 웃음만 나오지 돈 벌면 찍어 바르고  쳐먹을 생각만 하는 것들이 여 자들로만 구성된 나라는 헬이 따로 없겠네 감성 동감은 입으로만 페 미년들 착한 척 하는 건 패시브지 척척 내로 남불 패시브 그 성별 당연하지 남자 임금이 높으니까 엌페미니즘의 반댓말이 성차별주의자 족 발집 비율 표면 반대일 텐데 이런 자료를 여 시에서도 확인할 수 있도록 알권리를 위해 게시해주는 전사가 있다면 좋겠다 공감 능력 타령하더니 불우한 이웃 한테 공감도 못하네 정상적이면 페미가 아니 겟쥬페미 족치는 자료 중 하나로 써먹게 와드 박고 갑니다 돈은 남자가 더 벌지만 기 부랑 소비에선 여자가 더 막강하다는 그분들 논리정신 나간 년들 에 혀
킥킥이 사건 피해자 한울팍입니다 차가 해가 나날이 심해지네요 최군 발언 영상 포함,너무 스트레스 받아서 글이 더 어지러운 듯합니다 세줄 요약 난 신경 쓰기 싫은 데 돈 안 주고 계속 어 그로 끌어서 나한테 강제로 소식이 들린 다 아직도 내 집 살고 있다 방송하는 곳이 내 돈으로 보증금 낸 집이 아니던데 그런 방 구할 돈은 있고 갚을 돈은 없나보다 상당히 인지도 있는 인터넷 방송인 최군님이 차가 해에 동참하는 모습을 보고 피해자는 더더욱 고통 받는 중이다 태그를 지원하지 않는 브 라우저입니다 저는 진짜 최대한 신경 안 쓰고 돈만 받고 싶거든요 당연하게도 방송 안해도 돈벌 방법은 무궁무진할 거구요 그런데 아프리카에서 모르는 사람은 없을 정도로 유명하신 최군님이 합방을 하신다고 해서 최대한 연락 안 보고 지낼려 고 까지 많이 줄이고 사리고 있는 사람한테도 온갖 연락이 다 오네요 본인이 욕먹을 거 각오하고 합방하신다는 데 제가 가 해당하는 건 신경도 안 쓰시는 듯 하네요 저는 인생에 오 점이라 해봤자 해당 사건 밖에 없고 군 복무도 잘 마친 사람이라 사건이랑 외모 말고는 까일 거도 없습니다 돈 달라고 메세지 보내도 대꾸도 안 하고 법정에서 피해자에게 사죄한 다 평생 반성하면서 살겠다 해놓고 나오자마자 저를 개무시하고 제가 재판 끝나고 나와서 명치를 쳤다는 헛 소리와 짜집기한 카카오톡 내용으로 끝까지 폄하하다가 차가 해 그만하라는 말은 끝까지 무시한 채 방송 복귀해서 차가 해를 하고 있는데 최군님이 불을 붙여 주시는 듯합니다 무슨 사건인지 정확히 알고 모든 상황 파악하고 하시는 거면 당연히 할 말이 없겠지만 사건 공론화 이전에 쌓은 친분으로 이미 색 안경 끼고 있을 거라 생각합니다전 방송 안 볼건데 소식은 또 강제로 듣겠죠 차가 해 제발 안해주셨으면 하고 혹여나 하더라도 개소리해서 피해자인 저한테 고통 좀 주지 말아주십쇼 돈은 돈대로 못 받고 있고 이미지는 씹창나 있는데 제 가 왜 이렇게까지 피해봐야 하는지 모르겠습니다가해자가 방송에서 유명한 방송인이 도움을 많이 줬다는 데 이까지 하겠습니다 저는 고통받기 싫고 돈 받고 싶습니다 글도 못 쓰겠네요 스트레스 받아서,최군 왜 저럼 본인이 얼마나 파급력이 있는지 알고 피해자가 고통 받는 걸 알고 있을 텐데 이러는 이유를 모르겠습니다 난 솔까 보다 킥킥이 저 사람이 더 악질 같은데 최소 는 대한민국 법을 어 긴 거는 아니잖아 최 군한테 형님 형님 진짜 들 그럼 학폭이나 음주운전 얘네들도 까지 말던가 너희들이랑 상관 없으니까 뭔 상관이 없어 쉴드치는 새끼들 존 나 많네 개쓰레기들 많다으로 해 당 사건 다시 한 번 조리 돌림 당한 게 차가 해지 뭔 헛 소리들 하고 있어 꿈 좀 꿔보자 무지성 쉴더들 오져버리네 꿈 좀 꿔보자 이 글에서도 한 사람들이 잘못이지 랑 최군은 잘못 없어라고 쉴드 치는 사람 있음죄와 이 거랑은 별개로 쳐야 한다면서 그방갤 좌표 이 사건 잘 몰랐는데 이 댓글 창만 봐도 어질 어질 하네요 피해자 분께서는 킥킥님과 최군님과의 합방을 하게 될 시 분명히 어 그로가 끌릴 것이고 그 러면서 자신에게 소식이 들리면서 차 가 해가 이루어진다는 것 같은데요 아직 모든 일이 해결이 되지 않은 상태에서 피해자 분께서 힘드시다고 호소한 상황에서는 피해자의 의견을 전적으로 존중해주는 게 맞다고 봅니다 수정 지금 상황을 보니 합방 취소되었다고 하네요 최군님 관련해서는 글 내용을 내리셔도 될 것 같습니다 그리고 글쓴님 이제 합방 안 한다고 답변 받으셨고  사과 받으셨으니 글 내용 중 최군님 영상은 내리는 게 맞습니다 우욱 씹 최군 물소들 저리 좀 꺼지세요 냄새나니까 그냥 대충 느낌은 만약 킥 킥이가 방송으로 성공해서 갚았다 치자 유명 세 얻었는데 이번 사건이 안 따라오겠음 하루 종일 언급 되는 아프리카인데 나락 간 걸로 민사신고하고 압류 신청하면 돼요 대부분 이해는 가지만 돈은 빨리 받아야 하는데 방송은 하지 말라는 건 무슨 말임 어디  공장이라도 가서 뺑이쳐서 힘들게 조금씩 돈 벌고 달마다 조금씩 천천히 갚으라 이 소린가 아우렐리온 똥 그건 뭔 개소리 임 지가 알아서 사채를 써서라도 갚아야지 씨 발 대체 누가 갑이고 을 이야 이제는 개 논리에 얼탱이가 없네 아우렐리온 똥 피해자가 가해자 사 정도 봐줘야 되냐 무지성 쉴드 좆대네 법으로 따지는 거 좋아하는 거 같은데 경제활동 막는 거는 불법 아님 물론 천만원 모두 다  받았으면 좋겠습니다 끝까지 가세요 여기 쉴드치는 새끼들 존 나 많은 거 보니 역해서 토 나올 거 같네요 돈 빨리 갚는 게 좋은 거 아닌가 다 보고 왔는데 무슨 천룡인 임채팅 창봐 형은 믿지래 라이트 에센스 본방이라 저럼 아프리카는 본 방 중계방 시스템이라 본방만 관리함 생각 없이 댓글 쓰는 사람 진짜 많네 좀 만 생각하면 될 텐데 무지성 쉴더들이 너무 많다 돈 빨리 벌어서 돈 갚으면 되 지래 와 생각하는 거곽계 구영달 이 사람한테 연락하는 사람들도 지인 이 아니라 악질들이 일부러 연락하는 거라고 봄 너 이러는 동안 얼마 번다고 조롱하고 그러나 봄 그러니까 이 사람이 이렇게 스트레스 받아 하지킥킥이 사건 이번엔 또 무슨 일이 터졌나무 지성쉴 더들 많네 글쓴이 맘이 이해는 됨걍 방송에서 학 폭 관련 일처럼 자기도 사기 피해자니까 공개적인 방송에 안 나왔으면 하는 거 같은 데솔직히 워딩이 너무 쌔 피해자가 너무 과하다 유난이 다 이러는 사람들 있는데 본인이 피해자였다고 생각하고 이 상황을 한 번 보면 절대 유난 떠는 게 아님 소신 발언 최군 킥킥이 합방 제안은 나도 이 해안감 분명히 피해자가 존재하는 사건이기 때문에 어떤 식으로든 안하는 게 맞음 하지만 아직 합방이 성사된 상태도 아니고 해당 사건을 쉴드 세탁 옹호한 부분이 없고 그냥 제안만 한  상태였음 따라서 이 부분은 한 울팍씨께서 최군에게 채팅이든 쪽 지든 따로 연락줘서 의사 표명하는 게 먼저라고 생각함 이렇게 포텐 글을 써서 공론화 하자는 건 이것 또한 해당 비제이에게 피해를 주기 위한 또 다른 의 미의 차 가해자가 되는 거라고 생각 함 그리고 진짜 차가해자는 한 울팍씨에게 소식 마구잡이로 전해서 불구경하는 뻐꾸기들이라고 생각함 합방은 안하는 걸로 결론났지만 최군 의 대처에 있어서는 나도 아쉽다고 생각함레볼뤼시옹 나도 이게 맞다고 봄 레볼뤼시옹 레볼뤼시옹 영상에 안 된다 하시는 분들 있는데 그러면 보지 마세요이 부분 때문에 더 그러신 듯 안녕율 아 그래서 최군의 대처에 있어서는 아쉽다고 적어 놓은 거임 잘한 거 하나도 없음 어느 정도 질타 받을 만함 하지만 여기 댓글 온도를 보다시피 아직 어떠한 합방이나 세탁 옹호가 없는 상태에서  제안만으로 이렇게 강한 워딩으로 공론화를 만들고 결국 최군의 과거 사건까지 마구잡이로 나오며 악플 피해를 입고 있으니 이것 또한 한 울팍씨께서 말하는 차가해자가 발생하는 상황이라는 걸 말하고 싶었음 레볼 뤼시옹 최군이 먼저 피해자한테 가해자랑 합방해도 되는지 물어봤어야지 이런 생길 때마다 피해자가 하지 말아달라고 부탁해야됨합방을 안하는 게 당연한 건데 레볼뤼시옹 인정합 니다 객관적이네요레볼 뤼시옹 제안 만 한 상태가 아니라 제안을 하기 전에 피해자한테 물어봐야 맞는 거죠 최군이 가해자 맞습니다꼭 해라 방송 아님 갚을 방법 없을 거 같은데 저런 거 시켜서라도 받아야 되는 거 아님 근데 단순히 싸운 게 아니라 말 그대로 법적으로 나쁜 짓을 한 사람이랑 합방한다는 게 이해가 안 되 네 그것도 최근이라 몀 최근인데가해자 모습보는 게 피해자 한태는 가해 아님씨 발 그럼 에 펨코리 아 이 새끼들이 때까지 지들이 당하지도 않은 학 폭연예인들 왜 욕한 거학 폭연예인이 매장돼야 하는 논리는 뭐였던 거 힘 없는 약자 개인한테 존 나 엄근진하고 괜히 가르치려 드는 거 개 역겹 네챔스 연패호날두 물소 대법관 융합체물소들 징하게 왔네 안 한다고 다시 정정했는데도 이 미 동급 범죄자 취급 하는 건 너무 하지 않냐 해도 해도 증말 우린 정말 혐오의 시대에 살고 있구나 피해자니까  이해되긴 한데 방송 중에 찾아가서 차가해자라고 한다는 건 이 해안됨 최군도 이 글을 읽어보고 대처를 하겠다 했던 데 차라리 따로 연락이 되서 얘기를 해보는 게 훨씬 깔끔했을 텐데 본인이 이 일로 너무 스트레스 받아서 그렇게 나온 건 알겠지만 뭐 최군이 나랑 상관없는 일 아니냐라고 말한 건 좀 잘못된 거라고 봄 아프리카가 개 더러운 이 유 스 윗물소들 득실득실자기가 해도 문제 없고  당당하다는 데 왜 공론화 시키는 게 차가 해야 피해자 분은 도저히 이해가 안 되니까 저게 맞는 건지 공론화 시키는 거지 돈만 갚아도 된다는 댓글에 학을 떼고 갑니 다 번 무슨 뜻이냐 누가 해석 좀 걍 돈 받을 생각 없고 인생 되라 마인드 같은데 와 최군 팬 많네 예전 소풍 왔니 사건 터졋을 때 쉴드쳐주는 거 보는 것 같음
초록우산 문의 답변 받음,내가 초록우산 한 년 넘게 후원하고 있는데 어제 초록우산 관련 글 보고 바로 문의 남겼거든 진짜 딱 저렇게 올리고 오늘 답변 왔는데 뭐 주저리 주저리 매크로 답변은 똑같으니 가 생략하고 난 문의만 한 건데 이렇게 답변 달리 네 난 진짜 문의만 하고 답변 보고 후원 끊을 생각을 없었는데 꺼지라고 하는 거 같아서 기분 나쁘네 다른데 알아봐야 겠네 참,그 디씨에 올라온 상담사 글이 일 수도 있겠네 한 남꺼져 이거구만 후원자가 하는 질문을 그냥 무시해버리네 와 죄송합니다 죄송합니다 제가 감히 후원을 해서 죄송합니다 얼른 꺼지겠습니다 와 이건 좀 꺼지라는 느낌인데 완전 복 붙인 건가와 그동안 감사했단 말 한마디 없냐 개씨 앙년들 뭐 여 진짜 호구 등 신취급하네 후원자를 개 좆으로 보네 난 앞으로 후원안 한 다 원래도 안했지만 너 말고도 대 줄  한남 많다 규뭐야 왜 저딴 답글이 지 매크로가 아니지 저건 매크로면 듣기 좋은 소리만 늘어놓지 누가 봐도 사람이 감정적으로 쓴 글 임 중 단 한다는 말도 없는데 바로 꺼지라니 한남꺄 이 느낌 나긴 하네 와 대응 레전드네 맞으니까 꺼져 이 거임이건 진짜 심각한데 메갈 우산 어린이재단이었군 초록은 훼이크와 년 후원자를 국내에 있는 후원 업체들 자선 단체들에 현금 기부하지 마라 그  기부금으로 운영되는 실태 보면 진짜 경중만 있을 뿐 다 똑같아 걍 주변에 있는 고아원에 쌀이랑 옷이랑 직접 갖다 주는 게 낫다 전문 올리지 왜 잘라서 올림한 버 수정이 안 되서 전문 여기에 따로 올림 뭐지 무한츠쿠요미인가별 모아야 대 나도 깜놀함 별 모아야 대 재귀함수인 줄 한 버 미안 미안 여기임 전문 빼먹으니까 엄한 걸로 욕하네 포인트 잘 잡게 해라 엄한 거로 마구잡이 욕하면  그게 페미 애들이랑 뭐가 다름년 한 사람에게 물론 한 달만 해도 저렇게 하면 안 되는 거지만 저따구로 대응한다고 중단 당한 거네 그동안 꺼 억 잘 먹었다 쌩 유레전드네 와 그동안 감사하다는 말도 없고 진짜 일을 저따구로 한다고 바벨드는 조랑말 전문 보면 있더라 하는 짓도 페미네 대학생 때 봉상활도도 하고 직장체험도 했던 곳인데 슬프다그동안 고마웠다는 말도 없네 호구 왔능 가 몇 번을 기다 리더 라도 전화로 해야 함 와 시발후원자한테 저런다고 보통 쪽에 여 자가 많으니 디시에 있는 것도 신빙성이 있지 않을까 미라미라 나도 이렇게 생각함 후원 같은 거 왜 하는지 모르겟네 다 다른 놈 뱃속으로 들어가는데 훠훠훠 그냥 꺼지라는 거네 조온 나무섭 네응 한남 꺼져 하긴 콜하는 애들이 무슨 타격 있겠냐 이젠 포기한 듯 아 존 나 열받네 이준석 대통령 돼야 한다 기업의 후원이 더 크다던 가  해서 저럴 수도 있겠지만 그래도 기부의 의미를 훼손하는 나쁜 짓이 다 꺼지라는 데 꺼져드려야죠 꺼지라는 거 같네 미친 놈들이 네 병신 후원 자랑 기 싸움을 하는 기 부단체가 있다 삐슝 빠슝 아니 이 정도면 그동안 받은 거 뱉어야 되는 거 아님 관련 글 보던 거 중에 이게 젤 그렇네어 케 지금까지 후원하던 후원자한테 저딴 식으로 답변할 수가 있지 기부금은 환급 안 되나 황일수 당연히 됨 상담사 몇 자리 없어지 겠누이것도 기사나 고 담당자 한번 쿠사리 먹어봐야 정신차리지 저런 건 직접 전화해서 따져야 될 듯나한테 답변한 거 누구냐고 묻고 한 번 해줘야 됨나라가 미쳐가네 진짜 남 양이 친구 또 생겼네 와 남양이 인 싸다 인 싸 지에스랑 초록우산이랑 구석에서 노렴 잘 먹었으니 빨리 꺼지세요 하는 거 같네 어떤 병신이 저렇게 대처하도록 지시했냐 저건 당장 해고감인데 엥 나는 그 정도는 아니었는데  존 나 장문으로 글써준 던데 마지막엔 감사했다고 하고 레전드 네 저딴식으로 대처 하네 가면 벗겨졌다고 본 모습 보여주 네 저런 단체에 다 후원하는 거 아니라 고 잘 배워 갑니다 페미기부단체 답네 아니 매크로로 붙여넣기 하더라도 최소한 그동안 후원 감사했습니다는 들어가야 하는 게 정상 아냐 저거 혹시 중국인들인 가개 싸가지 없네페미니즘 대응 후원 중단 이 거지 뭐 그만큼 아프다는 거다 지금까지 후원한 거 환수 조치 안 되나 후원자들 모여서 소송 걸면 그제서야 사과하려나 걍 페미 소굴이 네근데 난 이런 후원 단체에 돈으로 기부하는 거 비추 만원 후원 하면 애들한테 떨어지는 돈 얼마 없다고 들었음 이런 거 기사화되면 저 사람 짤 릴꺼 같은데 글쓴이 분 제보 한 번 해보시 죵어차피 후원하면 대부분이 쟈들 급여임 내가 후원한 거에서 극히 일부만 후원 됨 미친 건가 게 이야  유니세 프로 와 라 요즘 세상에 재단이나 단체 직원한테 후원하는 것도 참 이상함 해피빈 같은 좋은 후원창구가 있는데 말야 아 지은이가 자주 기부하는 곳인데 페미가 쳐 묻네 저게 가능한 게 여가 부나 진흥원을 통해서 지원금을 세금 달달하게 받아 쳐먹는 단체가 많아서 저러는 거지 어짜피 루트만 다르지 니들 피땀 눈물 세금 인 거 똑 같 음나도 문의 글 올리고 대기 중이던 데 걍 꺼져 하 려나 얼탱이 없네수퍼비도 초록우산 기부하는데 이 거 알았으면 와 내다 버린 년화난다년은 처음 본다와 이건 좀 생산적인 활동을 하는 것도 아니고 남의 돈으로 지들 잇속 다 챙기고 찌 꺼기 나눠주는 새끼들이 싸가지 존 나 없네 진짜 아주 여성단체 네이건 진짜 꺼지라는 건데 이게 투명한 정보 공개인가
충격 응급수술 필요한 병사 코로나 핑계로 끝까지 휴가 안보내줘 지체 장애인 만든 군대 간부 클라스,출처 요약 기갑여단 박격포 장갑차 조종수로 복무하던 글쓴이 고된 훈련과 군 복무로 인해 추간판 탈골증이 점점 심해져 양팔의 마비 증세와 두통 방사통 디스크 통증이 극에 달함 국군수도병원에서 진료받으니 응급수술이 필요하다 했고 부모님과 상담 끝에 민간병원에서 수술을 희망한다고 간부에게 전함 간부는 군 병원에서 치료 가능한 수술이라며 민간병원 진료 요청 거부 어머니께 전화 해 코로나 규정으로 인해 민간병원 수술은 절대 못 받으니 전역 후 수술 받아야 한다고 전함 글쓴이는 고통을 견디며 군 복무를 계속 했지만 마비와 통증이 점점 심해져 차례 수술이 필요하다는 소견서를 제출하며 휴가 요청했지만 민간병원 예약이 안 되면 휴가는 불가능하다며 끝까지 거절함 글쓴이는 부모님을 통해 예약하려 했지만 사진만으로는 예약이 불가능해 결국 휴가는 못 나 감수 도 병원에서 진료받은 지 개월이 지나 전역하기 일 전 말 출휴가 나와 응급수술 받았고 후유증으로 지체 장애인이 되버린 글쓴이 개월째 월 만원 재활치료비 간병인 까지 써야 되는 상황이지만 전역했다는 이유로 군대에서 한 푼도 보상받지 못하고 있다고 함심지어 간부에게 사과조차 받지 못하고 끝나버린 군 생활 찾을 땐 국가의 아들 다치면 느 그 아들 놈의 군대 같다 진짜,좆병신련들 진짜 살인 마렵다 왤캐 군대는 쓰레기들만 꼬이는 거임자기 복무랑 진급에 문제 생기니 이 거 안 되고 저거 안 되고 전역하면 응 전역했으니 책임 간부들 총으로 쏴 죽여야 원래 민간병원 수술은 치료비 지원받는 걸 잘 못 본 듯 코로나 핑계로 민간 수술 막은 게 문제네 갤럭시탭 시 발놈이 네 갤럭시탭 말 개좆같이 하네 행 보관 씨 발룐이 총으로 다 쏴 갈겨 죽이고 싶네 저런 것도 간부라고  에미시 발나도 군대에서 십자인대 다치고 빨리 수술 안 해서 재건 가능한 부상을 인공인대 쑤셔 넣음 다치면 느 그 아들 임의 무징병제인 나라 군대에서 툭하면 시민을 장애인 만들고 살해당하게 만들고 자살하게 만들고 촛불시위는 이런 걸로 해야지 시 발간부 개새끼 신상공개해라간부 씹쌔끼 저거 고소 못하나저 담당 중대장 소대장 부소대장 부대 행 보관 명 신상공 후 불 명예제대 및  처벌해라
실시간 서울대 이준석 토크 콘서트 들으러 옴,비대면으로 참가 중 토크 콘서트 답게 정치 사회 이슈에 관한 학생들이랑 질의 응답하고 있습니다 무수한 질문에 시 달리는 중,신지예랑 결혼할 거냐고 물아바비연예인 넵음모론자 비대면이라길래 혹시나 했네요 서울대생만 가능한가요저도 알파벳은 대인데 가능한가요 추천 잘 안함 저도 알파벳은 대 졸업 햇는데 뭐 야 나도 보여줘 펨 창들 학력 한 단계 상승 몰래 펨코하다 걸리면 서울대도 펨코하던 걸 이라는 말을 쓸 수 있따 하 갓 울대생만 볼 수 있네 부럽다 또로롱또롱뚱 저거 다음날에 아니면 끝나고 사이트에 올려 줄 껄 영상 스트로 크댄스 라이브 및 질문하는 맛 없으먼 좀 그래나도 볼래 어캐봐 서울대 펨코인 든든하고 이준석보다 자기 서울대 인증 글이네 쩌럿 부럽 다 셜대 서울 대형들 내용 정리 좀 해주나 리하이리 하이 한 시간 반동안 쉴새 없이 이야기하는 중입니다 너무 길어요 음모론자 천포 위에 쓴 거 말고 천포 더 줄게 휴학생도 들을 수 있나 우리는 못 보나 요 젠더 얘기는 나오나요 왜 신지예를 못 엮어서 야단이냐 아 듣고 싶다 서울대생만 들을 수 있겠지만 오 쩐 다 역시 서울대인가 비대면인데도 마스크를 꼈 네 계명 전문대 나오고 전원책 변호사 앞에서 법 운운하는 빡대가리 토크 콘서트 들을 바엔 이준석 토크 콘서트가 훨씬 도움 되고 들을 만하지릭 산체스 오간 이야기 중에 재밌는 것만 요약해서 올려 줭 우결충이 여기도 있네 박근혜 한테 고맙다는 건 좀 그러트라야야이야오 고마운 부분을 말한 게 뭐가 잘못된 거임  탄핵 아니야 빼 애애액 한 것도 아니고 아놀드 커리 아 이걸 몰랐음 비추 개 먹었넼야야이야오 근데 얘는 실제로 박근혜 깐 적도 많을 텐데 야야이야오 딱 정치 입문시켜준 거만 고맙다 해서 나는 함야야이야오 본인 발탁해준 것에 대한 것에 대한 감사함이 고 탄핵은 당해도 마땅하다고 했음시 소타 아 이걸 몰랐음 비추 개 먹었넼야야이야오 당 대표 선거에서 영남표 얻어야 하니까 야야이야오 박근 혜가 정치 쪽으로 끌어줘서 고맙다 하지만 박근혜 탄핵은 정당한 거다’ 라고 했음또 또 뷔페니즘식으로 지 유리한 대로 해석하네 내 말이 정답이 얌 근데 아까 기사 헤드라인은 역시나 이준석 박근혜에게 고마워 이런 식으로 뽑혔더라 지금은 내려간 듯이 재용의 아이폰 기자들이 원래 자극적으로 제목 뽑지 내 말이 정답이 얌 아 이걸 몰랐음 비추 개 먹었넼좆 같은 뷔페니즘이랑 같은 취급 말아줘 내가  본 병신 같은 기사 제목이 아래 달리거였으니 가야야이야오 앙 기사는 제목만 보면 안 된다야야이야오 좀 무식하면 입 다물고 지나가면 안 될까넛지 난 알먄 좀 지나가라야야이야오 내 발탁에 있어 박근혜 대통령에게 감사하다 그런데 탄핵은 정당하다에 휴읭모릥 아 이걸 몰랐음 비추 개 먹었넼야야이야오 발탁해준 건 고마운 일이 지 사람을 흑백으로 분류하고 흑이면 모든 걸 부정하고  안 좋게 보려는 기 질 버려진 영논리자들 특징 임 기 사 제목만 봤음 잘 읽겠음 중계방 없나 이거 볼 방법 없어 하버드링크 없나 여 설대 대학원 다니는데 아싸신가 여 오 이 거 어디서 봄 글쓴이한테 답장 받았는데 미리 신청을 받아서 한 듯 여 나 이 거 예전에 박찬호 강의 신청하고 듣다가 너무 말을 많이 하셔서 온다 신지예랑 사귀냐고 좀 물어봐 아이언샷 준석이형한테 왜 그래아 이걸 까먹고  신청 안해서 못 들었네 부럽 헤이 하버드 진짜 공부벌레가 뭔지 보여줄까 대구 내려간다고 하지 않았나 대구는 다음 주인가와 서울대생 펨붕이 자랑스럽다와 우 준 스톤서울대 호 와이파이 체크서울대다 보니 뭐 행사 하나도 되게 건설적이 네 펨붕이들 의 문의 자신감 상승 오 나도 보고 싶다 준식이 서울대
소속팀 치어리더 비키니 사진에 좋아요 누른 야구선수,롯데 박선주 치어리더 사진에 좋아요 누른 한동희,러 핑크레인 이번엔 왜 속으로만 생각을 안하셨습니까 러 핑크레인 잘 아네 꼰대저걸 보고 어떻게 안 누르냐러 핑크 레인 선생님 생각이 밖으로 나오셨습니다 저건 눌러야지 소속팀 치어리더 비키니 사진에 좋아요 누른 야구선수 훈훈 정상인데 쭈비쭈비 좆동희 시 발 월에 왜 케 몬하냐 정신 차려라하아 진짜 사진 진짜 너무 하 아 이 거 참 시 발 조 또 하 아이걸 그냥 아욱 좋다 정보 저런 사진은 보통  남친이 찍어준다감아가는 아가야 방금 찾아보니까 여자애들끼리 놀러 간 듯 후 발 뻗고 편하게 자야지 감아가는 아가야 정보 굿와 나도 눌렀다 시 바 야구만 잘하면 된다 좀 봐주자 야구선수는 사람 아니가 남자 아니가 다들 잘만 누르면서 와 좋다 하참 살기빡세다 개인적인 친분 있을 수도 있는 거고 좋아요 하나 누른 거로 까이네둘이 사귈 수도 있지 와 골반 누르는 게 왜 뭐길래 다들 호들 갑임와보 정 좋아요 누른 게 죄인가 그래서 홈런 쳤구나 내 인스타인 줄 알고 오른쪽으로 넘겼다 박세웅은 야동도 눌렀는데 뭐 어 때 스폰지밥 비키니시티 뒷눈 좋으니까 누른 거지 박선주 박선주 경남 도라와 빅선주 치어 홈런 쳤으니까 봐준다 야무지 네 진짜 눌렀다 지웠나 보네이 샠기가 진짜 지린다 아니 같이 좀 누르지
유튜브 화질 특징,광고만큼은 고화질 임,영상에 광고 넣는 새끼들이 진짜 젤 악질임 프리미엄 왜 쓰냐 그럴 거면 이 스타 번개맨 악질 중 악질 광고는 로딩 속도도 빠름 지금 니가 하고 있는 게 페미가 하는 논점 흐리기 임 그리고 논점 흐리기는 보통 근거가 빈약하고 말빨이 딸리는 쪽에서 꺼내드는 카드 임선동과 날조에 최적화되어 있거든 국어 등급 내가 틀린 소리를 했냐 무슨 논점 흐리기라고 페미들도 그렇게 얘기하더라 네이버  초광고는 욕밖에 없었는데 유튜브 초 이상 광고는 그 누구보다 관대하신 분들 좋나 많네 프리미엄 몇 년째라 모르겠다 유튭 프리미엄 쓰세요 잘 쓰고 있답니다 아니 밴스드 자체가 불법이고 아무리 구글에서 따로 고소는 안 한다지만 대 놓고 불법을 권하는 건 뭐하는 짓임 쪽지로 알려주고 받는 거도 아니고 유튜버 수익 안 준다고 개꿀이라니 이게 무슨 칰힌 무우 여차저차 해서 불법은 아니래  불법이든 아니든 유튜버한테 수익안 가는 걸 개꿀이라 하는 건 거지나 다름없음꽁으로 컨텐츠를 시청하는 건데 그게 거지 지 뭐 야 두부두부으쌰으쌰 나도 프리미엄 써 불법이라 길래 그냥 알려준 겨칰힌 무우 구글도 한국에서 법인세 얼마 내는지는 알음 법의 허점을 이용하는 거랑 불법 종용은 다르다고 생각하는데 그거는 바꿔야지 디지털 세 도입하던 가해서 칰힌 무우 둘 다 불법 아님 아무리 검색해도  밴스드는 불법이라는 데 광고를 차단하는 건 불법이 아니지만 앱을 허가 없이 개조해서 배포하는 게 불법이라고 그러네 칰힌 무우 밴스드 깔아본 적도 없는데 사용자 입장에서 불법행위이냐 생각해보면 앱을 허가 없이 개조했나 배포했냐 사용자는 뭐가 불법임 끄어 어 불법으로 만들어진 어플을 사용하는데 사용자가 뭐가 불법이라니 링크도 적어주고 상세하게 차이점 설명하면서 쓰라고 홍보하던데본 인도 걍 밴스드 쓸까 하다가 년째 프리미엄 쓰는 중걍 프리미엄이 편하더라 하도 오래 쓰니까 유튜브 화질 자동으로 낮아지는 거 나 만 그럼 와이파이 칸인데 특히 숏 영상 보면 화질이 이지랄 나던데 설정에 들어가서 동영상 기본 화질 설정하셈 모바일은 돌핀 브라우저 컴퓨터로는 크롬 광고 관련 애드온 깔아서 광고 볼 일이 없다가 유튜브 업데이트 했는지 돌핀에서 광고 뜨니깐  존 나 답답하긴 함 응 에드 블록 구글 쉑 탈세하는데 가만히 있을 수 있나 벤스드 가 주앗 프리미엄이랑 밴스드 나오면 그 글은 백퍼 투기장 행임 참고 이 거 키면 펨코도 망할 수 있음 그거 있다고 망하면 디시는 진작에 망했지 펨코 모든 사용자가 쓰면 망함 노답 논점 이탈 잘못됐다는 거 바람직하지 않다는 거 너 스스로도 잘 알면서 대체 왜 자꾸 하려는 거야 너는 그 럼 그런 거 단 하나라도 안 하면서 산다는 거지 왜 나만 갖고 그래 왜 너는 깨끗한 척 해 진짜 노 답 잘못됐다는 거 바람직하지 않다는 거 너 스스로도 잘 알면서 대체 왜 자꾸 하려는 거야 이 거 전혀 문제 없는데 적어도 법적으로는 문제 없는데 그래서 나 아주 당당한 데 애들 뿔난소리 여기까지 들린 다 밴스 드라는 것도 있구나 밴스드 말고 인도 우회는 문제 없는 거 임걍  여기서 욕쳐먹고 밴스드 쓸게요
깜짝 신지예 이쁘다고 해줘야 하는 이 유,,신지예 이미 페미 쪽에서 많이 배척 받고 있다함 온건 페미라 포용 남성혐오 반대 이런 걸로 씹페미들은 여성의 당 다른 페미 쪽으로 갔다 함실제로 신지예는 저번 총선부턴가 서로 개 싸움 하는 중임 페미끼리도 근데 펨코에서 자주 보여서 그런지 정듬 신지예까지는 가능하겠는데 빨간 머리와 박나래는 좀 지예 공주님을 페미니즘으로부터 석방하라지예는 포스터 메갈 짓이라고 인정했고 이수역 사건도 동공지진오던데 자 중지란 초록색 이젤 다 보 중지란 키르시바 서 이 새끼 네이티브 네 신지예는 제도권 정치권에 진입하고 싶어 하는 사람이라 졸라 온건파인 거 같음 그런 거 안 따지는 미 친꼴페미들 포용하기는 어렵겠지 호감가냐 스크롤 내려서 검색창에 신지예 넣고 년 글까지 내려봐라 그때도 호감이 가는 가 누나 어서 이 선옥 작가 테크 타자 페미 그런데 안 어울려 근데 실제로도 예긴 해맹스 나인 여자 보는 안목이 있으십니까 다른 애들에 비하면 훨씬 낫다 신지예 이준석도 저 정도면 정들 음신지예 귀여운 편 아니냐 성격도 저번 이준석 토론 때도 좋아 보이던데 그냥 이 준석이랑 잘 어울리는 것 같기도 함 토론이 사랑 싸움 같기도 하고 지 예 누나 나 죽어 난 신지예 조금 화장하면 지적으로 보이는 매력 있다고 생각하는데 물론 대갈통에 든 생각은 극 혐이긴 함 솔직히 재재한테는 이쁘 다고 절대 못하잖아 중간고사 남자끼리 이 쁘다고 못하지지 예누나 방송켜 줭 헤으응지 예누나 볼수록 괜찮은 지도 이게 심리전인가 눈나솔직히 외모만 놓고 보면 괜찮음이 이제 이 같은 건 가 독은 독으로 제압한다는 뭐 그런 논리지예파파 대거 양성해야 할 이유냐 이게 신지예 진짜 이 뻐서 놀램 농담이 아니라 신지예 귀엽던데 그리고 그나마 대화가 통하는 페미라 더 괜찮지 이정희 도 빠는 애들 있었 는데 신지 예정도면 놀랍지도 않음소 신 발언 예쁘다고 하기엔 뭐하지만 최소한 못생긴 건 아니다 신지예 정도면 깔끔하게 예쁜 편이 긴 함 그 저번에 이 준석 로 다굴 맞던 토론에 나온 민주당 여자에 비하면 토론 태도 양반이던 데 샹크스에 비하면 여신이 지리나 여신님 밯그만해라 비위 상하게 뭔짓이냐 글 올린 새퀴 은 근 지 취향나니깐 동조를 바란 거지근데 이목구비 괜찮음 피부도 좋고 레드 블랙 넛보단  나음 동그란 안경 페티시 있다 모든 여자들 그냥은 별로인데 동그란 안경만 쓰면 다 이뻐 보인다 교정기 까지 하면 무발기 사정 가능 존 나이 상한데 꽃힘 안녕하십니까 들 내 마음에 드는 여자는 모두 너의 표절이다라는 말이 있는데 솔직히 토론 태도 보고 뭔가 이 뻐 보이긴 했음 극페미 느낌은 아니였지 동물원 글 퍼가면 안 되는 디상대적으로 호감이 긴 해 정신체리 아무리 그래도 거짓말은 못하겠다
초딩도 펨코 보는구나,태그를 지원하지 않는 브라우저입니다 무고 사 골 넣을 때 몬테네그로 국기 흔든 친구인데 초딩 아니면 많아봐야 중딩 같던데 부끄럽구나 호에엥 거리는 이 상한 형들만 있어서,짐살라빔 이런 유저는 배를 갈라 포를 나눠야 한다 묵묵하게 깃발 흔들던 놈이 초딩이래서 한 번 놀라고 초딩이 에 펨도 한 대서 두 번 놀란 다 사나지수운트 망곰달고 그딴말 씨 부려봤자 댄스 유튜버린 가드 부동산 초딩일 때부터 근본이 네몬테네그로 국기가 존 나 간지 남어 이 네 녀석이 이나라의 미래라고 힘들겠지만 최선을 다해 발버둥쳐보라고 하 하하 멋 있어 호에에 엥멋있다 이상한 형 제 의 임형 철 각이냐 그래서 기분이 좋았다 숙제로 일기 쓸 때 생각나네 월일 금요일 날씨 맑음 어제는 비가 왔는데 오늘은 해가 떴 다날이 좋아서 기분이 좋았다 내일도 맑았으면 좋겠다 끝에 펨 초딩한텐 안 좋은데 내 이름은 그루트 다 초딩한테는 재미없음 직접 선수 조종해서 슛하는 게 없으니 최소 중딩이상 돼야 이해하지 않을 지역삼동달리는 토끼 그 뜻이 아닌데 역삼동 달리는 토끼 에 펨코리아 말하는 듯 요즘 은 초딩도 커뮤니티를 하는구나 황금함대 초딩 때도 야갤하던 애 있었는데 와 근데 빗 속에서 깃발 흔드는 저 모습나만 간 지나 보이냐 누나들이 미안해 공군 가면 기 수해라 연출 개간 지난 다 기분 되게 좋겠다 용병으로 다른 나라왔는데 본인 나라 국기 흔들어주면 개잘 찍었네 저 짤 너무 멋있는 거 같음 키 성인일 수도 요새 세상 좋아졌다구도가 작 살 난다 영화 같네와 근데 구도 진짜 개 작 살 난다 근데  케이리그 볼 정도면 펨코 안 올 수가 있나 꼬마야 인증하면 포 줄 거야 펨코의 미래가 여기에 개멋있네 낭만이 있어 캬 친구 아들이 초인데 씨이 뻘아들뻘이랑 같은 커뮤하고 있네 현 타 온다호에엥
집 근처에 제과제빵점 오픈함,내 과 제 빵점이라고 시 발,가보정 전 개축 형님들에게 인정받고 싶은 걸요노릇 노릇 이지랄 개웃기네 인정합니다나 이런 거 좋아하네 굠이 거랑 그 대학교 학년은 안 되 그런 류의 개그가 좋아 요즘 펨코 초딩 감성이냐 육보시 그러면서 한 번씩 웃고 사는 거지 잘 만들 것 같네 낚시터 고양이 소질 있는 듯 웃다가 콧물 나 옴붐 베엌 오우 익살스러운 것 보소존 나 귀엽 네 카톡 프사로 쓰게 퍼가도 되나 용 아이콘로 제가 한 건 아니 고 주인 분은 따로 계십니 다 뿜을 뻔
머니게임 원작자 공혁준은 천재 다,태그를 지원하지 않는 브라우저입니다 일차 룰을 미리 사려고 시도 했다는 걸 진용 진에게 듣고서 한 말,명백하게 룰 안에서 가능한 두뇌 플레이였는데 그걸 범죄로 취급해서 게임을 엉망진창으로 만들다니 근데 전기가 정보는 못 사나라고 말했던 점이 크지 그 외에도 무전기 사는 거 보고 전기가 씹천재구나 싶었음 너무 높이 날 지 마라 공카루스 김지뇨 진용진이 머니 게임 원작자한테 전화해서 들은 얘기라 구쿠이도 라쿠 생각 없누정치질만 햇으면 다행이지 겜을 폭발시키는 게 잘못 아니면 뭐가  잘못이지 아 설마 여자 파벌이 자진 퇴소룰 이용해서 겜 폭발시키면 제작진이 무릎 꿇으며 굴복해서 룰을 깨고 다시 불러줄 거라는 설계라는 거 아니지 같힌 투자자 겜 폭파시키는 게 잘못이면 에라좆되바라 룰은 왜 만들어 놓은 거임 머 계약 위반도 아니고 대놓고 겜 내 선택지로 준 걸쿠이도 라쿠 겜 폭파가 잘못된 이유 제작진이 겜폭파를 의도로 만들어 논 룰이 아님 상금 몰아주고 엔빵 조기종 영  방지할려는 의도 하지만 허점이 잇엇고 이는 제작진도 잘못한 점임컨텐츠 목적이 상금 이라는 점에서 그 목적에 대치되는 행동 겜 규칙의 허점을 이용해서 목적에 맞게 썻으면 전혀 욕 안 먹음 돈벌러 나온 사람 면접봣는 데 떨어진 사람 후원 받이서 대형 컨텐츠 열어준 제작진에 대한 도의적인 잘못 같힌 투자자 겜 폭파시켜서 제작진 굴복시키고 다른 참가자들 눈치 보게 만들어서 계획대로 공전 탈락 시키고 상금 타 감 결과론이라 하면 할 말 없지만 애초에 그런 의도였다 하면 과 연 목적에 대치되는 건지 그럼 욕 안 먹었을 거라는 거쿠이도 라쿠 그래도 욕먹엇을 거라 봄 근데 좀 덜 먹엇겟지 내가 말햇던 의 도면 인성은 똑같이 욕처 먹고 두뇌는 빨렷을 거라 봄 남 치명적 약점 쥐고 흔드는 인성이 악마적이자나 그 정도 두뇌 면 자신들이 자 신 퇴소해서 다시 사정사정해서 불러드릴 정도면 진용진 이 치명적 손해 입을 거란 생각햇을 테니까 그리고 겜 폭파햇던 게 사라지는 게 아니니까 제작진공혁 준 무릎 꿇린 게 없어지는 것도 아니고 근데 그의도가 아닐 게 너무 명확해서 저 의도 엿다면 리뷰 때 해명햇겟지 지금까지 한 대처로 보면 걍 감정적 대처 임 사실상 전기가 말한 거지근데 궁금한 게 진용 진 전에 사건은 다 풀린 거 라디오 출연 가능한 거임 레벨슬기 다 풀렸으니 머니 게임도 나온 거고  출연도 한 거 여자가 꽃뱀으로 결론 남점 슈터빈스 카터 고렇구만 혁 준상 파이년한테 일단 거짓 정보부터 흘린 거도 멋졌음 전기가 무전기를 산 거야휴방 아티스트답게 머리는 좋음 오죽하면 공혁준 휴방 사유 월드컵도 있을 정도 언제 한 방송 임하유라잌 댓 오늘 아침 정보구매를 파이 물소들이 공혁 준 잘못이라고 표현하고 다님 개토나 옴근데 딱히 천재 소리들을 만큼 대단한 건가 정보사는 것도 전기가 생 각 해낸 거고 정보사고서도 엄청 잘 활용한 건 아닌 거 같아서 잘 산 거긴 한데 천재까진 아닌 거 같음 걍 원작자가 그렇게 느꼈다는 거지 뭐 천재까지는 천재가 아니고 애초에 룰 자체가 확정 안된 쓰레기 게임이었다는 거지 플레이어가 지맘대로 제작진이랑 룰 만드는 게 뭔 원작자가 천재라는 데 왜들 그리 화가 나셨을까 몇 명은 자드 가입시 다잉 사회성 떨어지는 그들 공카루스 근데 제일 처음에 정보 사는 거 아이디 어는 전기가 냈잖아 저게 왜 천재냐 그냥 안 삿으면 일 차까지 돈 서로 절약하면서 더 많은 상금이 확보 가능했는데 일차부터 룰 알고 싸워도 됐는데 그냥 돈 날린 거지 피곤햄 아무것도 안 하고 일차가면 공혁준은 거의 퍼 탈락 확정이였는데 난 이 거 전기 아이디어라서 전기가 역시 게임 즐길 줄 아나 생각했는데 쥐와 양 전기가 여러 모로 허술하기도 했지만 개 중 가장 모사에 가까운 두 뇌플레이를 보였음 논리 왕 자칭할 만함 몇 명이 꿀 잼각 망쳐버림 역시 하스 스톤 국 대 출신 제이공어디까지 날아가려는 거야 맥날 전화해서 몇 시인지 알아낸 것도 머리가 좋다는 거지 그냥 그런 발상이 대단하다는 거지 댓글들 천재까지는 하고 있네 편집으로 다 날아가서 그렇지 전기랑 공혁준 시 발 별에 별 거 되냐 안 되냐 존 나 물어봤다는 데 물론 다른 참가자들도 그랬겠지만
공홈 웨스 모건 현역 은퇴,캡틴 웨스 모건은 이 번 시즌이 끝나면 은퇴할 것입니다 레스터 시티에 합류한 이후 경기 골프리미어리그 우승 컵 우승 챔피언십 우승,피파가 버린 남자 레스터라는 구단에서 누릴 수 있는 영광은 다 누리고 떠나 네 멋지다모건 후트 센백 라인으로 우승한 건 진짜 놀라웠지 모건도 참 대단한 선수지 일단 등장했을 때 체형으로부터 나오는 임팩트가 다른 선 수랑은 차원이 다름근데 실력도 너무 좋고 발도 빨라서 더 놀랐음 동화 같은 리그 우승에 동화 같은 컵 우승을 마지막으로 명예롭게 은퇴할 수 있을 듯 레’ 전드앤디킹  슈마이켈 모건 바디 근본 라인 컵 결승전까지 마지막으로 출전하고 우승 크으 간지슬프다 진짜 슬프 다형님레전드네케인보다 커리어가 좋네트로피도 들었으니까 챔스만 가면 마무리 기분 좋게 할 텐데 루블레프 그래도 챔스강까지 가 봤잖어 듣 보인데 생제되겠네 사재기 안함 컨셉이냐 증상인입니다 듣보 맞잔항 그만 좀 해 피지컬 구데기 병신리 오넬 날강 두 해 안해 피파서 쓸거야레스터 레 전드 속도가 좀 느린 게 아쉬움 자책골 인정됐으면 최악의 마무리였겠네 승부차기 가 고 지기라도 했어 봐 레스터가 우승할 수 있었던 가장 큰 이유가 레스터보다 사실상 전력이 밑인 팀도 해볼 만 한데 라고 덤빈 게 가장 크다고 생각함 이게 여러 감독들이 말하지만 비기려고 마음 먹고 나온 팀이 제일 상대하기 힘들다고 함타이밍은 좋구만 챔스까지 진출하면 더 좋을 텐데 그래도  레스터에서 리그 우승에 컵 우승 챔스도 나가 보고 은퇴하네 멋지 다친 정팀 돌아와서 빠따좀 푹스도 은퇴한다는데 레전드 둘이 동시에 은퇴하 네 캬 레스터 레전 드레스터도 보면 주요 선수 나가도 영입 잘하는 듯 센터 벡만 쇠윤주포파나 풀백센 백 멀티 아마티레전 더리 아마티는 누구임 드림 하이 최근 첼시인 장 땅에 버린 그 아마티레전 더리 전 모르는 선수 네 여 아 모름그럼 주장은 슈 마이켈 부 주장은 바디 그 시즌은 진짜 상남자 축구엿지 단순하지만 뽕차는 레전드첼시도 빌라 이겨서 챔스 확정 짓고 레스터도 마지막 홈 경기 토트넘 잡고 관중들 앞에서 멋지게 은 퇴 하면 좋겠네 구단 역사 년 동안 첫 부리그 컵 우승 둘 다 이 뤘으니 레스터 역사상 가장 위대한 선수 중 하나가 될 듯 레스터 킹장님 레스터 레전드 주장님 수고 많으셨습니다
가오가 이 근황,,대처가 훌륭하다 머니 게임 할 때만 하더라도 전기 앞에서 내가 알아서 할 게 하나로 여기서 물소 취급받으면서 이라고 놀림 당했었는데 대처가 진짜 뛰어 남 그런데 번 박준형은 머니게임 끝나자마자 그냥 무플이 네 윾쾌해서 보기 좋네진짜 발뺌하면서 온갖 변명 둘러대는 것보다 차라리 유쾌한 척이 배 호감 가오나이로 바꿔라 그냥 파이였으면 여러분 제가 몰랐던 게 아니라 그 사람들이 잘못인 거에 요 하고 진지 빨듯가오가 이 머니게임 끝나고 나서 이미지 망해도 할 말이 없는데 이렇게 대처가 유쾌하니 이미지가 나쁘지 않자 너 참 여자 참가자들 보면 답답하더라 모름가이 정자왕전기 유쾌한 거보소 사람 대처에 따라 이렇게 여론이 바뀌는 거란 다 파 이야머니게임 안 봤는데 파이 가 오가 이 머니게임 안에서 누가 더 혐이었음 억빠가 제일 싫어 파이 씹 압승억빠가 제일 싫어 가오가 이는 혐까지는   아니었지 억빠가 제일 싫어 가오가 이는 딱히 혐이랄 게 없고 너무 여자들한테 호구 같이 한다고 물소게이라고 불렸음 파이는 그냥 행동 하나하나가 사람들에게 비호감 그 자체 간장 계란 참기름 걔는 비호 감 수준을 넘었음 극 혐임 허위 미투하는 년이랑 다를 바 없음 억빠가 제일 싫어 가오가 이는 그냥 바보형이고 파이는 사람 나락 보내려고 이 악문 사람 억빠가 제일 싫어 가오가 이는 뭐 돈 따려고 여자 편 붙 은거니까 방방 봐 이긴 한데 랩 네임이랑 안 맞게 여자한테 졸라빌 빌거려서 사람들이 비꼬는 듯 억빠가 제일 싫어 가오가 이 파이 비교 불가 대상 임정자 왕 전기 뭔데 자연스러워가지고 몰랐네가 오가이도 원래 이렇게 될 게 아니었는데 범접 불가 절대악이 하나 있어서 얘 볼 때마다 가이오가랑 헷갈린다랩네임 빡대가리로 바꾸자 좋은 밈 하나 건졌네정자왕 전기 뭐 냨 진짜 개웃 김쌉호 감 유 튜브 구독자 수 하루마다 몇 천 명씩 늘더라 제 의 염 따 가능빡대가리 기믹 잘 잡았네 아웃사이더한테 시비 털어서 이미지 구긴 거 세탁 잘됐너 물소티 판다던데 괜찮으면 살 예정 디센트럴랜드 진짜 임개 웃기네에 버튼만 세 유튜브에 티 판다고 영상 올렸는데 댓글에 물소티면 산다고 해서 공지로 물소티 판다고 했음 디센트럴랜드 물소는 남 페미 성향이 강한 애들인데 밈으로 이미지 물타 기되는 느낌이 네 뭔 남페미야 요즘 세상 진짜 뭐만하면 다 페미시 바 레드불처 마셔도 페미라 할 듯 뭔 여자 좋아하면 페미냐 그럼 시 벌 게이는 남성연대냐 개 웃기네 이 제 물소가면 쓰고 아웃 사이더 키즈카페 알바하면 민심 떡상 어떻게 보면 이 사람도 수혜자다 아웃사이더 사건 이미지 싹 없어졌 네르브론 신우당탕 탕 지금 염 따루트 타는 중인 듯 밈이네 캐릭터 좋네 분노 조절 잘해 물소게이 그래도 대처하는 거  보면 호감이 노모자라지만 착한 놈 가 오가 이가 남자답고 리더 역할 잘 했는데 번이 적어도 가 오가이는 쿨찐은 아니잖아 진짜 알아서 잘 하긴 하네 대처를 이렇게 해야지 누구처럼 적반하장으로 나올 게 아니라 라방 만 명 넘게 보내 욕 먹어도 허허허 미안 내가 잘못했나 보네이 마인드니까 사람들이 아무도 뭐라 안함 보기 좋네 얘 쇼호스트 재능 있다 홈쇼핑에서 섭 외 오겠는데코리안 존스노웈 물 소중 유일한 호감 가오가이치매가 이물소가 이라고 조롱당했어도 본인이 유쾌하게 잘 넘기는 것 같은데 힙합 잘 모르는 일반인들에게도 이름 알리고 나름 머니게임 출연 잘한 거 같음 대처봐라 그릇의 차이 컨셉이 이렇게도 만들어지는구나 유노 낫띵 스노우 가이가 오가이 딩요모친 누가 더 모르냐 얘가 진짜 잘 된 세탁의 표본인 듯 물소라고 했을 때 괜히 발끈하고 화내는 것보다 이렇게 유쾌하 게 받아주면 이미지도 좋아지고 밈도 얻고 정자왕 전기 뭔뎈 정자왕 전기 사람 괜찮아 보임 이런 식으로 인지도 올라가면 그게 다 연예인한테는 이득이지 뭐 악명도 아닌데 호구 같지만 착한 형 어쨌든 이미지가 부정적인 건 아니니까 동네 유쾌한 형 느낌이네 또 나만 몰랐어 저거 뿌꾸가 광고 오지게 하던 게장이 네 사람은 착해 근데 솔직히 가오가이한테 하는 드립들은 웃기긴 함   가오가 이가 쿨한 척하는 것도 있긴 하겠지만 지가 봐도 그냥 순수하게 웃길 듯 가오나시로 바꾸자가 오돈 노로 바꿔라 각인은 확실해 저게 일부러 그런 거면 소름인데 진짜 걍 유쾌하고 바보 같은 사람 같음 딩요 애미랑 친구임
초등교사 갤러리 상황,,직장 브이로그 올라오는 것 보면 퍼 이상이 여자 임 요즘 잼민이 매운 맛을 모르나 보네 저거 한번 찍히면 겨울 때까지 담임 븅신 취급한다 아니 애초에 급식들 수업시간에 핸폰 걷어가지 아늠바냐 선생님께서는 어떤 시대에 학교를 다니셨습니까 문제 있음 진짜 그러는 심리가 궁금하다 좆관종 새끼들 근데 왜 부러울 거라 생각하는 거지 어디 가 부러운 건데 그냥 직장인 브이로그가 병신 같은데 교 사 같은 사람들은 선민의식 최고봉 중 하나지 마치 자기들 직업이 뭐 신이 주신 그런 거라고 생각하니 팀 던컨의 뱅크슛 개소리 여팀 던컨의 뱅크슛 먼 개소리 여 이건 브이로그 왜 찍는 거냐 연예인이면 이 해라도 가지 관종 새끼들나엿으면 학생 브이로 그 찍는다고 바로 폰으로 찍겠다 걍 지금 세대 대 여자년들 거의 다 과학 임 걸러야지 발 공무수행 중인 사람들이 뭔 브이로 그냐 씹 초등교사 갤러리  망함 저거 거진 다 중이고 저깄던 사람들 다 교육정책 갤러리로 감브이로그 쳐 찍을 거면 퇴사하고 전업 유튜버를 쳐해라 애들 재료 삼아서 돈 버는 거지 다 어 그로 인 거 알면서 직장에선 일이나 하자 입사 주일 한애 브이로 그 한 썰 푼 다 다들 머리에 고 프로 달고 수업 받자 존 나 편한데 일 하나부네 브이로그 할 시간도 있고 근데 진심 브이로그 찍는 사람 대부분이 여자 아님 남자는   진짜 잘 없던데 아니면 내가 남자 브이로 그는 쳐다도 안 봐서 기 억을 못하는 건 가구 우찌 회사에서 사무직 하는 건 모르겠고 트럭커 노가 다 배관공 용접 전기 이런 쪽은 남자거가 많음 유투브 보면 되게 교육적으로 유투브 하시는 남 선생님 있던데 자기 몸무게 오를지 내릴지 반 아이들이 주식 마냥 투자하게 하고 세금 학급화폐 명부 만들어서 자기가 횡령도 하고 세금 학급화폐을 만들어 서 여러 가지 하는데 교육적이고 되게 재밌음 나도 학생 때 저런 선생님 있었으면 했는데 토익 세금 내는 아이들인 가자기 자료 세미나도 해주고 교육용 사이트도 개발해주고 엄청나 신 분인 듯 저렇게 하려면 진짜 수업 연구 개발에 다 갈아 넣어야 할 듯 토익 성인되고 나서 딱 저 부분에 대한 교육이 있었으면 어땟을까 생각했는데 너무 기발하고 효과적으로 잘하시는 듯 충실한 직업 의식까진  아니어도 기본은 해야지 왜 들 저럴 까
쌤 메갈이에 요 쌤 군대 아직 안 갔네요,양성평등 교육은 무슨 여성 우월주의 주입식 교육이겠지,옳게 잘 크고 있구나 다행 오늘도 아직 군대 안 가셨네요 오늘은 가 실 줄 알았는데 존 나 잘 멕이 네 그래서 우야라고 현타오는데 우야라고 사실을 말하면 화가 나 지 든든하다 잼 민요즘 애들 진짜 올바르게 자라고 있네 확실히 반발 심리가 존 나 심해지는 시기에 어린애들이 저러니까 뭔가 신기하긴 하다 딜교 미쳤네 역시 대가 짱이 다 요즘 대 존 나 매워 아이 그러니까 군대를 좀  다녀오지 그랬어 나도 저땐 줘 패고 싶을 정도로 얄미웠을 거야 옳게 된 놈들이 구만 훠훠니들이 하던 거 고대로 하는 건데 깔깔 깔깔깔 든든하다 여자들 아직도 군 대 안감 내일은 꼭 가라애들 누군지 몰라도 잘 크고 있네 맛있는 거라도 사주고 싶다 유리 바닥은 안부숴지는 줄 알았지 그게 기 싸움 같냐 일방적으로 두들겨 맞는 구만 하드 카운터는 촉법 소년이 네 양성평등교육은 군대가 고해야지와 양성평등  군대가 라 옳게 되가 고 잇다 이런 것부터 시작이지 선생 될 자격도 없는 것들이 설치고 있으니 어휴 내가 자식 있으면 딸이든 아들이든 엄청 걱정될 듯 아직 미래가 있네 운동권 애들은 옛날 반공교육에 반감 가져서 그랬으면서 똑같은 거 하면 저 사단 날 걸 몰랐나 봐 현 타오면 그만둬야 지 원래 극단적일수록 거기에 따른 반발작용도 더 크게 일어나게 되 있음 하긴 그걸 알면 저딴 교육과  페미를 안하겠지 왜 자꾸 양성평등이라는 말을 처 쓰는 거지 존 나 맞는 말이 네 그럼 그만둬 여자로 태어났다면 여태껏 이 득 본 게 더 많으실텐데 그거 가지고 힘들다 하면 씨 발자업자 득이지 지랄을 앵 간치 했어야지 자랑스럽다잼민이들이 더 맵지 어우 맵다 매워 잘 맥이네 그대로 커라 애들이 교육 들을 게 없네 하산해라 자기보다 지능 낮은 사람한테 교육 들을 게 뭐 있음 특히 우리나 라 교사한테는 더 더욱 교육 들을 필요 없음 왜 인성적인 교육을 하는 것도 인생에 대한 조언을 해주는 것도 아니고 그저 내신 수능에 맞춰서 진도 나가고 수업만 진행하는데 그 수준도 존 나게 떨어짐 그냥 자퇴 때리고 자기가 집에서 주도적으로 몇십만원으로 마이맥 메가스터디 같은 패스 사서 수능 공부하고 대학 일찍 가는 게 답임 차은우 그저 시험 문제나오는 것만 가르치느라 바쁘지 차은우  교우관계 빼면 공교육 의 미 진짜 도 도 없지 최고 네그래서 요오늘은 갈줄 알았는 뎈 근데 틀린 말이 하나도 없으니 화나는 거 아님 지프 요새 애들 진짜 딜 잘 넣음 개빡치겠네 베지터 화이팅이 다 급식들아지프 당연히 틀린 말 없지 양성평등 교육인데 꿀 빠는 새끼들이 떠벌리면 뭐가 도움 되겠냐고 사실 논리적으로 설득이 가능하면 선생님이 저렇게 당할 것도 없음 한국 페미니즘의 논리 자 체가 급식들이 하는 도대체 이건 왜 이래요 수준의 질문에도 대답을 못하는 게 문제지 한국 페미니즘은 국가와 사회에 무임승차하겠다는 이기심으로 똘똘 뭉친 사익단체 그 이상도 이 하도 아님 정당성 명분 근거 아무것도 없으니까 애들이랑 기 싸움이나 하다 오는 거 지역으로 아이들한테 교육 들어야 될 상황꼴 좋다 낄낄낄낄빛 잼 민할 말 없죠선생이 한마디도 대답을 못했나 보네 그만큼  논리가 없거든 옳게 된 나라라는 게 이런 나라인 거지 대한민국의 미래들 오늘도 안 가셨네요 현 타 오면 당장 뒤 지시든가 그럼 페미 하나 줄고 교사 자리 하나 더 나 고 아주 세상 이득이 네페미 세뇌 교육 같은 거 까발려지면서 애들이 페미 교사들에 대한 반감 엄청날 듯 토마토 마 반감이 문제가 아니라 정상적인 사람들 입장에서는 정의 롭지 않은 거라서 보통 학생들은 납득하게  이야기하면 논리에 맞을 때는 수 긍하는데 저건 전혀 아니니까 반발이 아니라 자연스럽게 이게 뭔 개소리야 싶은 거지 양성평등 교육이 아니니까 저러지 뇌가 없나 학생 상대로도 탈탈 털리냐 맵다 하지만 올바르게 크고 있는 듯 오죽했음 선생님한테 저러겠냐 요즘 애들이 멍청한 줄 알아저기서도 기 싸움이란 표현 못 버리네 근데 애들 말이 틀린 거 하나도 없네 지가 뭐라고 양성평등 교육을 하고 있어 남자 교사 없으면 체육대회 자체가 안 돌아가는 주제에 무슨 그래서 논리적으로 학생에게 답을 해줘야 할 거 아냐 저러니 하나같이 옳은 소리만 하는 구만 선생이 메모해서 배워야지 초딩한테도 발리는 게 페미니즘 논리 진짜 미래가 밝다 우리나라의 미래가 밝다 남자 애덜 입장에선 열 받지 미래가 밝다
혈압주의 오늘자 민식이 법 활용하는 잼민이,태그를 지원하지 않는 브라우저입니다와 말이 안나 옴,근데 이 거 국민들이 해줘 해서 만든 법아님 솔로 부모는 있겠지만 그 밭에 그 씨앗 솔로 애미 애비 뒤진 것 같음 내가 봤을 땐 부모가 없나 진짜 죽 고 싶어서 저러나 개떼법 만들 때부터 개 같더니 어 휴 그 석들 때문에 삶이 너무 짜증난 다 수준 보니까 부모님들이 자랑스러워하실 듯 어린 나이에 불구되고 싶은 가본 데 소원 이뤄주고 싶네난 부모 교육과 법 잘못이라 보헬조선은 오늘도 평화롭습니다 걍 밀어버 리면 안 되나 저런 놈들와 민식이 부모가 먼 죄냐트 사랑 트 사랑 돌리는 거 맞지항상 말하지만 민식이가 제일 불쌍함 조롱의 아이콘 다됨 개씨 발롬 줘 패고 싶다 저런 거 보면 그냥 풀 악셀 밟아버리고 싶음 저럴 땐 브레이크 말고 엑셀을 밟아야지 저러다가 죽으면 자연사 지저거 안 된다고 외쳐도 니가 사람이냐 욕하면서 달려들던 애들 커뮤서도 널렸던 거 생각하면 대깨문이 달리 있는 게 아니라  그 추첨이라 해놓고 방영한 감성팔이 쇼 보고서도 찬성했던 애들 다 대깨문 임화질이 무슨 비디오테이프 시절 같네 고어한 영화 같은 아가리반으로 쪼개고 싶다 애미 애비씹민식이 법 밀어준 무지렁이 국민들을 탓해야지 말도 안 되는 비상식적인 법을 떼 법으로 쳐 밀어놓고 선 누굴 탓함 뒤져야 정신 차릴 듯 애새끼 사망 기 원스쿨존에선 저렇게 해도 무조권 유죄임와 근데 저건 리스크가 커 서 시도 한 쟤도 참 대단하다잼민이 민식이 만나러 가자 달려든 식그나마 이 앵글 화면 있으니 소송까지 끌고 가면 무죄 받을 수 있겠다만 이 화면 없었으면 킹식이 법 덕분에 무조건 범죄자 행 진짜 아오늘 계속 기분 좋다가 기분 개박 살남 개씨 발 좆 같은 법 국회의원은 국민들이 나 대신 니가 가서 법 만들고 잘해봐 라면서 뽑아준 거 아님 근데 씨 발 이 딴 법 만들라고 뽑아준 국민 새끼들 다 나 와개씨 발 국민들 의견 묻지도 않고 지맘대로 법 만든 국 개의원 새끼들 다 죽여뿌고 싶네 저런 시 발 새끼가 말 너무 이쁘게 하네 좀 더 거칠게 해도 돼 뛰어든 식이 양성하는 법 씨 발새끼 토 막쳐서 죽 여버리고 싶네 내가 지인 형님 한 분은 진짜 저런 비슷한 상황에서 버스 못 보고 가 다가 다리 아작 나서 평생 절름발이로 산 다잼민이 새끼들 교육 좀 잘 시키길 구글 기프티콘으로 현질하려고 요새 꼬 맹이들 저짓 많이 한다더라 달려든 식이가 어린이 보호구역 아니어도 적용됨잼민이년들 미래가 답이 없누좀 크게 다쳐봐야 저짓 안 하지 저기 주차한 차도 과실잡힐 듯 다들 메모장 켜라나 같으면 그냥 뒷자리에 태운 다 그 뒤는 알아서 운전자 입장에서 꼴 받는 다문 재 앙정보 민식이는 시 속 이하의 속도로 운전하는 차량에 치였다 정보 민식이 법을 발의 한 더민주당 강훈식 의원은 무면허 운전으로 벌금  만 원을 선 고 받은 적이 있다 무야호 저런 좆병신 새끼는 그냥 빠 따로 대가리 깨야지 감성 청원 넣어가며 석 차지한 민좆당 밀어준 청구서 돌아오는 거지 뭐 최악이 네 민식이 법 어떻게 애가 저렇게 하고 노냐쟤는 타이어에 말려들어갈 크기 아닌가 로 죽고 싶은 가보네 진짜 좇식이 달려든 식이 할 말을 잃었다 시 발인민재판식으로 만든 법에 뭘 바람 다들 그 때의 격양된 감정에만 휘둘려서  국개들이 또 법 바로 만들어주고 민식이 부모가 똑같이 당해야 해 당하면 지들도 쌍욕밖 고 억울하다 하겠지 달려든 식이 자전거 탄식이 킥보드 탄식이나 엿으면 저 차단 조금 빠르게 가서 즈려 밟고 멈출거 같다 저런 시 발놈이 저 때 민식이 가 니 가족이라고 생각해봐라면서 니 가족충들 오지게 많았지 감성에 의존한 떼법의 결과가 민식이 법임보배드림니들이 만드는데 일조했자 너 에 이 시 팔리얼 달려든 식이 네스마트폰 사고 싶었니 민식이 부모가 왜 맘이 아픔 되도 않는 소리 하고 있네 진짜 진짜 차에 밟혀봐야 정신차리지 이건 내려서 개쌍욕 쳐박아 야됨저 차가 음주운전하는 차였으면 아니면 핸드폰 보면서 운전하는 사람이었으면 얼마나 좋았을까 그냥 그대로 밀어버리지 내 생각엔 민식이 법은 둘째 치고 사고 났을 때 불법 주차한 새끼한 테 과 실 쎄게 물리면 사고 건수 자체가 줄어들 듯 불법 주차는 불법주차에 대한 과실만 물고 저건 잼민이 럼한테던 부모한테 물어야지 불법주차 없었어도 지나가다 뛰어들 새끼구만 절대적 사고 건수가 줄어든 단 뜻임 불법 주차에 대한 처벌을 따로 강화하면 강화했지 그걸 불법 주차에 과실을 쎄 게 무는 건 오바 아닌가 길거리에서 불법 노점으로 칼장수가 칼파는 데 그 칼로 칼부림났다고 칼 장수한테 뒤집에 씌우는 꼴이건 걍 갈려서 뒤져도 무죄 줘 야지 꼬맹 아 너 그러다 법 안 지키는 사람한테 걸리면 그냥 하늘나라 간 다 너무 어이없고 화가 나서 할 말 조차 없다 저런 새끼들은 반병신 되서 평생 고생 받아야 되는데
